CBOM,D,20150701,000000,3.6270000,3.7400000,3.6240000,3.6800000,21990500
CBOM,D,20150702,000000,3.8000000,3.8000000,3.6240000,3.6455000,27706400
CBOM,D,20150703,000000,3.7250000,3.7250000,3.6315000,3.6370000,38211200
CBOM,D,20150706,000000,3.6405000,3.6700000,3.6400000,3.6700000,8407400
CBOM,D,20150707,000000,3.6600000,3.6600000,3.6310000,3.6310000,30483700
CBOM,D,20150708,000000,3.6205000,3.6600000,3.6205000,3.6490000,40402100
CBOM,D,20150709,000000,3.6250000,3.6500000,3.6250000,3.6500000,34680400
CBOM,D,20150710,000000,3.6580000,3.6580000,3.6320000,3.6500000,26880100
CBOM,D,20150713,000000,3.6980000,3.6980000,3.6420000,3.6545000,35973700
CBOM,D,20150714,000000,3.6450000,3.6585000,3.6415000,3.6525000,53277400
CBOM,D,20150715,000000,3.6260000,3.6560000,3.6200000,3.6560000,39678800
CBOM,D,20150716,000000,3.6395000,3.6830000,3.6390000,3.6760000,29569700
CBOM,D,20150717,000000,3.6710000,3.6745000,3.6690000,3.6690000,1965400
CBOM,D,20150720,000000,3.6625000,3.6640000,3.6560000,3.6625000,21393200
CBOM,D,20150721,000000,3.6710000,3.6770000,3.6600000,3.6770000,24115300
CBOM,D,20150722,000000,3.6730000,3.6745000,3.6700000,3.6700000,20346500
CBOM,D,20150723,000000,3.6730000,3.6770000,3.6730000,3.6770000,18397000
CBOM,D,20150724,000000,3.6685000,3.6765000,3.6685000,3.6700000,7360700
CBOM,D,20150727,000000,3.6210000,3.6870000,3.6210000,3.6745000,4616200
CBOM,D,20150728,000000,3.6655000,3.6655000,3.6605000,3.6605000,18695500
CBOM,D,20150729,000000,3.6635000,3.6645000,3.6550000,3.6550000,9490200
CBOM,D,20150730,000000,3.6655000,3.6720000,3.6550000,3.6720000,8562700
CBOM,D,20150731,000000,3.6750000,3.6750000,3.6700000,3.6745000,16101500
CBOM,D,20150803,000000,3.6700000,3.6700000,3.6565000,3.6595000,574500
CBOM,D,20150804,000000,3.6470000,3.6695000,3.6390000,3.6390000,178300
CBOM,D,20150805,000000,3.6350000,3.6555000,3.6350000,3.6350000,138000
CBOM,D,20150806,000000,3.6350000,3.6355000,3.6300000,3.6300000,43800
CBOM,D,20150807,000000,3.6645000,3.6900000,3.6550000,3.6550000,3886600
CBOM,D,20150810,000000,3.6550000,3.6700000,3.6550000,3.6550000,20200
CBOM,D,20150811,000000,3.6560000,3.6915000,3.6560000,3.6600000,16117700
CBOM,D,20150812,000000,3.6795000,3.6875000,3.6650000,3.6800000,13190600
CBOM,D,20150813,000000,3.6895000,3.6905000,3.6895000,3.6905000,5002100
CBOM,D,20150814,000000,3.6800000,3.6905000,3.6750000,3.6750000,6384100
CBOM,D,20150817,000000,3.6890000,3.6910000,3.6890000,3.6910000,6001100
CBOM,D,20150818,000000,3.6890000,3.6910000,3.6650000,3.6650000,8098200
CBOM,D,20150819,000000,3.6600000,3.6600000,3.6600000,3.6600000,200
CBOM,D,20150820,000000,3.6650000,3.6650000,3.6650000,3.6650000,54500
CBOM,D,20150821,000000,3.6555000,3.6555000,3.6500000,3.6500000,190000
CBOM,D,20150824,000000,3.6500000,3.6545000,3.6200000,3.6205000,1015200
CBOM,D,20150825,000000,3.6385000,3.6385000,3.6200000,3.6200000,577300
CBOM,D,20150826,000000,3.6255000,3.6500000,3.6250000,3.6250000,11300
CBOM,D,20150827,000000,3.6265000,3.6450000,3.6265000,3.6450000,9000700
CBOM,D,20150828,000000,3.6610000,3.6610000,3.6250000,3.6500000,9001800
CBOM,D,20150831,000000,3.6440000,3.6465000,3.6435000,3.6455000,6700300
CBOM,D,20150901,000000,3.6450000,3.6455000,3.6300000,3.6300000,194100
CBOM,D,20150902,000000,3.6395000,3.6400000,3.6395000,3.6400000,29100
CBOM,D,20150903,000000,3.6500000,3.6500000,3.6500000,3.6500000,140000
CBOM,D,20150904,000000,3.6500000,3.6520000,3.6350000,3.6520000,2262400
CBOM,D,20150907,000000,3.6360000,3.6360000,3.6350000,3.6350000,27600
CBOM,D,20150908,000000,3.6595000,3.6600000,3.6355000,3.6355000,700
CBOM,D,20150909,000000,3.6575000,3.6600000,3.6400000,3.6600000,9009100
CBOM,D,20150910,000000,3.6360000,3.6360000,3.6350000,3.6350000,27700
CBOM,D,20150911,000000,3.6350000,3.6600000,3.6350000,3.6350000,200400
CBOM,D,20150914,000000,3.6170000,3.6500000,3.6170000,3.6500000,141200
CBOM,D,20150915,000000,3.6500000,3.6800000,3.6500000,3.6800000,4088200
CBOM,D,20150916,000000,3.6600000,3.6600000,3.6600000,3.6600000,13900
CBOM,D,20150917,000000,3.6350000,3.6350000,3.6350000,3.6350000,27600
CBOM,D,20150918,000000,3.6700000,3.6700000,3.6700000,3.6700000,100
CBOM,D,20150921,000000,3.6605000,3.6605000,3.6600000,3.6600000,10200
CBOM,D,20150922,000000,3.6500000,3.6500000,3.6450000,3.6455000,13900
CBOM,D,20150923,000000,3.6595000,3.6600000,3.6595000,3.6600000,27600
CBOM,D,20150924,000000,3.6900000,3.6900000,3.6600000,3.6600000,28700
CBOM,D,20150925,000000,3.6650000,3.6655000,3.6650000,3.6655000,30100
CBOM,D,20150928,000000,3.7065000,3.7070000,3.6800000,3.6800000,23200
CBOM,D,20150929,000000,3.6900000,3.6900000,3.6900000,3.6900000,200
CBOM,D,20150930,000000,3.7000000,3.7040000,3.7000000,3.7040000,600
CBOM,D,20151001,000000,3.7000000,3.7000000,3.7000000,3.7000000,400
CBOM,D,20151002,000000,3.7315000,3.7320000,3.7100000,3.7320000,80600
CBOM,D,20151005,000000,3.7370000,3.7370000,3.7100000,3.7295000,84200
CBOM,D,20151006,000000,3.7350000,3.7400000,3.7350000,3.7355000,66200
CBOM,D,20151007,000000,3.7160000,3.7160000,3.7150000,3.7150000,103300
CBOM,D,20151008,000000,3.7150000,3.7440000,3.7150000,3.7300000,78100
CBOM,D,20151009,000000,3.7305000,3.7480000,3.7300000,3.7480000,23600
CBOM,D,20151012,000000,3.7325000,3.7640000,3.7320000,3.7320000,85700
CBOM,D,20151013,000000,3.7475000,3.7480000,3.7450000,3.7480000,106100
CBOM,D,20151014,000000,3.7325000,3.7400000,3.7320000,3.7400000,270700
CBOM,D,20151015,000000,3.7305000,3.7560000,3.7300000,3.7560000,71000
CBOM,D,20151016,000000,3.7590000,3.7590000,3.7400000,3.7500000,877400
CBOM,D,20151019,000000,3.7300000,3.7550000,3.7200000,3.7550000,610700
CBOM,D,20151020,000000,3.7750000,3.7960000,3.7750000,3.7960000,781100
CBOM,D,20151021,000000,3.7800000,3.7900000,3.7800000,3.7900000,791700
CBOM,D,20151022,000000,3.7940000,3.7960000,3.7800000,3.7960000,573200
CBOM,D,20151023,000000,3.7840000,3.7960000,3.7840000,3.7960000,985900
CBOM,D,20151026,000000,3.7950000,3.7950000,3.7900000,3.7950000,764900
CBOM,D,20151027,000000,3.7900000,3.7900000,3.7500000,3.7600000,3118900
CBOM,D,20151028,000000,3.7660000,3.7700000,3.7660000,3.7700000,632500
CBOM,D,20151029,000000,3.7550000,3.7600000,3.7240000,3.7300000,9511300
CBOM,D,20151030,000000,3.7550000,3.7560000,3.7550000,3.7560000,267700
CBOM,D,20151102,000000,3.7500000,3.7700000,3.7500000,3.7700000,345100
CBOM,D,20151103,000000,3.7700000,3.7700000,3.7700000,3.7700000,815600
CBOM,D,20151105,000000,3.7750000,3.7750000,3.7450000,3.7700000,716100
CBOM,D,20151106,000000,3.7650000,3.7650000,3.7650000,3.7650000,539400
CBOM,D,20151109,000000,3.7500000,3.7500000,3.7500000,3.7500000,700000
CBOM,D,20151110,000000,3.7300000,3.7450000,3.7300000,3.7450000,700300
CBOM,D,20151111,000000,3.7300000,3.7400000,3.7300000,3.7400000,500500
CBOM,D,20151112,000000,3.7550000,3.7550000,3.7550000,3.7550000,492800
CBOM,D,20151113,000000,3.7600000,4.8950000,3.7600000,3.7800000,6419800
CBOM,D,20151116,000000,3.7800000,3.8000000,3.7750000,3.7750000,428000
CBOM,D,20151117,000000,3.7800000,3.8100000,3.7750000,3.8100000,232200
CBOM,D,20151118,000000,3.8050000,3.8050000,3.7750000,3.7950000,433200
CBOM,D,20151119,000000,3.7750000,3.8100000,3.7500000,3.7800000,6523100
CBOM,D,20151120,000000,3.8000000,3.8000000,3.7700000,3.7950000,368300
CBOM,D,20151123,000000,3.7700000,3.7750000,3.7650000,3.7750000,506100
CBOM,D,20151124,000000,3.7750000,3.7850000,3.7650000,3.7800000,865400
CBOM,D,20151125,000000,3.7700000,3.7950000,3.7700000,3.7950000,1480000
CBOM,D,20151126,000000,3.7950000,3.9500000,3.7750000,3.8500000,3553100
CBOM,D,20151127,000000,3.8900000,3.9500000,3.8500000,3.9100000,5360800
CBOM,D,20151130,000000,3.8850000,3.9800000,3.8300000,3.8300000,6675800
CBOM,D,20151201,000000,3.8750000,3.8750000,3.8200000,3.8500000,1291800
CBOM,D,20151202,000000,3.8400000,3.8450000,3.8150000,3.8400000,670300
CBOM,D,20151203,000000,3.8200000,3.8400000,3.8050000,3.8050000,2089500
CBOM,D,20151204,000000,3.8150000,3.8300000,3.8150000,3.8150000,631700
CBOM,D,20151207,000000,3.8150000,3.8400000,3.8150000,3.8400000,732400
CBOM,D,20151208,000000,3.7800000,3.8400000,3.7500000,3.8400000,1007200
CBOM,D,20151209,000000,3.8350000,3.8600000,3.8350000,3.8350000,950400
CBOM,D,20151210,000000,3.8200000,3.8400000,3.8150000,3.8250000,525000
CBOM,D,20151211,000000,3.8350000,3.8400000,3.8200000,3.8250000,3235100
CBOM,D,20151214,000000,3.8400000,3.8400000,3.8100000,3.8250000,2757600
CBOM,D,20151215,000000,3.8250000,3.8400000,3.8100000,3.8400000,4398600
CBOM,D,20151216,000000,3.8350000,3.8500000,3.8200000,3.8500000,4972200
CBOM,D,20151217,000000,3.8150000,3.8150000,3.6700000,3.6800000,323200
CBOM,D,20151218,000000,3.6800000,3.6850000,3.6650000,3.6850000,22500
CBOM,D,20151221,000000,3.6950000,3.6950000,3.6700000,3.6700000,102900
CBOM,D,20151222,000000,3.6800000,3.6950000,3.6750000,3.6750000,302100
CBOM,D,20151223,000000,3.6900000,3.6900000,3.6700000,3.6700000,128600
CBOM,D,20151224,000000,3.6800000,3.6900000,3.6700000,3.6850000,3459600
CBOM,D,20151225,000000,3.6800000,3.7500000,3.6800000,3.7500000,1646300
CBOM,D,20151228,000000,3.6900000,3.7650000,3.6750000,3.7300000,1676700
CBOM,D,20151229,000000,3.6800000,3.7700000,3.6800000,3.7700000,4467400
CBOM,D,20151230,000000,3.7700000,3.8000000,3.7700000,3.8000000,1591700
CBOM,D,20160104,000000,3.7800000,3.9500000,3.7800000,3.9300000,5916200
CBOM,D,20160105,000000,3.8650000,3.8950000,3.8650000,3.8650000,115100
CBOM,D,20160106,000000,3.8850000,3.8850000,3.8700000,3.8850000,1484000
CBOM,D,20160111,000000,3.7850000,3.9000000,3.7850000,3.8750000,1878700
CBOM,D,20160112,000000,3.8500000,3.8600000,3.8200000,3.8200000,1008200
CBOM,D,20160113,000000,3.8200000,3.8200000,3.7500000,3.7700000,6452900
CBOM,D,20160114,000000,3.7650000,3.7700000,3.7500000,3.7500000,890400
CBOM,D,20160115,000000,3.7700000,3.7700000,3.7400000,3.7400000,1282500
CBOM,D,20160118,000000,3.7300000,3.7500000,3.7250000,3.7400000,574600
CBOM,D,20160119,000000,3.7550000,3.7650000,3.7300000,3.7300000,446300
CBOM,D,20160120,000000,3.7250000,3.7550000,3.7250000,3.7350000,405600
CBOM,D,20160121,000000,3.7450000,3.7600000,3.7400000,3.7400000,512700
CBOM,D,20160122,000000,3.7500000,3.7650000,3.7400000,3.7400000,250500
CBOM,D,20160125,000000,3.7500000,3.7600000,3.7500000,3.7500000,603200
CBOM,D,20160126,000000,3.7650000,3.7650000,3.7400000,3.7450000,533100
CBOM,D,20160127,000000,3.7400000,3.7500000,3.7200000,3.7400000,13278000
CBOM,D,20160128,000000,3.7450000,3.7550000,3.7450000,3.7450000,706500
CBOM,D,20160129,000000,3.7450000,3.7600000,3.7450000,3.7600000,431100
CBOM,D,20160201,000000,3.7550000,3.7750000,3.7550000,3.7700000,420600
CBOM,D,20160202,000000,3.7700000,3.7700000,3.7600000,3.7650000,411400
CBOM,D,20160203,000000,3.7600000,3.7750000,3.7600000,3.7700000,467400
CBOM,D,20160204,000000,3.7600000,3.7800000,3.7550000,3.7650000,338100
CBOM,D,20160205,000000,3.7600000,3.7700000,3.7550000,3.7600000,418100
CBOM,D,20160208,000000,3.7700000,3.7750000,3.7500000,3.7550000,337400
CBOM,D,20160209,000000,3.7650000,3.7650000,3.7400000,3.7400000,493900
CBOM,D,20160210,000000,3.7550000,3.7550000,3.7350000,3.7400000,354700
CBOM,D,20160211,000000,3.7600000,3.7650000,3.7350000,3.7650000,2672300
CBOM,D,20160212,000000,3.7350000,3.7750000,3.7300000,3.7750000,3552300
CBOM,D,20160215,000000,3.7550000,3.7800000,3.7450000,3.7800000,4023200
CBOM,D,20160216,000000,3.7550000,3.7750000,3.7300000,3.7750000,3079400
CBOM,D,20160217,000000,3.7800000,3.7800000,3.7600000,3.7800000,3824700
CBOM,D,20160218,000000,3.7950000,3.8000000,3.7500000,3.8000000,4923000
CBOM,D,20160219,000000,3.8000000,3.8050000,3.7650000,3.8050000,2660000
CBOM,D,20160220,000000,3.7950000,3.8000000,3.7650000,3.7650000,4500
CBOM,D,20160222,000000,3.8000000,3.8050000,3.8000000,3.8050000,200
CBOM,D,20160224,000000,3.8000000,3.8000000,3.7450000,3.7500000,1316900
CBOM,D,20160225,000000,3.7500000,3.7800000,3.7250000,3.7800000,2224800
CBOM,D,20160226,000000,3.7850000,3.7900000,3.7400000,3.7850000,2274700
CBOM,D,20160229,000000,3.8000000,3.8000000,3.5000000,3.6200000,26995000
CBOM,D,20160301,000000,3.6600000,3.7450000,3.6400000,3.7450000,12535400
CBOM,D,20160302,000000,3.7500000,3.7800000,3.7150000,3.7800000,547700
CBOM,D,20160303,000000,3.7800000,3.7950000,3.7750000,3.7850000,1323000
CBOM,D,20160304,000000,3.7800000,3.8250000,3.7750000,3.8050000,1613400
CBOM,D,20160307,000000,3.8150000,3.8150000,3.7800000,3.8000000,15700
CBOM,D,20160309,000000,3.8050000,3.8400000,3.8050000,3.8400000,1416400
CBOM,D,20160310,000000,3.8450000,3.8500000,3.8250000,3.8250000,1584800
CBOM,D,20160311,000000,3.8550000,3.8550000,3.8000000,3.8500000,1150900
CBOM,D,20160314,000000,3.8100000,3.8600000,3.8000000,3.8600000,1264500
CBOM,D,20160315,000000,3.8600000,3.8700000,3.8550000,3.8700000,1867900
CBOM,D,20160316,000000,3.8400000,3.8650000,3.8400000,3.8500000,964900
CBOM,D,20160317,000000,3.8700000,3.8750000,3.8450000,3.8700000,1764600
CBOM,D,20160318,000000,3.8750000,3.8750000,3.8600000,3.8650000,1700600
CBOM,D,20160321,000000,3.8600000,3.8700000,3.8350000,3.8700000,1418600
CBOM,D,20160322,000000,3.8700000,3.8700000,3.7950000,3.7950000,3322800
CBOM,D,20160323,000000,3.8200000,3.8500000,3.7950000,3.8250000,5094700
CBOM,D,20160324,000000,3.8250000,3.8550000,3.8000000,3.8100000,5496100
CBOM,D,20160325,000000,3.8450000,3.8500000,3.7800000,3.8200000,7463400
CBOM,D,20160328,000000,3.8600000,3.8600000,3.7800000,3.8050000,12392400
CBOM,D,20160329,000000,3.8250000,3.8550000,3.7850000,3.8550000,9189800
CBOM,D,20160330,000000,3.8550000,3.8700000,3.8150000,3.8700000,13249000
CBOM,D,20160331,000000,3.7950000,3.8800000,3.7050000,3.8800000,3369100
CBOM,D,20160401,000000,3.8800000,3.8900000,3.8600000,3.8650000,3634400
CBOM,D,20160404,000000,3.8800000,3.8800000,3.8350000,3.8650000,1867900
CBOM,D,20160405,000000,3.8650000,3.8650000,3.7700000,3.8200000,8590900
CBOM,D,20160406,000000,3.8350000,3.8650000,3.8100000,3.8400000,4098100
CBOM,D,20160407,000000,3.8450000,3.9050000,3.8450000,3.9050000,5991900
CBOM,D,20160408,000000,3.8800000,3.9050000,3.8750000,3.8750000,1554300
CBOM,D,20160411,000000,3.8950000,3.9050000,3.8700000,3.8700000,1498800
CBOM,D,20160412,000000,3.8750000,3.9200000,3.8700000,3.8700000,570700
CBOM,D,20160413,000000,3.8700000,3.8900000,3.8550000,3.8700000,1239700
CBOM,D,20160414,000000,3.8800000,3.8800000,3.8600000,3.8750000,2054100
CBOM,D,20160415,000000,3.8850000,3.9250000,3.8850000,3.9250000,933700
CBOM,D,20160418,000000,3.9250000,3.9500000,3.8550000,3.9000000,789200
CBOM,D,20160419,000000,3.9000000,3.9450000,3.9000000,3.9150000,47162200
CBOM,D,20160420,000000,3.9250000,3.9350000,3.8850000,3.9050000,975900
CBOM,D,20160421,000000,3.9050000,3.9350000,3.8750000,3.9100000,995500
CBOM,D,20160422,000000,3.9100000,3.9200000,3.8850000,3.9100000,1117900
CBOM,D,20160425,000000,3.9250000,3.9350000,3.9000000,3.9200000,1131800
CBOM,D,20160426,000000,3.8900000,3.9400000,3.8800000,3.9150000,2467000
CBOM,D,20160427,000000,3.9100000,3.9300000,3.9000000,3.9300000,1002300
CBOM,D,20160428,000000,3.9250000,3.9450000,3.8950000,3.9050000,2559600
CBOM,D,20160429,000000,3.9150000,3.9350000,3.9000000,3.9200000,926400
CBOM,D,20160504,000000,3.9150000,3.9450000,3.9050000,3.9250000,975800
CBOM,D,20160505,000000,3.9350000,3.9350000,3.9050000,3.9150000,477300
CBOM,D,20160506,000000,3.9250000,3.9450000,3.9100000,3.9300000,1077000
CBOM,D,20160510,000000,3.9450000,3.9550000,3.9050000,3.9150000,1171600
CBOM,D,20160511,000000,3.9000000,3.9350000,3.9000000,3.9300000,936600
CBOM,D,20160512,000000,3.9250000,3.9650000,3.9150000,3.9650000,1087200
CBOM,D,20160513,000000,3.9800000,3.9800000,3.9350000,3.9800000,1050000
CBOM,D,20160516,000000,4.0200000,4.0200000,3.9550000,3.9950000,1967100
CBOM,D,20160517,000000,4.0000000,4.0350000,3.9800000,3.9800000,965500
CBOM,D,20160518,000000,3.9900000,3.9900000,3.9600000,3.9650000,791200
CBOM,D,20160519,000000,3.9800000,3.9800000,3.9500000,3.9700000,1135900
CBOM,D,20160520,000000,4.0200000,4.0300000,3.9750000,3.9950000,3689800
CBOM,D,20160523,000000,3.9950000,4.0150000,3.9700000,3.9850000,2441500
CBOM,D,20160524,000000,3.9950000,3.9950000,3.9450000,3.9900000,2680200
CBOM,D,20160525,000000,3.9950000,4.0100000,3.9900000,4.0000000,802600
CBOM,D,20160526,000000,4.0000000,4.0350000,3.9900000,4.0000000,1626700
CBOM,D,20160527,000000,4.0050000,4.0550000,3.8250000,3.9400000,2436900
CBOM,D,20160530,000000,3.9550000,3.9550000,3.8900000,3.9050000,1771300
CBOM,D,20160531,000000,3.9000000,3.9550000,3.8550000,3.9100000,2824800
CBOM,D,20160601,000000,3.8850000,3.9050000,3.8350000,3.9050000,2078200
CBOM,D,20160602,000000,3.9550000,3.9950000,3.9450000,3.9450000,2132200
CBOM,D,20160603,000000,3.9900000,3.9900000,3.9400000,3.9750000,1305400
CBOM,D,20160606,000000,3.9950000,4.0000000,3.9650000,3.9950000,1501400
CBOM,D,20160607,000000,3.9900000,4.0450000,3.9850000,4.0450000,1266500
CBOM,D,20160608,000000,4.0400000,4.0650000,4.0250000,4.0350000,1323600
CBOM,D,20160609,000000,4.0450000,4.0450000,3.9950000,4.0100000,16801900
CBOM,D,20160610,000000,4.0100000,4.0100000,3.9600000,3.9800000,1466000
CBOM,D,20160614,000000,3.9900000,4.0100000,3.9450000,3.9550000,855200
CBOM,D,20160615,000000,3.9450000,3.9750000,3.9400000,3.9550000,871200
CBOM,D,20160616,000000,3.9800000,3.9900000,3.9350000,3.9450000,866300
CBOM,D,20160617,000000,3.9750000,3.9800000,3.9400000,3.9500000,143586200
CBOM,D,20160620,000000,3.9700000,4.0000000,3.9600000,3.9700000,1328900
CBOM,D,20160621,000000,4.0150000,4.4000000,3.9500000,3.9550000,613100
CBOM,D,20160622,000000,3.9650000,3.9750000,3.9500000,3.9550000,906100
CBOM,D,20160623,000000,3.9600000,3.9750000,3.9450000,3.9650000,92441400
CBOM,D,20160624,000000,3.9350000,3.9550000,3.9000000,3.9200000,618200
CBOM,D,20160627,000000,3.9350000,3.9600000,3.9350000,3.9500000,673000
CBOM,D,20160628,000000,3.9600000,3.9600000,3.9350000,3.9550000,513300
CBOM,D,20160629,000000,3.9400000,3.9900000,3.9400000,3.9850000,632900
CBOM,D,20160630,000000,4.0050000,4.0050000,3.9750000,3.9800000,28159300
CBOM,D,20160701,000000,3.9900000,4.0050000,3.9900000,3.9950000,12610400
CBOM,D,20160704,000000,3.9950000,4.0050000,3.9900000,4.0050000,632300
CBOM,D,20160705,000000,4.0050000,4.0050000,3.9750000,3.9750000,485300
CBOM,D,20160706,000000,3.9900000,3.9950000,3.9600000,3.9600000,641400
CBOM,D,20160707,000000,3.9750000,3.9850000,3.9600000,3.9850000,616200
CBOM,D,20160708,000000,3.9850000,4.0100000,3.9850000,4.0100000,580800
CBOM,D,20160711,000000,4.0100000,4.0450000,3.9950000,3.9950000,3087100
CBOM,D,20160712,000000,3.9950000,4.0350000,3.9950000,4.0350000,750600
CBOM,D,20160713,000000,4.0350000,4.0450000,4.0000000,4.0150000,1840100
CBOM,D,20160714,000000,4.0450000,4.0500000,3.9700000,3.9800000,2130500
CBOM,D,20160715,000000,4.0000000,4.0000000,3.9500000,3.9700000,112727100
CBOM,D,20160718,000000,3.9850000,3.9850000,3.9400000,3.9550000,1716900
CBOM,D,20160719,000000,3.9700000,3.9700000,3.9150000,3.9200000,1337200
CBOM,D,20160720,000000,3.9700000,3.9700000,3.9000000,3.9200000,2022200
CBOM,D,20160721,000000,3.9400000,3.9600000,3.8950000,3.9500000,3808500
CBOM,D,20160722,000000,3.9650000,3.9900000,3.9500000,3.9700000,2954300
CBOM,D,20160725,000000,3.9900000,4.0000000,3.9700000,3.9850000,1680400
CBOM,D,20160726,000000,4.0000000,4.0000000,3.9700000,3.9750000,1967700
CBOM,D,20160727,000000,3.9900000,3.9900000,3.9600000,3.9750000,1337600
CBOM,D,20160728,000000,3.9700000,4.0100000,3.9650000,4.0100000,1869600
CBOM,D,20160729,000000,4.0100000,4.0250000,3.9800000,3.9800000,1459500
CBOM,D,20160801,000000,3.9950000,4.0250000,3.9750000,3.9850000,1447800
CBOM,D,20160802,000000,4.0050000,4.0050000,3.9300000,3.9400000,1167000
CBOM,D,20160803,000000,3.9600000,3.9600000,3.9200000,3.9300000,922900
CBOM,D,20160804,000000,3.9600000,3.9700000,3.9250000,3.9400000,443500
CBOM,D,20160805,000000,3.9450000,3.9650000,3.9250000,3.9350000,400600
CBOM,D,20160808,000000,3.9400000,3.9550000,3.9300000,3.9500000,568500
CBOM,D,20160809,000000,3.9550000,3.9600000,3.9300000,3.9500000,1294200
CBOM,D,20160810,000000,3.9500000,3.9500000,3.9150000,3.9150000,953800
CBOM,D,20160811,000000,3.9350000,3.9350000,3.8850000,3.9250000,1008500
CBOM,D,20160812,000000,3.8950000,3.9250000,3.8750000,3.9250000,2137600
CBOM,D,20160815,000000,3.9200000,3.9300000,3.8950000,3.9200000,8646900
CBOM,D,20160816,000000,3.9150000,3.9200000,3.8600000,3.9100000,11402300
CBOM,D,20160817,000000,3.9150000,3.9400000,3.8900000,3.9050000,4866600
CBOM,D,20160818,000000,3.9350000,3.9750000,3.9000000,3.9650000,4888300
CBOM,D,20160819,000000,3.9500000,4.1000000,3.9500000,4.0400000,6717000
CBOM,D,20160822,000000,4.0450000,4.1600000,4.0350000,4.1500000,2354900
CBOM,D,20160823,000000,4.1600000,4.1700000,4.1250000,4.1550000,1165900
CBOM,D,20160824,000000,4.1550000,4.1650000,4.1250000,4.1250000,863600
CBOM,D,20160825,000000,4.1600000,4.1600000,4.1050000,4.1450000,768200
CBOM,D,20160826,000000,4.1550000,4.1850000,4.1300000,4.1600000,873300
CBOM,D,20160829,000000,4.1650000,4.1700000,4.1200000,4.1450000,1047600
CBOM,D,20160830,000000,4.1450000,4.2000000,4.1400000,4.1550000,1066000
CBOM,D,20160831,000000,4.1600000,4.2000000,4.1250000,4.1300000,866900
CBOM,D,20160901,000000,4.1300000,4.1600000,4.1100000,4.1600000,1659700
CBOM,D,20160902,000000,4.1650000,4.2050000,4.1500000,4.2050000,2807800
CBOM,D,20160905,000000,4.2100000,4.2500000,4.2050000,4.2500000,1233400
CBOM,D,20160906,000000,4.2450000,4.2750000,4.2450000,4.2600000,838200
CBOM,D,20160907,000000,4.2600000,4.3000000,4.2600000,4.2600000,1539200
CBOM,D,20160908,000000,4.2800000,4.3200000,4.2750000,4.2850000,1468800
CBOM,D,20160909,000000,4.2900000,4.3400000,4.2550000,4.2600000,795900
CBOM,D,20160912,000000,4.2600000,4.2600000,4.2000000,4.2350000,1005500
CBOM,D,20160913,000000,4.2400000,4.2450000,4.1950000,4.1950000,4266500
CBOM,D,20160914,000000,4.2050000,4.2300000,4.1800000,4.1950000,2632400
CBOM,D,20160915,000000,4.1850000,4.2100000,4.1650000,4.1750000,1226800
CBOM,D,20160916,000000,4.1800000,4.2150000,4.1600000,4.1850000,1483700
CBOM,D,20160919,000000,4.1900000,4.2200000,4.1900000,4.1950000,1432500
CBOM,D,20160920,000000,4.1900000,4.2150000,4.1750000,4.2050000,884600
CBOM,D,20160921,000000,4.2000000,4.2250000,4.1850000,4.1950000,909700
CBOM,D,20160922,000000,4.2100000,4.2700000,4.2000000,4.2700000,1874600
CBOM,D,20160923,000000,4.2750000,4.2800000,4.2250000,4.2400000,2045800
CBOM,D,20160926,000000,4.2250000,4.2600000,4.2100000,4.2150000,1541500
CBOM,D,20160927,000000,4.2250000,4.2500000,4.2100000,4.2200000,1822600
CBOM,D,20160928,000000,4.2250000,4.2500000,4.2150000,4.2400000,969800
CBOM,D,20160929,000000,4.2450000,4.2950000,4.2400000,4.2950000,1557900
CBOM,D,20160930,000000,4.2900000,4.2900000,4.2400000,4.2500000,1950500
CBOM,D,20161003,000000,4.2500000,4.3100000,4.2400000,4.3000000,1710200
CBOM,D,20161004,000000,4.3150000,4.3150000,4.2500000,4.2950000,1097200
CBOM,D,20161005,000000,4.2700000,4.2750000,4.2400000,4.2500000,1370400
CBOM,D,20161006,000000,4.2450000,4.2750000,4.2150000,4.2500000,1636800
CBOM,D,20161007,000000,4.2650000,4.2750000,4.2400000,4.2600000,434300
CBOM,D,20161010,000000,4.2550000,4.2850000,4.2400000,4.2800000,2063800
CBOM,D,20161011,000000,4.2750000,4.3200000,4.2650000,4.3050000,1812300
CBOM,D,20161012,000000,4.2950000,4.3100000,4.2600000,4.2900000,1670700
CBOM,D,20161013,000000,4.2850000,4.2900000,4.2400000,4.2400000,3443800
CBOM,D,20161014,000000,4.2450000,4.2850000,4.2300000,4.2400000,1262000
CBOM,D,20161017,000000,4.2500000,4.2500000,4.2050000,4.2100000,5274200
CBOM,D,20161018,000000,4.2150000,4.2300000,4.1850000,4.2100000,2562100
CBOM,D,20161019,000000,4.2050000,4.2150000,4.1650000,4.1700000,3473600
CBOM,D,20161020,000000,4.2050000,4.2050000,4.1400000,4.1500000,3433300
CBOM,D,20161021,000000,4.1550000,4.1600000,4.1350000,4.1550000,766600
CBOM,D,20161024,000000,4.1550000,4.1700000,4.1400000,4.1600000,2863500
CBOM,D,20161025,000000,4.1650000,4.1950000,4.1500000,4.1850000,2431700
CBOM,D,20161026,000000,4.1800000,4.1950000,4.1750000,4.1900000,1204800
CBOM,D,20161027,000000,4.1950000,4.2250000,4.1650000,4.2150000,2387700
CBOM,D,20161028,000000,4.2200000,4.2700000,4.1900000,4.2500000,1681100
CBOM,D,20161031,000000,4.2450000,4.2800000,4.2250000,4.2750000,2369800
CBOM,D,20161101,000000,4.2780000,4.3040000,4.2530000,4.2920000,2331300
CBOM,D,20161102,000000,4.3000000,4.3080000,4.2400000,4.2400000,3513700
CBOM,D,20161103,000000,4.2270000,4.2790000,4.2270000,4.2450000,2952600
CBOM,D,20161107,000000,4.2650000,4.2690000,4.2150000,4.2500000,2038200
CBOM,D,20161108,000000,4.2530000,4.3100000,4.2310000,4.3100000,4201300
CBOM,D,20161109,000000,4.3020000,4.3730000,4.2900000,4.3650000,4905300
CBOM,D,20161110,000000,4.3690000,4.4650000,4.3220000,4.4590000,3518300
CBOM,D,20161111,000000,4.4540000,4.4650000,4.4190000,4.4530000,4444400
CBOM,D,20161114,000000,4.4360000,4.4360000,4.3700000,4.3750000,10686500
CBOM,D,20161115,000000,4.3830000,4.3900000,4.3350000,4.3500000,4663100
CBOM,D,20161116,000000,4.3420000,4.3670000,4.3250000,4.3300000,8089800
CBOM,D,20161117,000000,4.3380000,4.3550000,4.2550000,4.2810000,13003100
CBOM,D,20161118,000000,4.3250000,4.3260000,4.2120000,4.2500000,6634400
CBOM,D,20161121,000000,4.2570000,4.2570000,4.1930000,4.2200000,1508100
CBOM,D,20161122,000000,4.2280000,4.2570000,4.2190000,4.2570000,1050500
CBOM,D,20161123,000000,4.2760000,4.2800000,4.2400000,4.2650000,2392800
CBOM,D,20161124,000000,4.2510000,4.3150000,4.2500000,4.3100000,1412600
CBOM,D,20161125,000000,4.3100000,4.3150000,4.2680000,4.2770000,785200
CBOM,D,20161128,000000,4.2860000,4.3000000,4.2400000,4.2850000,2039400
CBOM,D,20161129,000000,4.3020000,4.3250000,4.2650000,4.2650000,12671100
CBOM,D,20161130,000000,4.2740000,4.3150000,4.2550000,4.2750000,12432800
CBOM,D,20161201,000000,4.2900000,4.3190000,4.2660000,4.2850000,7132700
CBOM,D,20161202,000000,4.2760000,4.2940000,4.2490000,4.2500000,10559300
CBOM,D,20161205,000000,4.2580000,4.2800000,4.2450000,4.2460000,9526500
CBOM,D,20161206,000000,4.2410000,4.2680000,4.2400000,4.2410000,7806700
CBOM,D,20161207,000000,4.2590000,4.2750000,4.2460000,4.2500000,6834900
CBOM,D,20161208,000000,4.2920000,4.2920000,4.2200000,4.2350000,2572700
CBOM,D,20161209,000000,4.2360000,4.2750000,4.2300000,4.2500000,1836300
CBOM,D,20161212,000000,4.2420000,4.2920000,4.2300000,4.2360000,1058200
CBOM,D,20161213,000000,4.2440000,4.2500000,4.2300000,4.2400000,1495300
CBOM,D,20161214,000000,4.2560000,4.2690000,4.2300000,4.2340000,1263400
CBOM,D,20161215,000000,4.2420000,4.2690000,4.2300000,4.2450000,1228000
CBOM,D,20161216,000000,4.2500000,4.2840000,4.2330000,4.2440000,1790400
CBOM,D,20161219,000000,4.2510000,4.2900000,4.2390000,4.2530000,1682200
CBOM,D,20161220,000000,4.2740000,4.3030000,4.2550000,4.2650000,3395500
CBOM,D,20161221,000000,4.2880000,4.2900000,4.2490000,4.2670000,1292300
CBOM,D,20161222,000000,4.2750000,4.2930000,4.2700000,4.2700000,1181000
CBOM,D,20161223,000000,4.2620000,4.2900000,4.2500000,4.2650000,1556900
CBOM,D,20161226,000000,4.2740000,4.2880000,4.2200000,4.2880000,2076400
CBOM,D,20161227,000000,4.2820000,4.3010000,4.2750000,4.2800000,5622000
CBOM,D,20161228,000000,4.2680000,4.2990000,4.2630000,4.2990000,10250100
CBOM,D,20161229,000000,4.2910000,4.3040000,4.2520000,4.2910000,724200
CBOM,D,20161230,000000,4.2720000,4.3040000,4.2500000,4.3000000,951500
CBOM,D,20170103,000000,4.3140000,4.3400000,4.3090000,4.3400000,250000
CBOM,D,20170104,000000,4.3320000,4.3390000,4.2550000,4.2550000,2046800
CBOM,D,20170105,000000,4.2690000,4.2960000,4.2480000,4.2480000,1525900
CBOM,D,20170106,000000,4.2870000,4.2900000,4.2750000,4.2750000,346600
CBOM,D,20170109,000000,4.2850000,4.2940000,4.2700000,4.2830000,569400
CBOM,D,20170110,000000,4.2860000,4.3000000,4.2710000,4.2900000,912000
CBOM,D,20170111,000000,4.2910000,4.3190000,4.2910000,4.2990000,1212700
CBOM,D,20170112,000000,4.2980000,4.3050000,4.2820000,4.2990000,1229800
CBOM,D,20170113,000000,4.3070000,4.3300000,4.3000000,4.3090000,1355400
CBOM,D,20170116,000000,4.3380000,4.3390000,4.3100000,4.3150000,1174500
CBOM,D,20170117,000000,4.3140000,4.3250000,4.3060000,4.3090000,1423700
CBOM,D,20170118,000000,4.3140000,4.3280000,4.2920000,4.2920000,1870100
CBOM,D,20170119,000000,4.3090000,4.3280000,4.2750000,4.2970000,3154900
CBOM,D,20170120,000000,4.2970000,4.3000000,4.2650000,4.2850000,1123200
CBOM,D,20170123,000000,4.2940000,4.3090000,4.2500000,4.2550000,2331900
CBOM,D,20170124,000000,4.2680000,4.3000000,4.2550000,4.2950000,1589700
CBOM,D,20170125,000000,4.3020000,4.3040000,4.2690000,4.2890000,1769400
CBOM,D,20170126,000000,4.2980000,4.3330000,4.2800000,4.2990000,1566200
CBOM,D,20170127,000000,4.2930000,4.3190000,4.2750000,4.3060000,1305200
CBOM,D,20170130,000000,4.3090000,4.3100000,4.2650000,4.2650000,1399500
CBOM,D,20170131,000000,4.2740000,4.2900000,4.2510000,4.2620000,1408900
CBOM,D,20170201,000000,4.2740000,4.3000000,4.2700000,4.2820000,2123700
CBOM,D,20170202,000000,4.2970000,4.3000000,4.2700000,4.2760000,1661000
CBOM,D,20170203,000000,4.2760000,4.3090000,4.2720000,4.2860000,1793400
CBOM,D,20170206,000000,4.2840000,4.3010000,4.2720000,4.2730000,1942100
CBOM,D,20170207,000000,4.2720000,4.3000000,4.2600000,4.2800000,6134200
CBOM,D,20170208,000000,4.2860000,4.2900000,4.2500000,4.2500000,4151300
CBOM,D,20170209,000000,4.2670000,4.2800000,4.2300000,4.2410000,5334100
CBOM,D,20170210,000000,4.2540000,4.2700000,4.2390000,4.2460000,1510200
CBOM,D,20170213,000000,4.2540000,4.2610000,4.2470000,4.2590000,1005800
CBOM,D,20170214,000000,4.2730000,4.2830000,4.2340000,4.2390000,1260200
CBOM,D,20170215,000000,4.2410000,4.2700000,4.2270000,4.2500000,1845600
CBOM,D,20170216,000000,4.2410000,4.2520000,4.2340000,4.2500000,1204400
CBOM,D,20170217,000000,4.2550000,4.2650000,4.2390000,4.2400000,1685500
CBOM,D,20170220,000000,4.2460000,4.2490000,4.2350000,4.2400000,1143400
CBOM,D,20170221,000000,4.2450000,4.2720000,4.2440000,4.2720000,1341500
CBOM,D,20170222,000000,4.2640000,4.2900000,4.2630000,4.2630000,1178000
CBOM,D,20170224,000000,4.2720000,4.2930000,4.2700000,4.2800000,653200
CBOM,D,20170227,000000,4.2850000,4.2850000,4.2550000,4.2550000,2058200
CBOM,D,20170228,000000,4.2630000,4.2700000,4.2220000,4.2310000,1600900
CBOM,D,20170301,000000,4.2240000,4.2850000,4.2240000,4.2590000,1940400
CBOM,D,20170302,000000,4.2540000,4.3000000,4.2540000,4.2600000,1889800
CBOM,D,20170303,000000,4.2700000,4.2900000,4.2450000,4.2610000,1448800
CBOM,D,20170306,000000,4.2450000,4.2610000,4.2350000,4.2550000,880300
CBOM,D,20170307,000000,4.2560000,4.2700000,4.2150000,4.2230000,1949400
CBOM,D,20170309,000000,4.2350000,4.2630000,4.2030000,4.2070000,1847200
CBOM,D,20170310,000000,4.2140000,4.2300000,4.1980000,4.2150000,135563600
CBOM,D,20170313,000000,4.2240000,4.2600000,4.2100000,4.2460000,31909500
CBOM,D,20170314,000000,4.2550000,4.2650000,4.2400000,4.2400000,1176500
CBOM,D,20170315,000000,4.2490000,4.2790000,4.2400000,4.2790000,3177000
CBOM,D,20170316,000000,4.2880000,4.3220000,4.0200000,4.3200000,6836100
CBOM,D,20170317,000000,4.3230000,4.3950000,4.3220000,4.3950000,3091100
CBOM,D,20170320,000000,4.3870000,4.4050000,4.3410000,4.3680000,1894200
CBOM,D,20170321,000000,4.3770000,4.3930000,4.3310000,4.3550000,2063800
CBOM,D,20170322,000000,4.3470000,4.3530000,4.2940000,4.2940000,1797800
CBOM,D,20170323,000000,4.3020000,4.3200000,4.2610000,4.2610000,1421500
CBOM,D,20170324,000000,4.2860000,4.2930000,4.2480000,4.2480000,1872200
CBOM,D,20170327,000000,4.2560000,4.2800000,4.2250000,4.2420000,1728200
CBOM,D,20170328,000000,4.2540000,4.2770000,4.2400000,4.2770000,1769800
CBOM,D,20170329,000000,4.2840000,4.3250000,4.2750000,4.3250000,2703700
CBOM,D,20170330,000000,4.2860000,4.3550000,4.2860000,4.3500000,3392800
CBOM,D,20170331,000000,4.3350000,4.3900000,4.3100000,4.3900000,3618500
CBOM,D,20170403,000000,4.3990000,4.4100000,4.3360000,4.4000000,1637200
CBOM,D,20170404,000000,4.3710000,4.4200000,4.3600000,4.4050000,2482700
CBOM,D,20170405,000000,4.3650000,4.4460000,4.3640000,4.4400000,2084600
CBOM,D,20170406,000000,4.4460000,4.4610000,4.4200000,4.4280000,1810200
CBOM,D,20170407,000000,4.4300000,4.4300000,4.3650000,4.3650000,2233500
CBOM,D,20170410,000000,4.3980000,4.4000000,4.3230000,4.3490000,1721500
CBOM,D,20170411,000000,4.3750000,4.3950000,4.3510000,4.3580000,1528300
CBOM,D,20170412,000000,4.3600000,4.4090000,4.3390000,4.3390000,1838000
CBOM,D,20170413,000000,4.3730000,4.3960000,4.3250000,4.3500000,2070400
CBOM,D,20170414,000000,4.3490000,4.3900000,4.3310000,4.3310000,4403200
CBOM,D,20170417,000000,4.3670000,4.3760000,4.3300000,4.3580000,2568600
CBOM,D,20170418,000000,4.3970000,4.3980000,4.3350000,4.3400000,1919700
CBOM,D,20170419,000000,4.3510000,4.3900000,4.3500000,4.3870000,1826800
CBOM,D,20170420,000000,4.3660000,4.3870000,4.3500000,4.3860000,2230600
CBOM,D,20170421,000000,4.3790000,4.3870000,4.3500000,4.3500000,2960300
CBOM,D,20170424,000000,4.3420000,4.4020000,4.3400000,4.4020000,3177800
CBOM,D,20170425,000000,4.4020000,4.4410000,4.3660000,4.4300000,6950800
CBOM,D,20170426,000000,4.4310000,4.4450000,4.4000000,4.4410000,4946800
CBOM,D,20170427,000000,4.4380000,4.4490000,4.4070000,4.4350000,2744100
CBOM,D,20170428,000000,4.4300000,4.4550000,4.4100000,4.4140000,3351600
CBOM,D,20170502,000000,4.4200000,4.4610000,4.4100000,4.4200000,4170700
CBOM,D,20170503,000000,4.3980000,4.4500000,4.3980000,4.4190000,3878100
CBOM,D,20170504,000000,4.4260000,4.4490000,4.4210000,4.4230000,3028600
CBOM,D,20170505,000000,4.4380000,4.4400000,4.4150000,4.4150000,4072400
CBOM,D,20170510,000000,4.4490000,4.4490000,4.4200000,4.4210000,3194200
CBOM,D,20170511,000000,4.4250000,4.4310000,4.4100000,4.4170000,3176800
CBOM,D,20170512,000000,4.4160000,4.4550000,4.4150000,4.4220000,6042600
CBOM,D,20170515,000000,4.4300000,4.4760000,4.4150000,4.4300000,4633700
CBOM,D,20170516,000000,4.4230000,4.4670000,4.4200000,4.4310000,6791500
CBOM,D,20170517,000000,4.4310000,4.4930000,4.4300000,4.4450000,14346500
CBOM,D,20170518,000000,4.4440000,4.4800000,4.4270000,4.4470000,12425400
CBOM,D,20170519,000000,4.4310000,4.4550000,4.4250000,4.4320000,11352500
CBOM,D,20170522,000000,4.4300000,4.4410000,4.3920000,4.3940000,5432300
CBOM,D,20170523,000000,4.3910000,4.4000000,4.3800000,4.4000000,3497300
CBOM,D,20170524,000000,4.4000000,4.4000000,4.3500000,4.3510000,2313700
CBOM,D,20170525,000000,4.2900000,4.3900000,4.2900000,4.3450000,3280100
CBOM,D,20170526,000000,4.3510000,4.3510000,4.3010000,4.3200000,1673900
CBOM,D,20170529,000000,4.3210000,4.3600000,4.3100000,4.3250000,1766000
CBOM,D,20170530,000000,4.3390000,4.3390000,4.1500000,4.2700000,5213400
CBOM,D,20170531,000000,4.2790000,4.2810000,4.2400000,4.2400000,4273600
CBOM,D,20170601,000000,4.2690000,4.2960000,4.2100000,4.2200000,2925000
CBOM,D,20170602,000000,4.2540000,4.2550000,4.1800000,4.2300000,4679100
CBOM,D,20170605,000000,4.2020000,4.2510000,4.2020000,4.2400000,22041800
CBOM,D,20170606,000000,4.2500000,4.2560000,4.2210000,4.2400000,25537600
CBOM,D,20170607,000000,4.2580000,4.2580000,4.2150000,4.2350000,40579500
CBOM,D,20170608,000000,4.2150000,4.2680000,4.2140000,4.2350000,38457500
CBOM,D,20170609,000000,4.2290000,4.2500000,4.2200000,4.2390000,42960100
CBOM,D,20170613,000000,4.2380000,4.2570000,4.2280000,4.2390000,14466300
CBOM,D,20170614,000000,4.2450000,4.2450000,4.2200000,4.2400000,4682000
CBOM,D,20170615,000000,4.2300000,4.2490000,4.1800000,4.2370000,14716100
CBOM,D,20170616,000000,4.2380000,4.2470000,4.2120000,4.2400000,10417700
CBOM,D,20170619,000000,4.2650000,4.3100000,4.2550000,4.2590000,9951100
CBOM,D,20170620,000000,4.2940000,4.3500000,4.2940000,4.3500000,6984800
CBOM,D,20170621,000000,4.3600000,4.4000000,4.3290000,4.3800000,7708100
CBOM,D,20170622,000000,4.3860000,4.4400000,4.3500000,4.4390000,5058700
CBOM,D,20170623,000000,4.4400000,4.4610000,4.4000000,4.4350000,1884900
CBOM,D,20170626,000000,4.4590000,4.4710000,4.4400000,4.4500000,2580900
CBOM,D,20170627,000000,4.4510000,4.4840000,4.4400000,4.4800000,6300400
CBOM,D,20170628,000000,4.4910000,4.5300000,4.4730000,4.4980000,6340100
CBOM,D,20170629,000000,4.5000000,4.5230000,4.4680000,4.4910000,4716300
CBOM,D,20170630,000000,4.5040000,4.5190000,4.5000000,4.5000000,5688900
CBOM,D,20170703,000000,4.5250000,4.5410000,4.5000000,4.5220000,4767000
CBOM,D,20170704,000000,4.5410000,4.5420000,4.5060000,4.5400000,5068700
CBOM,D,20170705,000000,4.5390000,4.5500000,4.5280000,4.5390000,3832700
CBOM,D,20170706,000000,4.5490000,4.5510000,4.5370000,4.5390000,4299600
CBOM,D,20170707,000000,4.5370000,4.5400000,4.4920000,4.5000000,5277300
CBOM,D,20170710,000000,4.5160000,4.5350000,4.5160000,4.5340000,4063700
CBOM,D,20170711,000000,4.5290000,4.5600000,4.5210000,4.5420000,6164600
CBOM,D,20170712,000000,4.5300000,4.5600000,4.5300000,4.5600000,5019000
CBOM,D,20170713,000000,4.5460000,4.5700000,4.5350000,4.5540000,5063900
CBOM,D,20170714,000000,4.5790000,4.5790000,4.5410000,4.5550000,3706000
CBOM,D,20170717,000000,4.5540000,4.5680000,4.5540000,4.5600000,4713700
CBOM,D,20170718,000000,4.5740000,4.5740000,4.5500000,4.5620000,4854200
CBOM,D,20170719,000000,4.5560000,4.5610000,4.5300000,4.5550000,4160100
CBOM,D,20170720,000000,4.5630000,4.5630000,4.5300000,4.5600000,4044500
CBOM,D,20170721,000000,4.5580000,4.5610000,4.5300000,4.5300000,8517800
CBOM,D,20170724,000000,4.5410000,4.5580000,4.5270000,4.5480000,6115400
CBOM,D,20170725,000000,4.5390000,4.5590000,4.5100000,4.5220000,5884100
CBOM,D,20170726,000000,4.5380000,4.5570000,4.5200000,4.5280000,4709700
CBOM,D,20170727,000000,4.5450000,4.5550000,4.5450000,4.5550000,3633200
CBOM,D,20170728,000000,4.5540000,4.5540000,4.4930000,4.4950000,6668900
CBOM,D,20170731,000000,4.4850000,4.5220000,4.3900000,4.4360000,6357200
CBOM,D,20170801,000000,4.4340000,4.5260000,4.4340000,4.5050000,4726400
CBOM,D,20170802,000000,4.4780000,4.5390000,4.4770000,4.5290000,4267600
CBOM,D,20170803,000000,4.5380000,4.5420000,4.5200000,4.5380000,3755200
CBOM,D,20170804,000000,4.5210000,4.5400000,4.5000000,4.5050000,3912200
CBOM,D,20170807,000000,4.5360000,4.5430000,4.5140000,4.5330000,5065900
CBOM,D,20170808,000000,4.5410000,4.5430000,4.4850000,4.5080000,5606500
CBOM,D,20170809,000000,4.5050000,4.5130000,4.4510000,4.4550000,5533300
CBOM,D,20170810,000000,4.4700000,4.5030000,4.4440000,4.5020000,4271600
CBOM,D,20170811,000000,4.5050000,4.5090000,4.4850000,4.4990000,5843700
CBOM,D,20170814,000000,4.5150000,4.5210000,4.4960000,4.5100000,5930200
CBOM,D,20170815,000000,4.5210000,4.5220000,4.4820000,4.5100000,5734700
CBOM,D,20170816,000000,4.5100000,4.5200000,4.4000000,4.4240000,696992400
CBOM,D,20170817,000000,4.3830000,4.4450000,4.3810000,4.4250000,6330000
CBOM,D,20170818,000000,4.4240000,4.4420000,4.4090000,4.4400000,4654400
CBOM,D,20170821,000000,4.4610000,4.5290000,4.4350000,4.5110000,7297200
CBOM,D,20170822,000000,4.5290000,4.5480000,4.5200000,4.5480000,5424900
CBOM,D,20170823,000000,4.5510000,4.5800000,4.5230000,4.5800000,6561900
CBOM,D,20170824,000000,4.5790000,4.6580000,4.5500000,4.6020000,11357400
CBOM,D,20170825,000000,4.6370000,4.6580000,4.5810000,4.6200000,31762400
CBOM,D,20170828,000000,4.6340000,4.6560000,4.5700000,4.6170000,35811200
CBOM,D,20170829,000000,4.5890000,4.6300000,4.4830000,4.5750000,38515200
CBOM,D,20170830,000000,4.6010000,4.6180000,4.5490000,4.5710000,43866300
CBOM,D,20170831,000000,4.5760000,4.5920000,4.4840000,4.5800000,6281200
CBOM,D,20170901,000000,4.5390000,4.5980000,4.5000000,4.5760000,6699900
CBOM,D,20170904,000000,4.5980000,4.5990000,4.5410000,4.5530000,4396600
CBOM,D,20170905,000000,4.5890000,4.5890000,4.5000000,4.5570000,4866700
CBOM,D,20170906,000000,4.5260000,4.5540000,4.5090000,4.5340000,4290200
CBOM,D,20170907,000000,4.5130000,4.5540000,4.5130000,4.5430000,4344600
CBOM,D,20170908,000000,4.5570000,4.5750000,4.5300000,4.5540000,6297800
CBOM,D,20170911,000000,4.5630000,4.5770000,4.4990000,4.5240000,7473500
CBOM,D,20170912,000000,4.5020000,4.5240000,4.4400000,4.4960000,7530700
CBOM,D,20170913,000000,4.4990000,4.5090000,4.4600000,4.4800000,5499500
CBOM,D,20170914,000000,4.4850000,4.4850000,4.3800000,4.3920000,49976300
CBOM,D,20170915,000000,4.4420000,4.4490000,4.3700000,4.4490000,53474700
CBOM,D,20170918,000000,4.4120000,4.4180000,4.3540000,4.3730000,14612300
CBOM,D,20170919,000000,4.3980000,4.4020000,4.3500000,4.3630000,10505900
CBOM,D,20170920,000000,4.3640000,4.3990000,4.3630000,4.3990000,13494600
CBOM,D,20170921,000000,4.4050000,4.4050000,4.3500000,4.3550000,16612100
CBOM,D,20170922,000000,4.3880000,4.3930000,4.3640000,4.3700000,4572100
CBOM,D,20170925,000000,4.4000000,4.4510000,4.3650000,4.4440000,15461100
CBOM,D,20170926,000000,4.4100000,4.5360000,4.4080000,4.5360000,12085400
CBOM,D,20170927,000000,4.5360000,4.6000000,4.5000000,4.5800000,9828200
CBOM,D,20170928,000000,4.5840000,4.6100000,4.5730000,4.5730000,6595400
CBOM,D,20170929,000000,4.5950000,4.5990000,4.5740000,4.5990000,6705100
CBOM,D,20171002,000000,4.6040000,4.6200000,4.5760000,4.5830000,5641800
CBOM,D,20171003,000000,4.5940000,4.6050000,4.5400000,4.5900000,6811300
CBOM,D,20171004,000000,4.5990000,4.5990000,4.5750000,4.5800000,6905600
CBOM,D,20171005,000000,4.5910000,4.5910000,4.5610000,4.5840000,31218100
CBOM,D,20171006,000000,4.5890000,4.5940000,4.5710000,4.5930000,6900600
CBOM,D,20171009,000000,4.5670000,4.5990000,4.5500000,4.5600000,7533900
CBOM,D,20171010,000000,4.5660000,4.5660000,4.5110000,4.5150000,157756400
CBOM,D,20171011,000000,4.5090000,4.5390000,4.5000000,4.5300000,81257600
CBOM,D,20171012,000000,4.5190000,4.5200000,4.5000000,4.5140000,86931300
CBOM,D,20171013,000000,4.5200000,4.5470000,4.5140000,4.5170000,229136900
CBOM,D,20171016,000000,4.5160000,4.6250000,4.5110000,4.6250000,18296800
CBOM,D,20171017,000000,4.6300000,4.6300000,4.5460000,4.5950000,6892700
CBOM,D,20171018,000000,4.5690000,4.6450000,4.5650000,4.6450000,11345400
CBOM,D,20171019,000000,4.6010000,4.6190000,4.5300000,4.5310000,7706800
CBOM,D,20171020,000000,4.5540000,4.5680000,4.5120000,4.5490000,8693100
CBOM,D,20171023,000000,4.5500000,4.5600000,4.5210000,4.5210000,8482100
CBOM,D,20171024,000000,4.5370000,4.6230000,4.4300000,4.5180000,21337500
CBOM,D,20171025,000000,4.5510000,4.5510000,4.4470000,4.5060000,14805700
CBOM,D,20171026,000000,4.5170000,4.5170000,4.5000000,4.5100000,6683600
CBOM,D,20171027,000000,4.5180000,4.5730000,4.5150000,4.5680000,17239300
CBOM,D,20171030,000000,4.5310000,4.5900000,4.5310000,4.5530000,10008300
CBOM,D,20171031,000000,4.5540000,4.5600000,4.5440000,4.5470000,6909600
CBOM,D,20171101,000000,4.5600000,4.5600000,4.5110000,4.5500000,12310400
CBOM,D,20171102,000000,4.5440000,4.5620000,4.5400000,4.5400000,5793800
CBOM,D,20171103,000000,4.5580000,4.5580000,4.5420000,4.5530000,6427200
CBOM,D,20171107,000000,4.5390000,4.6120000,4.5390000,4.6040000,6064200
CBOM,D,20171108,000000,4.5760000,4.6500000,4.5760000,4.6480000,12472900
CBOM,D,20171109,000000,4.6160000,4.6810000,4.6010000,4.6100000,6117500
CBOM,D,20171110,000000,4.5790000,4.6390000,4.5790000,4.5920000,7734700
CBOM,D,20171113,000000,4.5800000,4.5930000,4.5790000,4.5900000,7667600
CBOM,D,20171114,000000,4.5580000,4.6150000,4.5560000,4.5770000,6492100
CBOM,D,20171115,000000,4.5810000,4.5810000,4.5300000,4.5320000,13801900
CBOM,D,20171116,000000,4.5590000,4.5610000,4.5090000,4.5210000,8010300
CBOM,D,20171117,000000,4.5540000,4.5590000,4.4990000,4.5000000,6674900
CBOM,D,20171120,000000,4.5300000,4.5300000,4.4530000,4.4710000,9858700
CBOM,D,20171121,000000,4.4950000,4.4970000,4.4180000,4.4290000,7373000
CBOM,D,20171122,000000,4.4500000,4.4700000,4.3000000,4.3620000,7253900
CBOM,D,20171123,000000,4.3990000,4.4300000,4.3780000,4.3820000,6175000
CBOM,D,20171124,000000,4.4070000,4.4080000,4.1830000,4.3290000,7814700
CBOM,D,20171127,000000,4.3600000,4.4100000,4.3140000,4.3340000,6412200
CBOM,D,20171128,000000,4.3440000,4.3840000,4.2900000,4.3040000,9210700
CBOM,D,20171129,000000,4.3330000,4.3470000,4.2620000,4.2880000,9173400
CBOM,D,20171130,000000,4.3700000,4.4090000,4.2800000,4.3500000,15449900
CBOM,D,20171201,000000,4.3540000,4.3540000,4.2820000,4.3000000,4247100
CBOM,D,20171204,000000,4.3010000,4.3320000,4.2890000,4.2990000,3933300
CBOM,D,20171205,000000,4.3210000,4.3280000,4.2970000,4.2970000,4807500
CBOM,D,20171206,000000,4.3260000,4.3260000,4.2840000,4.3000000,4936900
CBOM,D,20171207,000000,4.3240000,4.3250000,4.2870000,4.2940000,5442100
CBOM,D,20171208,000000,4.3180000,4.3180000,4.2890000,4.2940000,3335600
CBOM,D,20171211,000000,4.3170000,4.3170000,4.2620000,4.2730000,5968300
CBOM,D,20171212,000000,4.2980000,4.3030000,4.2600000,4.2900000,3839300
CBOM,D,20171213,000000,4.3100000,4.3110000,4.2680000,4.2800000,3313100
CBOM,D,20171214,000000,4.3030000,4.3100000,4.2170000,4.2650000,5023800
CBOM,D,20171215,000000,4.2980000,4.3000000,4.2500000,4.2500000,3473900
CBOM,D,20171218,000000,4.2800000,4.2910000,4.2280000,4.2340000,26876300
CBOM,D,20171219,000000,4.2360000,4.2780000,4.2070000,4.2600000,46402300
CBOM,D,20171220,000000,4.2770000,4.2900000,4.2200000,4.2300000,25648000
CBOM,D,20171221,000000,4.2470000,4.3410000,4.2250000,4.3000000,111433500
CBOM,D,20171222,000000,4.2830000,4.3100000,4.2700000,4.3100000,6763900
CBOM,D,20171225,000000,4.3330000,4.4140000,4.2970000,4.4140000,36736200
CBOM,D,20171226,000000,4.4390000,4.5430000,4.3760000,4.5430000,25287800
CBOM,D,20171227,000000,4.5730000,4.6700000,4.4250000,4.6300000,24937700
CBOM,D,20171228,000000,4.6490000,4.7000000,4.5800000,4.6910000,17808600
CBOM,D,20171229,000000,4.6730000,4.7420000,4.6670000,4.7420000,7495500
CBOM,D,20180103,000000,4.6800000,4.7400000,4.6800000,4.7350000,965400
CBOM,D,20180104,000000,4.7210000,4.7500000,4.7210000,4.7410000,864600
CBOM,D,20180105,000000,4.7730000,4.7750000,4.6960000,4.7050000,1089100
CBOM,D,20180109,000000,4.7360000,4.7360000,4.6510000,4.7170000,4992000
CBOM,D,20180110,000000,4.7190000,4.7460000,4.6800000,4.7050000,5091900
CBOM,D,20180111,000000,4.6930000,4.7450000,4.6690000,4.7200000,6475800
CBOM,D,20180112,000000,4.7040000,4.7490000,4.6640000,4.7320000,6893800
CBOM,D,20180115,000000,4.7480000,4.7500000,4.6970000,4.7350000,6613900
CBOM,D,20180116,000000,4.7320000,4.7490000,4.6800000,4.6830000,5918100
CBOM,D,20180117,000000,4.6830000,4.7020000,4.6450000,4.7020000,5594100
CBOM,D,20180118,000000,4.7000000,4.7220000,4.6820000,4.7220000,5745700
CBOM,D,20180119,000000,4.7220000,4.7650000,4.7000000,4.7650000,5396100
CBOM,D,20180122,000000,4.7690000,4.7760000,4.7130000,4.7550000,6678600
CBOM,D,20180123,000000,4.7680000,4.7690000,4.7050000,4.7290000,5571200
CBOM,D,20180124,000000,4.7290000,4.7430000,4.7040000,4.7310000,5788200
CBOM,D,20180125,000000,4.7400000,4.7810000,4.7160000,4.7810000,7077900
CBOM,D,20180126,000000,4.7820000,4.7930000,4.7230000,4.7280000,7411100
CBOM,D,20180129,000000,4.7160000,4.7440000,4.6830000,4.7100000,5321900
CBOM,D,20180130,000000,4.6910000,4.6980000,4.6550000,4.6880000,9197400
CBOM,D,20180131,000000,4.6950000,4.6990000,4.6600000,4.6600000,5182500
CBOM,D,20180201,000000,4.6810000,4.7050000,4.6580000,4.7050000,5884400
CBOM,D,20180202,000000,4.6990000,4.7080000,4.6870000,4.6870000,5937900
CBOM,D,20180205,000000,4.7070000,4.7070000,4.6520000,4.6770000,6057100
CBOM,D,20180206,000000,4.6530000,4.6930000,4.6010000,4.6010000,6410000
CBOM,D,20180207,000000,4.6110000,4.6750000,4.6110000,4.6680000,5533000
CBOM,D,20180208,000000,4.6810000,4.6810000,4.6400000,4.6400000,5325700
CBOM,D,20180209,000000,4.6340000,4.6700000,4.5800000,4.5960000,6966800
CBOM,D,20180212,000000,4.5630000,4.6310000,4.5620000,4.6290000,5037800
CBOM,D,20180213,000000,4.6500000,4.6830000,4.6230000,4.6700000,5515000
CBOM,D,20180214,000000,4.6800000,4.6830000,4.6510000,4.6590000,5882200
CBOM,D,20180215,000000,4.6420000,4.7010000,4.6370000,4.6630000,5642700
CBOM,D,20180216,000000,4.6450000,4.6950000,4.6420000,4.6700000,4797200
CBOM,D,20180219,000000,4.6560000,4.6890000,4.6500000,4.6650000,5075400
CBOM,D,20180220,000000,4.6530000,4.6830000,4.6500000,4.6800000,5689900
CBOM,D,20180221,000000,4.6830000,4.7180000,4.6530000,4.7180000,5788500
CBOM,D,20180222,000000,4.6820000,4.7320000,4.6710000,4.7300000,6058200
CBOM,D,20180226,000000,4.7490000,4.7800000,4.7490000,4.7770000,5832900
CBOM,D,20180227,000000,4.7770000,4.8000000,4.7500000,4.7500000,5293800
CBOM,D,20180228,000000,4.7370000,4.7710000,4.7170000,4.7340000,5630300
CBOM,D,20180301,000000,4.7670000,4.7690000,4.7200000,4.7400000,5903900
CBOM,D,20180302,000000,4.7490000,4.7500000,4.7000000,4.7000000,5734600
CBOM,D,20180305,000000,4.6720000,4.7430000,4.6720000,4.7260000,5037700
CBOM,D,20180306,000000,4.7420000,4.7440000,4.7300000,4.7400000,4888000
CBOM,D,20180307,000000,4.7490000,4.7490000,4.7370000,4.7420000,4600100
CBOM,D,20180309,000000,4.7500000,4.7700000,4.7320000,4.7460000,3727400
CBOM,D,20180312,000000,4.7580000,4.9080000,4.7580000,4.8050000,14927600
CBOM,D,20180313,000000,4.8030000,4.8300000,4.7790000,4.8020000,6800500
CBOM,D,20180314,000000,4.7810000,4.8550000,4.7700000,4.8000000,8983600
CBOM,D,20180315,000000,4.8200000,5.0000000,4.8200000,4.9000000,16821500
CBOM,D,20180316,000000,4.8810000,5.0000000,4.7500000,4.7500000,283279400
CBOM,D,20180319,000000,4.7830000,4.8470000,4.7830000,4.8300000,5103500
CBOM,D,20180320,000000,4.8200000,4.8400000,4.7650000,4.8300000,6362700
CBOM,D,20180321,000000,4.8260000,4.8630000,4.8020000,4.8500000,6897400
CBOM,D,20180322,000000,4.8260000,4.8340000,4.8090000,4.8160000,4768400
CBOM,D,20180323,000000,4.8050000,4.8490000,4.7800000,4.8210000,18608200
CBOM,D,20180326,000000,4.8180000,4.8310000,4.7800000,4.7990000,13098100
CBOM,D,20180327,000000,4.8020000,4.8200000,4.7960000,4.8150000,5632300
CBOM,D,20180328,000000,4.8160000,4.8200000,4.8000000,4.8100000,4675000
CBOM,D,20180329,000000,4.7950000,4.8640000,4.7910000,4.8290000,6485900
CBOM,D,20180330,000000,4.8340000,4.8700000,4.8090000,4.8490000,6511900
CBOM,D,20180402,000000,4.8420000,4.8640000,4.8140000,4.8160000,4967400
CBOM,D,20180403,000000,4.8110000,4.8110000,4.7810000,4.7900000,5458600
CBOM,D,20180404,000000,4.7760000,4.8170000,4.7550000,4.7600000,6495900
CBOM,D,20180405,000000,4.7660000,4.8230000,4.7600000,4.8050000,7884800
CBOM,D,20180406,000000,4.7880000,4.8170000,4.7880000,4.8030000,2872000
CBOM,D,20180409,000000,4.8010000,4.8170000,4.6100000,4.6630000,20110800
CBOM,D,20180410,000000,4.6970000,4.7090000,4.6450000,4.6450000,3461000
CBOM,D,20180411,000000,4.6770000,4.7700000,4.6560000,4.7300000,6701000
CBOM,D,20180412,000000,4.6980000,4.7790000,4.6970000,4.7290000,5905700
CBOM,D,20180413,000000,4.7380000,4.7700000,4.7130000,4.7610000,4745400
CBOM,D,20180416,000000,4.7410000,4.7620000,4.6760000,4.7100000,7236200
CBOM,D,20180417,000000,4.7240000,4.7750000,4.7100000,4.7750000,5905600
CBOM,D,20180418,000000,4.7750000,4.8300000,4.7490000,4.8200000,5540300
CBOM,D,20180419,000000,4.8200000,4.8200000,4.7600000,4.7850000,4363400
CBOM,D,20180420,000000,4.7720000,4.7870000,4.7400000,4.7750000,4339200
CBOM,D,20180423,000000,4.7460000,4.7900000,4.7360000,4.7650000,3887900
CBOM,D,20180424,000000,4.7920000,4.7920000,4.7010000,4.7010000,6715800
CBOM,D,20180425,000000,4.7360000,4.7360000,4.6380000,4.6620000,9266600
CBOM,D,20180426,000000,4.6800000,4.6970000,4.6230000,4.6230000,10987900
CBOM,D,20180427,000000,4.6510000,4.6600000,4.5900000,4.6220000,14829000
CBOM,D,20180428,000000,4.6190000,4.6800000,4.6150000,4.6800000,7866100
CBOM,D,20180430,000000,4.7090000,4.7090000,4.6200000,4.6200000,1716000
CBOM,D,20180502,000000,4.6500000,4.6500000,4.5350000,4.5350000,1979200
CBOM,D,20180503,000000,4.5680000,4.6700000,4.5630000,4.6050000,4413200
CBOM,D,20180504,000000,4.6280000,4.6500000,4.5830000,4.6490000,2933500
CBOM,D,20180507,000000,4.6540000,4.7300000,4.6510000,4.7300000,3628900
CBOM,D,20180508,000000,4.7260000,4.7940000,4.6960000,4.7940000,4113400
CBOM,D,20180510,000000,4.7930000,4.8170000,4.7530000,4.7530000,3873400
CBOM,D,20180511,000000,4.7900000,4.7950000,4.7180000,4.7880000,4259100
CBOM,D,20180514,000000,4.7690000,4.8500000,4.7400000,4.8450000,11081800
CBOM,D,20180515,000000,4.8500000,4.9180000,4.8000000,4.8600000,13126300
CBOM,D,20180516,000000,4.9110000,4.9110000,4.8020000,4.8150000,17119700
CBOM,D,20180517,000000,4.8080000,4.8510000,4.7980000,4.8450000,9355500
CBOM,D,20180518,000000,4.8590000,4.9100000,4.8050000,4.9100000,6802200
CBOM,D,20180521,000000,4.9250000,4.9250000,4.8270000,4.8680000,4875800
CBOM,D,20180522,000000,4.8530000,4.8790000,4.7460000,4.8130000,8823500
CBOM,D,20180523,000000,4.8400000,4.8420000,4.7190000,4.7190000,11475900
CBOM,D,20180524,000000,4.7300000,4.7580000,4.6870000,4.6900000,7106700
CBOM,D,20180525,000000,4.7250000,4.7370000,4.6480000,4.6800000,11946500
CBOM,D,20180528,000000,4.7140000,4.7460000,4.6400000,4.6800000,13756700
CBOM,D,20180529,000000,4.7150000,4.7250000,4.6090000,4.6960000,9771700
CBOM,D,20180530,000000,4.7170000,4.7490000,4.6400000,4.7490000,9680700
CBOM,D,20180531,000000,4.7630000,4.8420000,4.7140000,4.8420000,55794900
CBOM,D,20180601,000000,4.8390000,4.8690000,4.7230000,4.7410000,4195900
CBOM,D,20180604,000000,4.7680000,4.7680000,4.6700000,4.7100000,16165900
CBOM,D,20180605,000000,4.6960000,4.7450000,4.6410000,4.7150000,15772600
CBOM,D,20180606,000000,4.7330000,4.7420000,4.6590000,4.6760000,12033600
CBOM,D,20180607,000000,4.7090000,4.7210000,4.6630000,4.7000000,11343200
CBOM,D,20180608,000000,4.6880000,4.7600000,4.6560000,4.7330000,9954300
CBOM,D,20180609,000000,4.7100000,4.7750000,4.6990000,4.7750000,6670400
CBOM,D,20180611,000000,4.7340000,4.7440000,4.7190000,4.7190000,2170500
CBOM,D,20180613,000000,4.7630000,4.8100000,4.7480000,4.8100000,5147900
CBOM,D,20180614,000000,4.7850000,4.8700000,4.7720000,4.8500000,11550800
CBOM,D,20180615,000000,4.8170000,4.9800000,4.7700000,4.9800000,14383600
CBOM,D,20180618,000000,4.9500000,4.9620000,4.8570000,4.9000000,5194300
CBOM,D,20180619,000000,4.8750000,4.9090000,4.8520000,4.9080000,4738500
CBOM,D,20180620,000000,4.9450000,4.9450000,4.8630000,4.9200000,5154800
CBOM,D,20180621,000000,4.9120000,4.9120000,4.8690000,4.8750000,4218600
CBOM,D,20180622,000000,4.8890000,4.8930000,4.8520000,4.8520000,4580500
CBOM,D,20180625,000000,4.8220000,4.8890000,4.8210000,4.8650000,3441600
CBOM,D,20180626,000000,4.8390000,4.9000000,4.8370000,4.8920000,4091700
CBOM,D,20180627,000000,4.8970000,4.9090000,4.8710000,4.8970000,2921200
CBOM,D,20180628,000000,4.8920000,4.9090000,4.8810000,4.9050000,4418100
CBOM,D,20180629,000000,4.9130000,4.9450000,4.8890000,4.9270000,7484000
CBOM,D,20180702,000000,4.9480000,4.9480000,4.8620000,4.8950000,5611300
CBOM,D,20180703,000000,4.9260000,4.9290000,4.8050000,4.8200000,5102300
CBOM,D,20180704,000000,4.8500000,4.8710000,4.8220000,4.8300000,3255400
CBOM,D,20180705,000000,4.8590000,4.8600000,4.8140000,4.8250000,2791100
CBOM,D,20180706,000000,4.8420000,4.8420000,4.7670000,4.7810000,2819300
CBOM,D,20180709,000000,4.7800000,4.8000000,4.7200000,4.7200000,13196100
CBOM,D,20180710,000000,4.7590000,4.7590000,4.6900000,4.7240000,11615400
CBOM,D,20180711,000000,4.6900000,4.7250000,4.6700000,4.7210000,10560800
CBOM,D,20180712,000000,4.7300000,4.7490000,4.6800000,4.7000000,9587300
CBOM,D,20180713,000000,4.7170000,4.7380000,4.6830000,4.7300000,4285400
CBOM,D,20180716,000000,4.7500000,4.7500000,4.6870000,4.7440000,5538500
CBOM,D,20180717,000000,4.7000000,4.7500000,4.7000000,4.7300000,4257400
CBOM,D,20180718,000000,4.7300000,4.7460000,4.7300000,4.7450000,5193100
CBOM,D,20180719,000000,4.7490000,4.7650000,4.6950000,4.7440000,9582500
CBOM,D,20180720,000000,4.7450000,4.8200000,4.7340000,4.8000000,13825500
CBOM,D,20180723,000000,4.8200000,4.8290000,4.7200000,4.8100000,8879000
CBOM,D,20180724,000000,4.8410000,4.8650000,4.8000000,4.8250000,12265000
CBOM,D,20180725,000000,4.7910000,4.8380000,4.7550000,4.8000000,11209200
CBOM,D,20180726,000000,4.7960000,4.8550000,4.7810000,4.8550000,7108200
CBOM,D,20180727,000000,4.8600000,4.8900000,4.8360000,4.8900000,6373900
CBOM,D,20180730,000000,4.9000000,4.9320000,4.8820000,4.9110000,6742700
CBOM,D,20180731,000000,4.8920000,4.9490000,4.8910000,4.9440000,8615100
CBOM,D,20180801,000000,4.9090000,4.9810000,4.9090000,4.9620000,11401600
CBOM,D,20180802,000000,4.9330000,4.9890000,4.9000000,4.9690000,8011700
CBOM,D,20180803,000000,4.9510000,5.0020000,4.9510000,4.9820000,7323500
CBOM,D,20180806,000000,4.9520000,5.0200000,4.9520000,5.0200000,5543100
CBOM,D,20180807,000000,5.0070000,5.0150000,4.9400000,4.9400000,7445500
CBOM,D,20180808,000000,4.9040000,4.9770000,4.9000000,4.9000000,7765900
CBOM,D,20180809,000000,4.9310000,4.9560000,4.9160000,4.9560000,5370700
CBOM,D,20180810,000000,4.9340000,4.9920000,4.8990000,4.9100000,6268200
CBOM,D,20180813,000000,4.9340000,4.9890000,4.9140000,4.9500000,6922600
CBOM,D,20180814,000000,4.9210000,5.0000000,4.9100000,4.9550000,5552600
CBOM,D,20180815,000000,4.9540000,5.0000000,4.9340000,4.9760000,4706700
CBOM,D,20180816,000000,4.9750000,4.9930000,4.9370000,4.9650000,3970100
CBOM,D,20180817,000000,4.9650000,5.0000000,4.9220000,4.9780000,3599600
CBOM,D,20180820,000000,5.0210000,5.0220000,4.9410000,4.9440000,3935000
CBOM,D,20180821,000000,4.9770000,5.0990000,4.9110000,5.0190000,6348700
CBOM,D,20180822,000000,4.9650000,5.1000000,4.9650000,5.0200000,4692200
CBOM,D,20180823,000000,5.0600000,5.0600000,4.9740000,4.9900000,7507500
CBOM,D,20180824,000000,5.0000000,5.1040000,4.9710000,5.0480000,7685300
CBOM,D,20180827,000000,5.0680000,5.0700000,5.0000000,5.0520000,6075500
CBOM,D,20180828,000000,5.0260000,5.0490000,4.9120000,5.0270000,9578000
CBOM,D,20180829,000000,4.9980000,5.0060000,4.9630000,5.0050000,4421700
CBOM,D,20180830,000000,4.9840000,5.0030000,4.9250000,4.9810000,6110200
CBOM,D,20180831,000000,4.9800000,5.0090000,4.9510000,5.0000000,7356600
CBOM,D,20180903,000000,4.9710000,5.0460000,4.9640000,4.9960000,3823200
CBOM,D,20180904,000000,5.0250000,5.0280000,4.9830000,5.0220000,3724400
CBOM,D,20180905,000000,4.9950000,5.0190000,4.9840000,5.0000000,3613000
CBOM,D,20180906,000000,5.0290000,5.0290000,4.9730000,4.9760000,2847800
CBOM,D,20180907,000000,5.0050000,5.0060000,4.9530000,4.9740000,4544900
CBOM,D,20180910,000000,4.9990000,5.0050000,4.9450000,4.9940000,3018000
CBOM,D,20180911,000000,4.9850000,5.0030000,4.9660000,4.9950000,5503500
CBOM,D,20180912,000000,4.9880000,5.0120000,4.9840000,4.9840000,4526100
CBOM,D,20180913,000000,4.9880000,4.9900000,4.9340000,4.9340000,6696600
CBOM,D,20180914,000000,4.9460000,4.9730000,4.9100000,4.9570000,4164500
CBOM,D,20180917,000000,4.9650000,4.9660000,4.9160000,4.9510000,6548400
CBOM,D,20180918,000000,4.9410000,4.9890000,4.9410000,4.9500000,4160800
CBOM,D,20180919,000000,4.9510000,5.0040000,4.9300000,5.0010000,7898700
CBOM,D,20180920,000000,5.0030000,5.0200000,4.9500000,5.0000000,8901100
CBOM,D,20180921,000000,5.0070000,5.0950000,4.9980000,5.0950000,11466700
CBOM,D,20180924,000000,5.0810000,5.1270000,5.0660000,5.0870000,5105800
CBOM,D,20180925,000000,5.0900000,5.1180000,5.0450000,5.0450000,4698200
CBOM,D,20180926,000000,5.0160000,5.0700000,5.0010000,5.0260000,5794000
CBOM,D,20180927,000000,5.0060000,5.0600000,4.9920000,5.0160000,5894000
CBOM,D,20180928,000000,5.0460000,5.0520000,5.0050000,5.0490000,5172900
CBOM,D,20181001,000000,5.0490000,5.0800000,5.0450000,5.0470000,3285600
CBOM,D,20181002,000000,5.0720000,5.0760000,5.0200000,5.0390000,5137000
CBOM,D,20181003,000000,5.0280000,5.0830000,5.0240000,5.0520000,5236200
CBOM,D,20181004,000000,5.0280000,5.0900000,5.0130000,5.0900000,5879200
CBOM,D,20181005,000000,5.0900000,5.0960000,5.0220000,5.0220000,6099400
CBOM,D,20181008,000000,5.0030000,5.0460000,4.9930000,5.0020000,4738900
CBOM,D,20181009,000000,4.9810000,5.0420000,4.9810000,5.0400000,5441900
CBOM,D,20181010,000000,5.0480000,5.0790000,5.0300000,5.0790000,4950600
CBOM,D,20181011,000000,5.0800000,5.0800000,5.0200000,5.0200000,4745300
CBOM,D,20181012,000000,5.0100000,5.0550000,5.0100000,5.0450000,5118600
CBOM,D,20181015,000000,5.0310000,5.0680000,5.0260000,5.0260000,4446000
CBOM,D,20181016,000000,5.0550000,5.0550000,5.0100000,5.0270000,4148200
CBOM,D,20181017,000000,5.0510000,5.0800000,5.0020000,5.0800000,3958000
CBOM,D,20181018,000000,5.0520000,5.0970000,5.0400000,5.0430000,4835300
CBOM,D,20181019,000000,5.0630000,5.0690000,4.9700000,4.9900000,5913400
CBOM,D,20181022,000000,5.0220000,5.0260000,4.9900000,4.9910000,3665900
CBOM,D,20181023,000000,5.0170000,5.0170000,4.9200000,4.9450000,5628400
CBOM,D,20181024,000000,4.9650000,5.0190000,4.9650000,5.0170000,6566900
CBOM,D,20181025,000000,5.0200000,5.0220000,4.9640000,4.9980000,4721400
CBOM,D,20181026,000000,4.9710000,5.0080000,4.9500000,4.9500000,6094000
CBOM,D,20181029,000000,4.9550000,4.9890000,4.9120000,4.9650000,4486400
CBOM,D,20181030,000000,4.9930000,4.9950000,4.9230000,4.9410000,5158300
CBOM,D,20181031,000000,4.9650000,5.0280000,4.9650000,5.0280000,3963700
CBOM,D,20181101,000000,4.9980000,5.0400000,4.9950000,5.0200000,4798600
CBOM,D,20181102,000000,4.9970000,5.0610000,4.9970000,5.0610000,5648300
CBOM,D,20181106,000000,5.0650000,5.1120000,5.0360000,5.1120000,4909700
CBOM,D,20181107,000000,5.1000000,5.1430000,5.0800000,5.1100000,3854000
CBOM,D,20181108,000000,5.1130000,5.1540000,5.1110000,5.1120000,4798700
CBOM,D,20181109,000000,5.1200000,5.1400000,5.0560000,5.0570000,5300200
CBOM,D,20181112,000000,5.0880000,5.0900000,5.0270000,5.0780000,5385100
CBOM,D,20181113,000000,5.0990000,5.1100000,5.0390000,5.0590000,4834700
CBOM,D,20181114,000000,5.0740000,5.0800000,5.0350000,5.0800000,6210200
CBOM,D,20181115,000000,5.0560000,5.0970000,5.0500000,5.0610000,4477400
CBOM,D,20181116,000000,5.0630000,5.0960000,5.0520000,5.0520000,4689400
CBOM,D,20181119,000000,5.0400000,5.0860000,5.0400000,5.0520000,5036000
CBOM,D,20181120,000000,5.0750000,5.0810000,5.0050000,5.0050000,5850800
CBOM,D,20181121,000000,5.0360000,5.0430000,4.9840000,5.0430000,5122500
CBOM,D,20181122,000000,4.9990000,5.0720000,4.9990000,5.0410000,5267500
CBOM,D,20181123,000000,5.0180000,5.0720000,5.0130000,5.0270000,5677300
CBOM,D,20181126,000000,5.0070000,5.0540000,4.9650000,4.9650000,6012500
CBOM,D,20181127,000000,4.9960000,5.0300000,4.9780000,4.9910000,4913700
CBOM,D,20181128,000000,5.0220000,5.0350000,4.9850000,5.0250000,5162900
CBOM,D,20181129,000000,5.0810000,5.1080000,5.0400000,5.0430000,5240600
CBOM,D,20181130,000000,5.0730000,5.1950000,5.0340000,5.1950000,9110100
CBOM,D,20181203,000000,5.2180000,5.2180000,5.0950000,5.1500000,6973600
CBOM,D,20181204,000000,5.1820000,5.1820000,5.0910000,5.1220000,7164400
CBOM,D,20181205,000000,5.1030000,5.1530000,5.0900000,5.0900000,5953700
CBOM,D,20181206,000000,5.0960000,5.1000000,5.0450000,5.0450000,6417800
CBOM,D,20181207,000000,5.0680000,5.1050000,5.0630000,5.0750000,5146300
CBOM,D,20181210,000000,5.1060000,5.1110000,5.0620000,5.1110000,5329800
CBOM,D,20181211,000000,5.1290000,5.3020000,5.1290000,5.1400000,6971700
CBOM,D,20181212,000000,5.1580000,5.1670000,5.0820000,5.0820000,4353100
CBOM,D,20181213,000000,5.1010000,5.1190000,5.0610000,5.0990000,6284100
CBOM,D,20181214,000000,5.0820000,5.0980000,5.0520000,5.0980000,5110200
CBOM,D,20181217,000000,5.0690000,5.1420000,5.0670000,5.1380000,4212400
CBOM,D,20181218,000000,5.1380000,5.1690000,5.0590000,5.1200000,5821000
CBOM,D,20181219,000000,5.1460000,5.1480000,5.0000000,5.0000000,5935200
CBOM,D,20181220,000000,5.0270000,5.1120000,4.9830000,5.1100000,5231300
CBOM,D,20181221,000000,5.0940000,5.1350000,5.0940000,5.1200000,4378800
CBOM,D,20181224,000000,5.0940000,5.1330000,5.0810000,5.1170000,4873100
CBOM,D,20181225,000000,5.1480000,5.1480000,5.0800000,5.1000000,3824300
CBOM,D,20181226,000000,5.1170000,5.1600000,5.0800000,5.1600000,5665700
CBOM,D,20181227,000000,5.2210000,5.2490000,5.1280000,5.1730000,7105700
CBOM,D,20181228,000000,5.1990000,5.2050000,5.1220000,5.1660000,5162800
CBOM,D,20181229,000000,5.1700000,5.1900000,5.1450000,5.1700000,3194300
CBOM,D,20190103,000000,5.1460000,5.2110000,5.1420000,5.1700000,2438500
CBOM,D,20190104,000000,5.1990000,5.1990000,5.1400000,5.1730000,3127400
CBOM,D,20190108,000000,5.1480000,5.1800000,5.1460000,5.1740000,3769700
CBOM,D,20190109,000000,5.1980000,5.1980000,5.1430000,5.1520000,4328900
CBOM,D,20190110,000000,5.1500000,5.1850000,5.1210000,5.1630000,3999400
CBOM,D,20190111,000000,5.1360000,5.1940000,5.1360000,5.1820000,4602700
CBOM,D,20190114,000000,5.1890000,5.1890000,5.1430000,5.1590000,3923000
CBOM,D,20190115,000000,5.1830000,5.1840000,5.1500000,5.1600000,5528800
CBOM,D,20190116,000000,5.1340000,5.1850000,5.1340000,5.1540000,4577900
CBOM,D,20190117,000000,5.1300000,5.1790000,5.1250000,5.1450000,4335300
CBOM,D,20190118,000000,5.1440000,5.1890000,5.1440000,5.1700000,3936100
CBOM,D,20190121,000000,5.1520000,5.2030000,5.1510000,5.2030000,3914700
CBOM,D,20190122,000000,5.2220000,5.2330000,5.1750000,5.1750000,4437500
CBOM,D,20190123,000000,5.1510000,5.2380000,5.1500000,5.2380000,5997300
CBOM,D,20190124,000000,5.1840000,5.2400000,5.1840000,5.2280000,4846400
CBOM,D,20190125,000000,5.1970000,5.2650000,5.1960000,5.2500000,5548200
CBOM,D,20190128,000000,5.1900000,5.2820000,5.1900000,5.2590000,4243000
CBOM,D,20190129,000000,5.2790000,5.2810000,5.2300000,5.2800000,4813100
CBOM,D,20190130,000000,5.2960000,5.3000000,5.2740000,5.2800000,4927300
CBOM,D,20190131,000000,5.2840000,5.3750000,5.2840000,5.3750000,6084200
CBOM,D,20190201,000000,5.3500000,5.4030000,5.3500000,5.3730000,3770100
CBOM,D,20190204,000000,5.3490000,5.4350000,5.3410000,5.4350000,5640200
CBOM,D,20190205,000000,5.5430000,5.5430000,5.4500000,5.4880000,5617100
CBOM,D,20190206,000000,5.5220000,5.5230000,5.4650000,5.5180000,5716300
CBOM,D,20190207,000000,5.5220000,5.5530000,5.4710000,5.4710000,4545700
CBOM,D,20190208,000000,5.4690000,5.5040000,5.4300000,5.4950000,4640200
CBOM,D,20190211,000000,5.4770000,5.5340000,5.4760000,5.5170000,4386100
CBOM,D,20190212,000000,5.5180000,5.5530000,5.5180000,5.5240000,3921500
CBOM,D,20190213,000000,5.5290000,5.5450000,5.4900000,5.4940000,5507200
CBOM,D,20190214,000000,5.5080000,5.5080000,5.4380000,5.4450000,4281700
CBOM,D,20190215,000000,5.4840000,5.4900000,5.4180000,5.4580000,3700700
CBOM,D,20190218,000000,5.4360000,5.4890000,5.4220000,5.4220000,3823600
CBOM,D,20190219,000000,5.4500000,5.4500000,5.3890000,5.4120000,4063900
CBOM,D,20190220,000000,5.4110000,5.4500000,5.4080000,5.4500000,5500900
CBOM,D,20190221,000000,5.4800000,5.4800000,5.4400000,5.4400000,4371000
CBOM,D,20190222,000000,5.4180000,5.4700000,5.4150000,5.4610000,5182900
CBOM,D,20190225,000000,5.4680000,5.5030000,5.4320000,5.4500000,5778800
CBOM,D,20190226,000000,5.4370000,5.4670000,5.4350000,5.4350000,4149900
CBOM,D,20190227,000000,5.4680000,5.4680000,5.4400000,5.4400000,4526100
CBOM,D,20190228,000000,5.4720000,5.5150000,5.4260000,5.5150000,5585600
CBOM,D,20190301,000000,5.4910000,5.5250000,5.4820000,5.5000000,4890900
CBOM,D,20190304,000000,5.5150000,5.5470000,5.4820000,5.5010000,4555700
CBOM,D,20190305,000000,5.4840000,5.5120000,5.4650000,5.4650000,5422900
CBOM,D,20190306,000000,5.4650000,5.5360000,5.4650000,5.5180000,5665000
CBOM,D,20190307,000000,5.5390000,6.5260000,5.5390000,5.8540000,27004900
CBOM,D,20190311,000000,5.8200000,6.0500000,5.8200000,5.9000000,16097200
CBOM,D,20190312,000000,5.9490000,5.9670000,5.9120000,5.9400000,5225500
CBOM,D,20190313,000000,5.9600000,6.0000000,5.9160000,5.9430000,6386300
CBOM,D,20190314,000000,5.9560000,5.9870000,5.9320000,5.9650000,4894300
CBOM,D,20190315,000000,5.9780000,5.9780000,5.9140000,5.9300000,6391900
CBOM,D,20190318,000000,5.9600000,5.9660000,5.9450000,5.9600000,4916400
CBOM,D,20190319,000000,5.9800000,5.9800000,5.9510000,5.9520000,5085800
CBOM,D,20190320,000000,5.9740000,5.9860000,5.9320000,5.9320000,5332000
CBOM,D,20190321,000000,5.9640000,5.9690000,5.9180000,5.9300000,5776300
CBOM,D,20190322,000000,5.9390000,5.9390000,5.8950000,5.9330000,7982500
CBOM,D,20190325,000000,5.9490000,5.9490000,5.9090000,5.9490000,5139700
CBOM,D,20190326,000000,5.9480000,5.9700000,5.9300000,5.9700000,3660800
CBOM,D,20190327,000000,5.9340000,5.9800000,5.9280000,5.9530000,4664200
CBOM,D,20190328,000000,5.9680000,5.9860000,5.9400000,5.9600000,4460800
CBOM,D,20190329,000000,5.9720000,5.9950000,5.9540000,5.9670000,5896000
CBOM,D,20190401,000000,5.9700000,5.9870000,5.9370000,5.9700000,4633300
CBOM,D,20190402,000000,5.9830000,5.9860000,5.9690000,5.9800000,4325000
CBOM,D,20190403,000000,5.9990000,6.0220000,5.9680000,5.9680000,4634300
CBOM,D,20190404,000000,5.9770000,6.0000000,5.9540000,5.9640000,5909300
CBOM,D,20190405,000000,5.9550000,5.9760000,5.9510000,5.9760000,4718000
CBOM,D,20190408,000000,5.9870000,5.9930000,5.9800000,5.9800000,4548400
CBOM,D,20190409,000000,5.9910000,6.0170000,5.9810000,5.9890000,4413900
CBOM,D,20190410,000000,5.9930000,6.0020000,5.9850000,5.9970000,5316600
CBOM,D,20190411,000000,6.0350000,6.0350000,5.9400000,5.9400000,4860400
CBOM,D,20190412,000000,5.9720000,5.9770000,5.9460000,5.9600000,6983100
CBOM,D,20190415,000000,5.9970000,5.9970000,5.9410000,5.9540000,5294100
CBOM,D,20190416,000000,5.9470000,5.9610000,5.9300000,5.9370000,5657100
CBOM,D,20190417,000000,5.9560000,6.1500000,5.9560000,5.9980000,16279500
CBOM,D,20190418,000000,6.0090000,6.0270000,5.9600000,5.9600000,5052100
CBOM,D,20190419,000000,5.9460000,5.9880000,5.9430000,5.9750000,4279800
CBOM,D,20190422,000000,5.9830000,6.0000000,5.9590000,5.9590000,4413400
CBOM,D,20190423,000000,5.9760000,5.9900000,5.9610000,5.9680000,4484000
CBOM,D,20190424,000000,5.9850000,5.9850000,5.9420000,5.9460000,4393800
CBOM,D,20190425,000000,5.9710000,5.9710000,5.9280000,5.9290000,3835000
CBOM,D,20190426,000000,5.9300000,5.9350000,5.9100000,5.9350000,3876400
CBOM,D,20190429,000000,5.9350000,5.9620000,5.9350000,5.9380000,3993900
CBOM,D,20190430,000000,5.9410000,5.9660000,5.9300000,5.9300000,2980700
CBOM,D,20190502,000000,5.9120000,5.9750000,5.9010000,5.9300000,2485400
CBOM,D,20190503,000000,5.9640000,5.9880000,5.9300000,5.9880000,2205500
CBOM,D,20190506,000000,5.9720000,6.0050000,5.9400000,5.9880000,4460600
CBOM,D,20190507,000000,5.9880000,6.0000000,5.9650000,5.9760000,4156200
CBOM,D,20190508,000000,5.9610000,5.9800000,5.9600000,5.9700000,2732800
CBOM,D,20190510,000000,5.9610000,6.0000000,5.9350000,5.9350000,2214000
CBOM,D,20190513,000000,5.9290000,5.9430000,5.9000000,5.9430000,3874300
CBOM,D,20190514,000000,5.9700000,5.9760000,5.9520000,5.9720000,3924400
CBOM,D,20190515,000000,5.9530000,5.9810000,5.9440000,5.9810000,4788200
CBOM,D,20190516,000000,5.9800000,5.9810000,5.9540000,5.9540000,4663100
CBOM,D,20190517,000000,5.8350000,5.9730000,5.8350000,5.9510000,4107300
CBOM,D,20190520,000000,5.9430000,5.9770000,5.9280000,5.9500000,3689500
CBOM,D,20190521,000000,5.9650000,5.9700000,5.9430000,5.9600000,4180300
CBOM,D,20190522,000000,5.9790000,5.9850000,5.9710000,5.9710000,4107000
CBOM,D,20190523,000000,5.9640000,5.9820000,5.9420000,5.9470000,3831100
CBOM,D,20190524,000000,5.9680000,5.9770000,5.9420000,5.9740000,4047100
CBOM,D,20190527,000000,5.9940000,5.9940000,5.9700000,5.9820000,3769900
CBOM,D,20190528,000000,5.9860000,6.1450000,5.9670000,6.1450000,5831800
CBOM,D,20190529,000000,6.0900000,6.0990000,5.9640000,5.9950000,10596700
CBOM,D,20190530,000000,6.0160000,6.0160000,5.9800000,5.9800000,8085600
CBOM,D,20190531,000000,6.0100000,6.0100000,5.9600000,5.9600000,5644800
CBOM,D,20190603,000000,5.9510000,5.9770000,5.9340000,5.9700000,4303000
CBOM,D,20190604,000000,5.9610000,6.0000000,5.9410000,5.9750000,5519900
CBOM,D,20190605,000000,5.9510000,5.9810000,5.9350000,5.9750000,4708900
CBOM,D,20190606,000000,5.8560000,5.9880000,5.8560000,5.9880000,5848600
CBOM,D,20190607,000000,5.9870000,5.9870000,5.9780000,5.9800000,4176200
CBOM,D,20190610,000000,5.9710000,5.9860000,5.9600000,5.9730000,4463600
CBOM,D,20190611,000000,5.9400000,5.9770000,5.9400000,5.9760000,4363100
CBOM,D,20190613,000000,5.9700000,5.9720000,5.9600000,5.9610000,4396500
CBOM,D,20190614,000000,5.9620000,5.9800000,5.9340000,5.9570000,4257600
CBOM,D,20190617,000000,5.9450000,5.9820000,5.9350000,5.9540000,6298700
CBOM,D,20190618,000000,5.9310000,5.9840000,5.9150000,5.9650000,5587900
CBOM,D,20190619,000000,5.9670000,5.9740000,5.9450000,5.9670000,5658600
CBOM,D,20190620,000000,5.9550000,5.9780000,5.9510000,5.9780000,4545900
CBOM,D,20190621,000000,5.9620000,5.9750000,5.9510000,5.9750000,5678200
CBOM,D,20190624,000000,5.9850000,5.9970000,5.9640000,5.9730000,3960200
CBOM,D,20190625,000000,5.9990000,5.9990000,5.9510000,5.9510000,4303400
CBOM,D,20190626,000000,5.9410000,5.9760000,5.9300000,5.9630000,3890200
CBOM,D,20190627,000000,5.9960000,5.9960000,5.9520000,5.9730000,3874700
CBOM,D,20190628,000000,6.0000000,6.0000000,5.9390000,5.9650000,4366300
CBOM,D,20190701,000000,5.9990000,6.1090000,5.9560000,6.1090000,5174900
CBOM,D,20190702,000000,6.0720000,6.0720000,5.9710000,5.9710000,5729200
CBOM,D,20190703,000000,5.9520000,6.0000000,5.9440000,5.9900000,5676900
CBOM,D,20190704,000000,6.0000000,6.0010000,5.9500000,5.9550000,5164600
CBOM,D,20190705,000000,5.9410000,5.9970000,5.9410000,5.9860000,6532500
CBOM,D,20190708,000000,5.9980000,6.0220000,5.9510000,5.9680000,5964000
CBOM,D,20190709,000000,5.9690000,5.9690000,5.9550000,5.9650000,3763300
CBOM,D,20190710,000000,5.9920000,5.9920000,5.9580000,5.9600000,4553300
CBOM,D,20190711,000000,5.9880000,5.9880000,5.9420000,5.9420000,3781500
CBOM,D,20190712,000000,5.9510000,5.9590000,5.9430000,5.9450000,4294700
CBOM,D,20190715,000000,5.9570000,5.9590000,5.9180000,5.9520000,3745300
CBOM,D,20190716,000000,5.9220000,5.9770000,5.9220000,5.9500000,4061000
CBOM,D,20190717,000000,5.9270000,5.9700000,5.9270000,5.9470000,4422500
CBOM,D,20190718,000000,5.9700000,5.9830000,5.9360000,5.9500000,4159600
CBOM,D,20190719,000000,5.9560000,5.9830000,5.9400000,5.9500000,3824100
CBOM,D,20190722,000000,5.9580000,5.9750000,5.9420000,5.9610000,3654600
CBOM,D,20190723,000000,5.9750000,5.9790000,5.9510000,5.9600000,3810600
CBOM,D,20190724,000000,5.9690000,5.9750000,5.9570000,5.9650000,3738100
CBOM,D,20190725,000000,5.9510000,5.9930000,5.9500000,5.9700000,3717300
CBOM,D,20190726,000000,5.9510000,5.9730000,5.9500000,5.9650000,3601100
CBOM,D,20190729,000000,5.9990000,6.0020000,5.9570000,5.9660000,3683800
CBOM,D,20190730,000000,5.9540000,5.9760000,5.9510000,5.9600000,3756400
CBOM,D,20190731,000000,5.9530000,5.9850000,5.9410000,5.9620000,4107300
CBOM,D,20190801,000000,5.9730000,5.9730000,5.9540000,5.9660000,4068200
CBOM,D,20190802,000000,5.9500000,5.9670000,5.9420000,5.9510000,4002700
CBOM,D,20190805,000000,5.9330000,5.9500000,5.9330000,5.9430000,4651300
CBOM,D,20190806,000000,5.9470000,5.9730000,5.9470000,5.9600000,3506800
CBOM,D,20190807,000000,5.9470000,5.9650000,5.9470000,5.9500000,4288100
CBOM,D,20190808,000000,5.9570000,5.9680000,5.9540000,5.9640000,3968300
CBOM,D,20190809,000000,5.9700000,5.9850000,5.9480000,5.9600000,4142400
CBOM,D,20190812,000000,5.9470000,5.9720000,5.9470000,5.9680000,4321800
CBOM,D,20190813,000000,5.9650000,5.9700000,5.9540000,5.9600000,3554100
CBOM,D,20190814,000000,5.9430000,5.9690000,5.9420000,5.9540000,3749800
CBOM,D,20190815,000000,5.9440000,5.9550000,5.9380000,5.9470000,4056100
CBOM,D,20190816,000000,5.9520000,5.9600000,5.9420000,5.9420000,3374800
CBOM,D,20190819,000000,5.9340000,5.9630000,5.8570000,5.9410000,8567900
CBOM,D,20190820,000000,5.9470000,5.9470000,5.8850000,5.8850000,6881800
CBOM,D,20190821,000000,5.9080000,5.9180000,5.8570000,5.8990000,7394600
CBOM,D,20190822,000000,5.9160000,5.9160000,5.8500000,5.8630000,7701400
CBOM,D,20190823,000000,5.8830000,5.8830000,5.8330000,5.8550000,5517700
CBOM,D,20190826,000000,5.8420000,5.8700000,5.8320000,5.8630000,5354300
CBOM,D,20190827,000000,5.8560000,5.8700000,5.8520000,5.8700000,9918500
CBOM,D,20190828,000000,5.8760000,5.8890000,5.8600000,5.8860000,3959800
CBOM,D,20190829,000000,5.8860000,5.9300000,5.8780000,5.9300000,4553900
CBOM,D,20190830,000000,5.9200000,5.9870000,5.9200000,5.9580000,10022600
CBOM,D,20190902,000000,5.9490000,5.9910000,5.9490000,5.9770000,4369400
CBOM,D,20190903,000000,5.9690000,5.9840000,5.9410000,5.9470000,5536500
CBOM,D,20190904,000000,5.9420000,5.9700000,5.9400000,5.9590000,4273900
CBOM,D,20190905,000000,5.9530000,5.9820000,5.9480000,5.9660000,4440300
CBOM,D,20190906,000000,5.9660000,5.9670000,5.9310000,5.9450000,4730900
CBOM,D,20190909,000000,5.9370000,5.9540000,5.9340000,5.9430000,4692200
CBOM,D,20190910,000000,5.9540000,5.9540000,5.9350000,5.9400000,4350300
CBOM,D,20190911,000000,5.9360000,5.9700000,5.9340000,5.9490000,5017300
CBOM,D,20190912,000000,5.9580000,5.9580000,5.9300000,5.9300000,4645300
CBOM,D,20190913,000000,5.9260000,5.9370000,5.9060000,5.9100000,3813200
CBOM,D,20190916,000000,5.9120000,5.9390000,5.9120000,5.9190000,5908500
CBOM,D,20190917,000000,5.9250000,5.9310000,5.9070000,5.9170000,4907900
CBOM,D,20190918,000000,5.9240000,5.9250000,5.9070000,5.9210000,4237900
CBOM,D,20190919,000000,5.9300000,5.9300000,5.9040000,5.9050000,4198900
CBOM,D,20190920,000000,5.9020000,5.9510000,5.8880000,5.9510000,5661900
CBOM,D,20190923,000000,5.9410000,5.9490000,5.9000000,5.9010000,4179100
CBOM,D,20190924,000000,5.9010000,5.9130000,5.8900000,5.8900000,4756400
CBOM,D,20190925,000000,5.8720000,5.8730000,5.7350000,5.7760000,13500900
CBOM,D,20190926,000000,5.7850000,5.7920000,5.7680000,5.7830000,3628100
CBOM,D,20190927,000000,5.7900000,5.7990000,5.7710000,5.7760000,3918200
CBOM,D,20190930,000000,5.7670000,5.7840000,5.7640000,5.7780000,4209600
CBOM,D,20191001,000000,5.7850000,5.7990000,5.7430000,5.7770000,6001300
CBOM,D,20191002,000000,5.7830000,5.7860000,5.7480000,5.7610000,6245100
CBOM,D,20191003,000000,5.7530000,5.7680000,5.7430000,5.7520000,5164000
CBOM,D,20191004,000000,5.7480000,5.7620000,5.7400000,5.7410000,7717400
CBOM,D,20191007,000000,5.7410000,5.7620000,5.7340000,5.7540000,5571600
CBOM,D,20191008,000000,5.7500000,5.7620000,5.7400000,5.7560000,7212900
CBOM,D,20191009,000000,5.7610000,5.7690000,5.7490000,5.7630000,7002600
CBOM,D,20191010,000000,5.7630000,5.7730000,5.7490000,5.7730000,6462900
CBOM,D,20191011,000000,5.7750000,5.7860000,5.7580000,5.7580000,8215900
CBOM,D,20191014,000000,5.7530000,5.7920000,5.7320000,5.7450000,7541100
CBOM,D,20191015,000000,5.7650000,5.7740000,5.7370000,5.7640000,7822700
CBOM,D,20191016,000000,5.7670000,5.7920000,5.7520000,5.7850000,8953300
CBOM,D,20191017,000000,5.7930000,5.7970000,5.7740000,5.7770000,8696600
CBOM,D,20191018,000000,5.7730000,5.7900000,5.7690000,5.7800000,8673000
CBOM,D,20191021,000000,5.7740000,5.8090000,5.7660000,5.7890000,9440800
CBOM,D,20191022,000000,5.7940000,5.8240000,5.7800000,5.8230000,9222000
CBOM,D,20191023,000000,5.8230000,5.8270000,5.7900000,5.8000000,7955100
CBOM,D,20191024,000000,5.7780000,5.7810000,5.7330000,5.7550000,9025200
CBOM,D,20191025,000000,5.7510000,5.8950000,5.7470000,5.8700000,10400900
CBOM,D,20191028,000000,5.8510000,5.8520000,5.7780000,5.7780000,9415300
CBOM,D,20191029,000000,5.7820000,5.8010000,5.6030000,5.7400000,10878500
CBOM,D,20191030,000000,5.7470000,5.7660000,5.7090000,5.7600000,8329100
CBOM,D,20191031,000000,5.7670000,5.7900000,5.7370000,5.7720000,11540500
CBOM,D,20191101,000000,5.7680000,5.8050000,5.7450000,5.7970000,8311900
CBOM,D,20191105,000000,5.8020000,5.8160000,5.2110000,5.5650000,30353900
CBOM,D,20191106,000000,5.6010000,5.6230000,5.4450000,5.4500000,37157700
CBOM,D,20191107,000000,5.4480000,5.6110000,5.4000000,5.6110000,35167900
CBOM,D,20191108,000000,5.5820000,5.6140000,5.5550000,5.6140000,27592700
CBOM,D,20191111,000000,5.6090000,5.6820000,5.5590000,5.6200000,27753100
CBOM,D,20191112,000000,5.5920000,5.6500000,5.5670000,5.6200000,28948500
CBOM,D,20191113,000000,5.6100000,5.6300000,5.5140000,5.5140000,31176700
CBOM,D,20191114,000000,5.5600000,5.6280000,5.5600000,5.6040000,21593300
CBOM,D,20191115,000000,5.6050000,5.6940000,5.5650000,5.6900000,28170900
CBOM,D,20191118,000000,5.6900000,5.7670000,5.6560000,5.6710000,16030100
CBOM,D,20191119,000000,5.6630000,5.7230000,5.6550000,5.7230000,24310800
CBOM,D,20191120,000000,5.6500000,5.7400000,5.6500000,5.6770000,20146000
CBOM,D,20191121,000000,5.6960000,5.7210000,5.6410000,5.6870000,21070000
CBOM,D,20191122,000000,5.6820000,5.7240000,5.6720000,5.6780000,17967000
CBOM,D,20191125,000000,5.6710000,5.7130000,5.6670000,5.6980000,18506400
CBOM,D,20191126,000000,5.7050000,5.8300000,5.6600000,5.8300000,30826300
CBOM,D,20191127,000000,5.7470000,6.0100000,5.7000000,5.9100000,36900000
CBOM,D,20191128,000000,5.9010000,5.9380000,5.8750000,5.9180000,23043500
CBOM,D,20191129,000000,5.9180000,5.9500000,5.8970000,5.9390000,22043600
CBOM,D,20191202,000000,5.9490000,5.9880000,5.9180000,5.9180000,29582400
CBOM,D,20191203,000000,5.9230000,5.9230000,5.8580000,5.8700000,33703000
CBOM,D,20191204,000000,5.8630000,5.9040000,5.7830000,5.9030000,57088700
CBOM,D,20191205,000000,5.9100000,5.9360000,5.8310000,5.8810000,21868300
CBOM,D,20191206,000000,5.8730000,5.9680000,5.8130000,5.9300000,53134500
CBOM,D,20191209,000000,5.9230000,6.0090000,5.9020000,5.9970000,38928300
CBOM,D,20191210,000000,6.0040000,6.0050000,5.9150000,5.9550000,22019300
CBOM,D,20191211,000000,5.9460000,5.9900000,5.8910000,5.9720000,43988500
CBOM,D,20191212,000000,5.9630000,6.0300000,5.9620000,5.9900000,26682000
CBOM,D,20191213,000000,5.9890000,6.0200000,5.9500000,5.9960000,45143600
CBOM,D,20191216,000000,5.9960000,6.0370000,5.9720000,5.9900000,27883300
CBOM,D,20191217,000000,5.9840000,6.0240000,5.9600000,5.9960000,22135100
CBOM,D,20191218,000000,5.9790000,5.9870000,5.8800000,5.9410000,47154900
CBOM,D,20191219,000000,5.9500000,5.9850000,5.8430000,5.9050000,24364600
CBOM,D,20191220,000000,5.9010000,5.9390000,5.8740000,5.8740000,24732200
CBOM,D,20191223,000000,5.8770000,5.9060000,5.8490000,5.9040000,21711800
CBOM,D,20191224,000000,5.9010000,5.9250000,5.8610000,5.8710000,24229800
CBOM,D,20191225,000000,5.8620000,5.8900000,5.8350000,5.8590000,21813800
CBOM,D,20191226,000000,5.8490000,5.8690000,5.8110000,5.8620000,13732900
CBOM,D,20191227,000000,5.8710000,5.8880000,5.8540000,5.8880000,13578900
CBOM,D,20191230,000000,5.8710000,5.9250000,5.8600000,5.8790000,11845000
CBOM,D,20200103,000000,5.8880000,5.9170000,5.8700000,5.9170000,3936200
CBOM,D,20200106,000000,5.9420000,5.9420000,5.8620000,5.8860000,5131600
CBOM,D,20200108,000000,5.8780000,5.9200000,5.8640000,5.9070000,7389000
CBOM,D,20200109,000000,5.9000000,5.9340000,5.8530000,5.9180000,24934900
CBOM,D,20200110,000000,5.9080000,5.9380000,5.8660000,5.9010000,32781700
CBOM,D,20200113,000000,5.8920000,5.9110000,5.8600000,5.8800000,23233500
CBOM,D,20200114,000000,5.8800000,5.9080000,5.7800000,5.8490000,27495500
CBOM,D,20200115,000000,5.8400000,5.8700000,5.8010000,5.8100000,30542000
CBOM,D,20200116,000000,5.8110000,5.9090000,5.7950000,5.8870000,46069400
CBOM,D,20200117,000000,5.8870000,5.9760000,5.8870000,5.9690000,29973200
CBOM,D,20200120,000000,5.9790000,6.0300000,5.9490000,6.0180000,23571500
CBOM,D,20200121,000000,6.0010000,6.0180000,5.8930000,5.9730000,33365200
CBOM,D,20200122,000000,5.9800000,5.9930000,5.8710000,5.9150000,29389500
CBOM,D,20200123,000000,5.9330000,5.9330000,5.7730000,5.8440000,31653700
CBOM,D,20200124,000000,5.8550000,5.9390000,5.8290000,5.8480000,35097300
CBOM,D,20200127,000000,5.8570000,5.8630000,5.6770000,5.7940000,43271000
CBOM,D,20200128,000000,5.7950000,5.8650000,5.7740000,5.8280000,27594100
CBOM,D,20200129,000000,5.8140000,5.9060000,5.8010000,5.8460000,40337200
CBOM,D,20200130,000000,5.8480000,5.8600000,5.7980000,5.8000000,25566000
CBOM,D,20200131,000000,5.8050000,5.8970000,5.7410000,5.7780000,46187800
CBOM,D,20200203,000000,5.7980000,5.8570000,5.7570000,5.7610000,30805400
CBOM,D,20200204,000000,5.7650000,5.8500000,5.7510000,5.8220000,28960900
CBOM,D,20200205,000000,5.8330000,5.8990000,5.8030000,5.8860000,29667500
CBOM,D,20200206,000000,5.8930000,5.9390000,5.8410000,5.8600000,31804800
CBOM,D,20200207,000000,5.8690000,5.8790000,5.7800000,5.8180000,32590000
CBOM,D,20200210,000000,5.8230000,5.8520000,5.7070000,5.7220000,55264900
CBOM,D,20200211,000000,5.7320000,5.8050000,5.7230000,5.8050000,41746200
CBOM,D,20200212,000000,5.8110000,5.8540000,5.7920000,5.8310000,27561900
CBOM,D,20200213,000000,5.8400000,5.8400000,5.7830000,5.7990000,23338100
CBOM,D,20200214,000000,5.8030000,5.8270000,5.7180000,5.8000000,43228400
CBOM,D,20200217,000000,5.8010000,5.8340000,5.7860000,5.8340000,25076900
CBOM,D,20200218,000000,5.8350000,5.8410000,5.7540000,5.8100000,46971600
CBOM,D,20200219,000000,5.8160000,5.9130000,5.8010000,5.8950000,39084600
CBOM,D,20200220,000000,5.8940000,5.9550000,5.8940000,5.9220000,24374700
CBOM,D,20200221,000000,5.9180000,5.9400000,5.8750000,5.9100000,24253900
CBOM,D,20200225,000000,5.9060000,5.9090000,5.7330000,5.7330000,36516100
CBOM,D,20200226,000000,5.7320000,5.7750000,5.6640000,5.7470000,33704400
CBOM,D,20200227,000000,5.7430000,5.7520000,5.5950000,5.6350000,39048100
CBOM,D,20200228,000000,5.5990000,5.6500000,5.4830000,5.6500000,52368100
CBOM,D,20200302,000000,5.6500000,5.8200000,5.5300000,5.6310000,55383100
CBOM,D,20200303,000000,5.6430000,5.7850000,5.6010000,5.7340000,49410100
CBOM,D,20200304,000000,5.6510000,5.7700000,5.6500000,5.7580000,35077000
CBOM,D,20200305,000000,5.7810000,5.7960000,5.7040000,5.7120000,41819600
CBOM,D,20200306,000000,5.7050000,5.7050000,5.5270000,5.5760000,38147600
CBOM,D,20200310,000000,5.5480000,5.5500000,5.1290000,5.3900000,71319400
CBOM,D,20200311,000000,5.4020000,5.5010000,5.3120000,5.3610000,40250100
CBOM,D,20200312,000000,5.3320000,5.3320000,5.0910000,5.1350000,50344100
CBOM,D,20200313,000000,5.1460000,5.4240000,5.1450000,5.2330000,55202300
CBOM,D,20200316,000000,5.3370000,5.3370000,5.0050000,5.1320000,41383400
CBOM,D,20200317,000000,5.1390000,5.1950000,5.0490000,5.0720000,51554700
CBOM,D,20200318,000000,5.0690000,5.0690000,4.8560000,4.9220000,36806300
CBOM,D,20200319,000000,4.9290000,5.2960000,4.9290000,5.2030000,60281500
CBOM,D,20200320,000000,5.2490000,5.4750000,5.1470000,5.4300000,73188700
CBOM,D,20200323,000000,5.4240000,5.4240000,5.1740000,5.2670000,58400500
CBOM,D,20200324,000000,5.3060000,5.5780000,5.3060000,5.5000000,61573100
CBOM,D,20200325,000000,5.5500000,5.7890000,5.3020000,5.4250000,101941200
CBOM,D,20200326,000000,5.4340000,5.4980000,5.3070000,5.4210000,73434600
CBOM,D,20200327,000000,5.4210000,5.4360000,5.2420000,5.2660000,79859700
CBOM,D,20200330,000000,5.2580000,5.3410000,5.1300000,5.3360000,56044700
CBOM,D,20200331,000000,5.3730000,5.5050000,5.3440000,5.4950000,54431100
CBOM,D,20200401,000000,5.4000000,5.4440000,5.3740000,5.4020000,53474500
CBOM,D,20200402,000000,5.5300000,5.5590000,5.3070000,5.4650000,60705800
CBOM,D,20200403,000000,5.4650000,5.4830000,5.4040000,5.4330000,45761900
CBOM,D,20200406,000000,5.4830000,5.6720000,5.4370000,5.5510000,66391600
CBOM,D,20200407,000000,5.6000000,5.8100000,5.5500000,5.6330000,59531200
CBOM,D,20200408,000000,5.6250000,5.6850000,5.5410000,5.6300000,49351100
CBOM,D,20200409,000000,5.6810000,5.7850000,5.6300000,5.6890000,49406900
CBOM,D,20200410,000000,5.6820000,5.6990000,5.6080000,5.6390000,31882800
CBOM,D,20200413,000000,5.6450000,5.6530000,5.4900000,5.5350000,51827500
CBOM,D,20200414,000000,5.5990000,5.6230000,5.5250000,5.5250000,52306300
CBOM,D,20200415,000000,5.5260000,5.5470000,5.2700000,5.2890000,79146900
CBOM,D,20200416,000000,5.2930000,5.3850000,5.2570000,5.3150000,73206300
CBOM,D,20200417,000000,5.3410000,5.3730000,5.3080000,5.3350000,47694200
CBOM,D,20200420,000000,5.2900000,5.3630000,5.2510000,5.3130000,47272800
CBOM,D,20200421,000000,5.2880000,5.3010000,5.1310000,5.2060000,61990700
CBOM,D,20200422,000000,5.1940000,5.3250000,5.1900000,5.2730000,105060600
CBOM,D,20200423,000000,5.2870000,5.3460000,5.1850000,5.3100000,77366400
CBOM,D,20200424,000000,5.3070000,5.3180000,5.2270000,5.2350000,65445400
CBOM,D,20200427,000000,5.2400000,5.2890000,5.2220000,5.2730000,52000800
CBOM,D,20200428,000000,5.2730000,5.3930000,5.2610000,5.3020000,89105500
CBOM,D,20200429,000000,5.3110000,5.4240000,5.2900000,5.3550000,90126400
CBOM,D,20200430,000000,5.3680000,5.4600000,5.3180000,5.4500000,92879400
CBOM,D,20200504,000000,5.3930000,5.4550000,5.3260000,5.3970000,83888400
CBOM,D,20200505,000000,5.4110000,5.4760000,5.3900000,5.4120000,45342000
CBOM,D,20200506,000000,5.4230000,5.4690000,5.3730000,5.3730000,62027200
CBOM,D,20200507,000000,5.3790000,5.4200000,5.3530000,5.3870000,70322200
CBOM,D,20200508,000000,5.3910000,5.4650000,5.3730000,5.3910000,74664500
CBOM,D,20200512,000000,5.3970000,5.4290000,5.3540000,5.4040000,65488300
CBOM,D,20200513,000000,5.4010000,5.4080000,5.3050000,5.3300000,65485300
CBOM,D,20200514,000000,5.3260000,5.3820000,5.2780000,5.2780000,63626800
CBOM,D,20200515,000000,5.2920000,5.3460000,5.2750000,5.2880000,87031100
CBOM,D,20200518,000000,5.2950000,5.4080000,5.2940000,5.3950000,49462800
CBOM,D,20200519,000000,5.4040000,5.4420000,5.3770000,5.4010000,61712500
CBOM,D,20200520,000000,5.4010000,5.4970000,5.3880000,5.4770000,50737100
CBOM,D,20200521,000000,5.4700000,5.5270000,5.3490000,5.3490000,32804100
CBOM,D,20200522,000000,5.3360000,5.3640000,5.2900000,5.3420000,39843900
CBOM,D,20200525,000000,5.3480000,5.3890000,5.3350000,5.3630000,32419700
CBOM,D,20200526,000000,5.3770000,5.4090000,5.3450000,5.3450000,32581200
CBOM,D,20200527,000000,5.3460000,5.3630000,5.2900000,5.2960000,55803200
CBOM,D,20200528,000000,5.3000000,5.3570000,5.2910000,5.3480000,20883900
CBOM,D,20200529,000000,5.3400000,5.4150000,5.2370000,5.4150000,112643000
CBOM,D,20200601,000000,5.4070000,5.4610000,5.3780000,5.4240000,44244800
CBOM,D,20200602,000000,5.4240000,5.4800000,5.4130000,5.4700000,40823800
CBOM,D,20200603,000000,5.4900000,5.5260000,5.4550000,5.5070000,45014000
CBOM,D,20200604,000000,5.5100000,5.5190000,5.4620000,5.4740000,51781300
CBOM,D,20200605,000000,5.4850000,5.5220000,5.4500000,5.4910000,68745300
CBOM,D,20200608,000000,5.4940000,5.5400000,5.4750000,5.4840000,41092000
CBOM,D,20200609,000000,5.4910000,5.5120000,5.4240000,5.5050000,58015600
CBOM,D,20200610,000000,5.5100000,5.5290000,5.4580000,5.5100000,40913200
CBOM,D,20200611,000000,5.5110000,5.5180000,5.4060000,5.4420000,47331800
CBOM,D,20200615,000000,5.4250000,5.4420000,5.3410000,5.3710000,57250800
CBOM,D,20200616,000000,5.3820000,5.4360000,5.3750000,5.4120000,52541800
CBOM,D,20200617,000000,5.4200000,5.4750000,5.4120000,5.4750000,46824300
CBOM,D,20200618,000000,5.4400000,5.5060000,5.4310000,5.5000000,59918500
CBOM,D,20200619,000000,5.5090000,5.5620000,5.4890000,5.5050000,50222300
CBOM,D,20200622,000000,5.5050000,5.5870000,5.4810000,5.5670000,43056000
CBOM,D,20200623,000000,5.5690000,5.6190000,5.5560000,5.5990000,50426400
CBOM,D,20200625,000000,5.5870000,5.6640000,5.5090000,5.5360000,56728100
CBOM,D,20200626,000000,5.5400000,5.6220000,5.5190000,5.5420000,70060600
CBOM,D,20200629,000000,5.5450000,5.5810000,5.5020000,5.5810000,43543500
CBOM,D,20200630,000000,5.5760000,5.6490000,5.5550000,5.5790000,68662300
CBOM,D,20200702,000000,5.5850000,5.6360000,5.5800000,5.6290000,42615300
CBOM,D,20200703,000000,5.6280000,5.6750000,5.6160000,5.6420000,47395200
CBOM,D,20200706,000000,5.6470000,5.7020000,5.6220000,5.7020000,84028900
CBOM,D,20200707,000000,5.5510000,5.7420000,5.5510000,5.6580000,48600400
CBOM,D,20200708,000000,5.6660000,5.6990000,5.6140000,5.6200000,41082200
CBOM,D,20200709,000000,5.6260000,5.6570000,5.5540000,5.6000000,70906800
CBOM,D,20200710,000000,5.5890000,5.6380000,5.5810000,5.6080000,47093400
CBOM,D,20200713,000000,5.6150000,5.6810000,5.5810000,5.6510000,49853400
CBOM,D,20200714,000000,5.6020000,5.6670000,5.5250000,5.5820000,37648800
CBOM,D,20200715,000000,5.5850000,5.6270000,5.5600000,5.6270000,43532500
CBOM,D,20200716,000000,5.6320000,5.6570000,5.5830000,5.6420000,45957000
CBOM,D,20200717,000000,5.6300000,5.6770000,5.6130000,5.6750000,48527600
CBOM,D,20200720,000000,5.6770000,5.7050000,5.6400000,5.6930000,51285100
CBOM,D,20200721,000000,5.7050000,5.7450000,5.6520000,5.7400000,89481800
CBOM,D,20200722,000000,5.7420000,5.7770000,5.6800000,5.7650000,55390800
CBOM,D,20200723,000000,5.7710000,5.8280000,5.7660000,5.7750000,42293900
CBOM,D,20200724,000000,5.7680000,5.7980000,5.7290000,5.7900000,44264300
CBOM,D,20200727,000000,5.7670000,5.8610000,5.7670000,5.8240000,47110900
CBOM,D,20200728,000000,5.8360000,5.8990000,5.8190000,5.8990000,61849800
CBOM,D,20200729,000000,5.8950000,5.9330000,5.8370000,5.9210000,54670100
CBOM,D,20200730,000000,5.9180000,5.9250000,5.8220000,5.8760000,55457700
CBOM,D,20200731,000000,5.8800000,5.9440000,5.8550000,5.9440000,64356300
CBOM,D,20200803,000000,5.9450000,5.9960000,5.9010000,5.9700000,49551700
CBOM,D,20200804,000000,5.9670000,6.0100000,5.9590000,5.9910000,43590000
CBOM,D,20200805,000000,5.9910000,6.0060000,5.9220000,5.9370000,64230100
CBOM,D,20200806,000000,5.9120000,5.9740000,5.9000000,5.9300000,46301600
CBOM,D,20200807,000000,5.9300000,5.9490000,5.8310000,5.9050000,49519600
CBOM,D,20200810,000000,5.9060000,5.9480000,5.8740000,5.8900000,47368100
CBOM,D,20200811,000000,5.8960000,5.9430000,5.8850000,5.9300000,42607700
CBOM,D,20200812,000000,5.9400000,5.9750000,5.8860000,5.9730000,46365600
CBOM,D,20200813,000000,5.9620000,5.9770000,5.9000000,5.9620000,58791400
CBOM,D,20200814,000000,5.9650000,5.9650000,5.8800000,5.9290000,48021000
CBOM,D,20200817,000000,5.9370000,5.9710000,5.8400000,5.9200000,60738800
CBOM,D,20200818,000000,5.9220000,5.9950000,5.8870000,5.9550000,56701800
CBOM,D,20200819,000000,5.9550000,5.9940000,5.9300000,5.9580000,41382200
CBOM,D,20200820,000000,5.9630000,5.9630000,5.8540000,5.8840000,46161100
CBOM,D,20200821,000000,5.8960000,5.9150000,5.8700000,5.8880000,51780700
CBOM,D,20200824,000000,5.8940000,5.9380000,5.8910000,5.9120000,44450100
CBOM,D,20200825,000000,5.9180000,5.9340000,5.7410000,5.8870000,94960500
CBOM,D,20200826,000000,5.8920000,5.9220000,5.8630000,5.9100000,44406500
CBOM,D,20200827,000000,5.9120000,5.9350000,5.8550000,5.9130000,52942300
CBOM,D,20200828,000000,5.9120000,5.9320000,5.8700000,5.8820000,42912400
CBOM,D,20200831,000000,5.8850000,6.1320000,5.8500000,5.8620000,59208800
CBOM,D,20200901,000000,5.8980000,6.0000000,5.8030000,5.9080000,70412500
CBOM,D,20200902,000000,5.9130000,5.9270000,5.8570000,5.8720000,57006000
CBOM,D,20200903,000000,5.8720000,5.9120000,5.7890000,5.8260000,47341700
CBOM,D,20200904,000000,5.8240000,5.8440000,5.7730000,5.8240000,53719500
CBOM,D,20200907,000000,5.8340000,5.8790000,5.8030000,5.8400000,54629700
CBOM,D,20200908,000000,5.8420000,5.8620000,5.7400000,5.8190000,39260800
CBOM,D,20200909,000000,5.8200000,5.8390000,5.7620000,5.8030000,44522100
CBOM,D,20200910,000000,5.8040000,5.8210000,5.7150000,5.7420000,63944500
CBOM,D,20200911,000000,5.7500000,5.8780000,5.7430000,5.8310000,66893100
CBOM,D,20200914,000000,5.8410000,5.8700000,5.8120000,5.8490000,45850700
CBOM,D,20200915,000000,5.8550000,5.8970000,5.8410000,5.8720000,45651200
CBOM,D,20200916,000000,5.8800000,5.8850000,5.8200000,5.8300000,43909200
CBOM,D,20200917,000000,5.8350000,5.9040000,5.7740000,5.9000000,49967400
CBOM,D,20200918,000000,5.9020000,5.9070000,5.4590000,5.8320000,58298100
CBOM,D,20200921,000000,5.8350000,5.8360000,5.6390000,5.6630000,75613300
CBOM,D,20200922,000000,5.6890000,5.7350000,5.6680000,5.6900000,56642900
CBOM,D,20200923,000000,5.6890000,5.7810000,5.6860000,5.7250000,46578500
CBOM,D,20200924,000000,5.7260000,5.7730000,5.6920000,5.7360000,68604400
CBOM,D,20200925,000000,5.7450000,5.7490000,5.6590000,5.7160000,43812900
CBOM,D,20200928,000000,5.7160000,5.8160000,5.7160000,5.8080000,51975600
CBOM,D,20200929,000000,5.8150000,5.8460000,5.7620000,5.8450000,48461300
CBOM,D,20200930,000000,5.8340000,5.8640000,5.7910000,5.8530000,64249600
CBOM,D,20201001,000000,5.8630000,5.8690000,5.7950000,5.8140000,61504900
CBOM,D,20201002,000000,5.8190000,5.8190000,5.6160000,5.7430000,50171800
CBOM,D,20201005,000000,5.7470000,5.7860000,5.7350000,5.7630000,45996200
CBOM,D,20201006,000000,5.7660000,5.8130000,5.7490000,5.7770000,77225800
CBOM,D,20201007,000000,5.7710000,5.7900000,5.6720000,5.6810000,71250300
CBOM,D,20201008,000000,5.6950000,5.7190000,5.6680000,5.6850000,42458000
CBOM,D,20201009,000000,5.6790000,5.6920000,5.6250000,5.6640000,41806500
CBOM,D,20201012,000000,5.6690000,5.7080000,5.6580000,5.6710000,56334800
CBOM,D,20201013,000000,5.6850000,5.7150000,5.6400000,5.6410000,60183100
CBOM,D,20201014,000000,5.6430000,5.6890000,5.6260000,5.6260000,53125500
CBOM,D,20201015,000000,5.6280000,5.6420000,5.5430000,5.5550000,60305700
CBOM,D,20201016,000000,5.5550000,5.5650000,5.5030000,5.5290000,48947500
CBOM,D,20201019,000000,5.5260000,5.6080000,5.5090000,5.5330000,60324400
CBOM,D,20201020,000000,5.5310000,5.5900000,5.5000000,5.5610000,63033500
CBOM,D,20201021,000000,5.5610000,5.5850000,5.5260000,5.5370000,53770000
CBOM,D,20201022,000000,5.5470000,5.5790000,5.5380000,5.5550000,51444000
CBOM,D,20201023,000000,5.5660000,5.6310000,5.5440000,5.6090000,67871600
CBOM,D,20201026,000000,5.6060000,5.6100000,5.5500000,5.5810000,49612700
CBOM,D,20201027,000000,5.5780000,5.6020000,5.5340000,5.5460000,46890800
CBOM,D,20201028,000000,5.5400000,5.5450000,5.4110000,5.4700000,71686300
CBOM,D,20201029,000000,5.4720000,5.5250000,5.4620000,5.5110000,66974300
CBOM,D,20201030,000000,5.5020000,5.5040000,5.4390000,5.4420000,57444500
CBOM,D,20201102,000000,5.4470000,5.5250000,5.4220000,5.4930000,53803900
CBOM,D,20201103,000000,5.5040000,5.5620000,5.4930000,5.5510000,47753100
CBOM,D,20201105,000000,5.5580000,5.6390000,5.5580000,5.6160000,58224000
CBOM,D,20201106,000000,5.6170000,5.6540000,5.5710000,5.6500000,47737000
CBOM,D,20201109,000000,5.6560000,5.7520000,5.6510000,5.7360000,51433000
CBOM,D,20201110,000000,5.7410000,5.7550000,5.6810000,5.7540000,54944000
CBOM,D,20201111,000000,5.7600000,5.7970000,5.7240000,5.7450000,51457200
CBOM,D,20201112,000000,5.7350000,5.7480000,5.6980000,5.7060000,58366300
CBOM,D,20201113,000000,5.7120000,5.7190000,5.6410000,5.6530000,73224300
CBOM,D,20201116,000000,5.6580000,5.7270000,5.6580000,5.7020000,46370900
CBOM,D,20201117,000000,5.6960000,5.7030000,5.6070000,5.6610000,68371100
CBOM,D,20201118,000000,5.6610000,5.8070000,5.6310000,5.7770000,92516800
CBOM,D,20201119,000000,5.7720000,5.8090000,5.7040000,5.7500000,53890900
CBOM,D,20201120,000000,5.7660000,5.7830000,5.7180000,5.7550000,54701600
CBOM,D,20201123,000000,5.7690000,5.8650000,5.7510000,5.7650000,50279300
CBOM,D,20201124,000000,5.7810000,5.9220000,5.7760000,5.9130000,54095800
CBOM,D,20201125,000000,5.9210000,5.9980000,5.8890000,5.9950000,53437200
CBOM,D,20201126,000000,5.9980000,6.0200000,5.9560000,5.9930000,43207600
CBOM,D,20201127,000000,6.0000000,6.0270000,5.9490000,6.0100000,63008800
CBOM,D,20201130,000000,6.0030000,6.0100000,5.9550000,5.9750000,51742400
CBOM,D,20201201,000000,5.9940000,6.0640000,5.9890000,6.0520000,60983600
CBOM,D,20201202,000000,6.0480000,6.1510000,6.0320000,6.1340000,54271900
CBOM,D,20201203,000000,6.1380000,6.1400000,6.0820000,6.1060000,61929900
CBOM,D,20201204,000000,6.1110000,6.1960000,6.1110000,6.1780000,50226100
CBOM,D,20201207,000000,6.1770000,6.2270000,6.1570000,6.1840000,65468800
CBOM,D,20201208,000000,6.1780000,6.2000000,6.1230000,6.1790000,56394400
CBOM,D,20201209,000000,6.1830000,6.2330000,6.0960000,6.1260000,82887300
CBOM,D,20201210,000000,6.1220000,6.1410000,6.0770000,6.1260000,65344700
CBOM,D,20201211,000000,6.1380000,6.1640000,6.0270000,6.0350000,69045100
CBOM,D,20201214,000000,6.0390000,6.0620000,5.9790000,5.9850000,50151900
CBOM,D,20201215,000000,5.9860000,6.0400000,5.9360000,5.9450000,61680900
CBOM,D,20201216,000000,5.9500000,6.0180000,5.9400000,6.0140000,55433400
CBOM,D,20201217,000000,6.0180000,6.0840000,5.8580000,6.0670000,66073400
CBOM,D,20201218,000000,6.0750000,6.1450000,6.0200000,6.0330000,59542900
CBOM,D,20201221,000000,6.0450000,6.0490000,5.9120000,5.9450000,57911700
CBOM,D,20201222,000000,5.9450000,6.0670000,5.9290000,6.0600000,50211400
CBOM,D,20201223,000000,5.9690000,6.1000000,5.9690000,6.0550000,52653400
CBOM,D,20201224,000000,6.0490000,6.0750000,6.0010000,6.0150000,44500100
CBOM,D,20201225,000000,6.0120000,6.1310000,6.0100000,6.1090000,43835700
CBOM,D,20201228,000000,6.0790000,6.1590000,6.0750000,6.1510000,46286400
CBOM,D,20201229,000000,6.1560000,6.1670000,6.1310000,6.1450000,40420000
CBOM,D,20201230,000000,6.1410000,6.1680000,6.1270000,6.1520000,45229500
