DSKY,D,20170210,000000,85.0000000,85.0000000,85.0000000,85.0000000,500
DSKY,D,20170213,000000,85.6000000,85.9000000,84.4000000,85.2000000,2282830
DSKY,D,20170214,000000,85.4400000,85.4500000,84.6400000,85.0000000,2533260
DSKY,D,20170215,000000,85.2000000,85.2000000,84.7000000,85.0000000,379130
DSKY,D,20170216,000000,85.0900000,85.0900000,83.7000000,84.9900000,2647260
DSKY,D,20170217,000000,84.0000000,84.9000000,84.0000000,84.9000000,630210
DSKY,D,20170220,000000,84.9000000,84.9000000,84.0000000,84.8500000,117420
DSKY,D,20170221,000000,84.8800000,84.9000000,84.0700000,84.8000000,216570
DSKY,D,20170222,000000,84.7900000,84.8000000,84.1500000,84.7500000,626430
DSKY,D,20170224,000000,84.0100000,84.7000000,83.7500000,84.7000000,109270
DSKY,D,20170227,000000,84.9000000,85.0000000,83.8000000,84.4800000,814270
DSKY,D,20170228,000000,83.8000000,84.9900000,83.8000000,84.9300000,6744530
DSKY,D,20170301,000000,84.9000000,84.9000000,84.0300000,84.4200000,44400
DSKY,D,20170302,000000,85.5000000,88.0000000,83.8500000,83.8500000,375610
DSKY,D,20170303,000000,83.5100000,84.2600000,82.8200000,82.8200000,260150
DSKY,D,20170306,000000,83.9500000,83.9600000,80.5000000,82.9800000,805580
DSKY,D,20170307,000000,83.4700000,84.7500000,80.5600000,84.7500000,2274440
DSKY,D,20170309,000000,84.7000000,84.7000000,82.2800000,84.6000000,1546990
DSKY,D,20170310,000000,83.1100000,84.3800000,82.0600000,82.0700000,92400
DSKY,D,20170313,000000,81.2500000,82.4600000,81.1400000,81.5000000,320800
DSKY,D,20170314,000000,82.1600000,82.1700000,81.1100000,81.1400000,17350
DSKY,D,20170315,000000,81.9900000,81.9900000,80.0100000,80.0100000,51190
DSKY,D,20170316,000000,81.9000000,82.1000000,77.6900000,77.6900000,570540
DSKY,D,20170317,000000,78.4800000,79.8800000,76.2000000,76.2000000,1295970
DSKY,D,20170320,000000,77.6900000,78.9100000,75.0100000,75.0100000,1025970
DSKY,D,20170321,000000,75.3800000,79.9500000,75.3800000,79.0000000,376030
DSKY,D,20170322,000000,79.4000000,80.9500000,78.0000000,80.4100000,174350
DSKY,D,20170323,000000,80.4000000,81.8700000,80.1200000,81.3000000,488860
DSKY,D,20170324,000000,81.3600000,84.4000000,81.3600000,82.4100000,319950
DSKY,D,20170327,000000,81.9200000,85.5300000,80.6300000,85.5300000,646820
DSKY,D,20170328,000000,85.5000000,86.0000000,84.6700000,85.1000000,198930
DSKY,D,20170329,000000,85.2700000,86.0000000,84.7400000,85.2000000,91060
DSKY,D,20170330,000000,86.0000000,87.5000000,85.1500000,87.5000000,251800
DSKY,D,20170331,000000,88.9900000,90.0000000,86.5000000,88.0000000,170570
DSKY,D,20170403,000000,88.9900000,89.9900000,87.0000000,88.2400000,147060
DSKY,D,20170404,000000,89.0000000,89.7700000,88.3700000,89.0000000,27460
DSKY,D,20170405,000000,89.0100000,89.9900000,89.0100000,89.9900000,21940
DSKY,D,20170406,000000,89.9800000,100.0000000,89.9800000,92.0000000,531630
DSKY,D,20170407,000000,92.7800000,93.0000000,88.6400000,89.6100000,441400
DSKY,D,20170410,000000,89.5300000,90.8700000,84.5700000,84.5700000,301240
DSKY,D,20170411,000000,84.2500000,88.9000000,83.9100000,87.5600000,59650
DSKY,D,20170412,000000,88.3000000,90.0000000,87.0000000,87.0300000,90920
DSKY,D,20170413,000000,86.1400000,90.0000000,85.0000000,88.9000000,185550
DSKY,D,20170414,000000,88.9000000,91.8000000,88.8000000,89.6800000,92410
DSKY,D,20170417,000000,89.9900000,92.0000000,89.0100000,89.9000000,57560
DSKY,D,20170418,000000,89.9000000,92.0000000,89.0100000,90.0100000,71190
DSKY,D,20170419,000000,88.5900000,90.2600000,88.1500000,90.0000000,454600
DSKY,D,20170420,000000,90.9000000,91.5000000,88.0000000,89.0000000,26440
DSKY,D,20170421,000000,90.1600000,90.9800000,88.7100000,90.4800000,207880
DSKY,D,20170424,000000,90.8800000,91.4100000,89.0000000,90.0000000,43210
DSKY,D,20170425,000000,89.2700000,91.0000000,89.2600000,90.5000000,232200
DSKY,D,20170426,000000,91.0700000,91.0700000,88.0000000,89.9000000,183090
DSKY,D,20170427,000000,89.8600000,91.0000000,89.5000000,90.0000000,139900
DSKY,D,20170428,000000,89.8700000,92.0000000,89.4600000,90.4700000,209060
DSKY,D,20170502,000000,90.9000000,95.0000000,90.0400000,92.0000000,138390
DSKY,D,20170503,000000,92.6300000,92.6400000,82.7400000,85.5300000,636040
DSKY,D,20170504,000000,84.2100000,91.0000000,84.2100000,87.6000000,288600
DSKY,D,20170505,000000,88.9000000,92.4100000,87.5000000,88.6500000,571370
DSKY,D,20170510,000000,87.0300000,89.9900000,87.0000000,88.5500000,129960
DSKY,D,20170511,000000,88.5400000,91.9900000,87.9800000,89.0000000,229530
DSKY,D,20170512,000000,89.8700000,90.0400000,89.0800000,89.1900000,38380
DSKY,D,20170515,000000,90.0100000,90.3500000,88.7800000,89.0100000,7630
DSKY,D,20170516,000000,91.3500000,91.6000000,89.0400000,91.4100000,383350
DSKY,D,20170517,000000,91.2000000,91.9800000,90.3400000,91.6000000,121760
DSKY,D,20170518,000000,91.1400000,91.4100000,90.3600000,91.4100000,170030
DSKY,D,20170519,000000,91.6700000,93.5000000,89.8400000,91.5500000,168970
DSKY,D,20170522,000000,90.0500000,92.0000000,89.5000000,92.0000000,42670
DSKY,D,20170523,000000,92.4800000,93.0000000,90.9900000,92.0000000,76190
DSKY,D,20170524,000000,90.9400000,92.0000000,90.9400000,91.4100000,10130
DSKY,D,20170525,000000,92.0000000,92.0000000,90.3200000,91.9900000,50370
DSKY,D,20170526,000000,92.0000000,92.0000000,90.1000000,91.0800000,96380
DSKY,D,20170529,000000,91.6100000,92.0700000,90.6000000,91.0400000,99730
DSKY,D,20170530,000000,91.9500000,93.9900000,91.9300000,93.4900000,247480
DSKY,D,20170531,000000,94.0000000,98.9900000,92.3900000,92.3900000,1316730
DSKY,D,20170601,000000,92.5000000,96.8900000,92.0000000,95.3900000,395120
DSKY,D,20170602,000000,96.7900000,99.0000000,96.0000000,97.3000000,218600
DSKY,D,20170605,000000,99.0900000,101.9000000,96.1400000,96.5000000,160320
DSKY,D,20170606,000000,96.0100000,96.5100000,95.0600000,95.6000000,87720
DSKY,D,20170607,000000,96.0000000,96.4900000,94.8900000,95.8000000,429900
DSKY,D,20170608,000000,96.5000000,97.3700000,94.4500000,96.2000000,617880
DSKY,D,20170609,000000,96.7400000,101.8000000,95.8900000,100.4500000,267560
DSKY,D,20170613,000000,101.9500000,101.9500000,99.1100000,101.0000000,287070
DSKY,D,20170614,000000,101.0000000,103.0000000,100.0100000,103.0000000,552890
DSKY,D,20170615,000000,100.0000000,102.0000000,96.7300000,101.0000000,654360
DSKY,D,20170616,000000,101.0000000,104.1900000,99.1000000,99.9900000,5114950
DSKY,D,20170619,000000,100.3300000,100.9800000,97.3200000,100.9800000,126530
DSKY,D,20170620,000000,101.6000000,101.6000000,97.2100000,98.4800000,73230
DSKY,D,20170621,000000,97.9000000,102.0000000,97.9000000,102.0000000,406140
DSKY,D,20170622,000000,101.0000000,101.0000000,99.0100000,99.6500000,11090
DSKY,D,20170623,000000,99.6500000,100.0000000,98.9200000,98.9500000,93390
DSKY,D,20170626,000000,99.3000000,100.0000000,98.1200000,98.9900000,228020
DSKY,D,20170627,000000,97.8400000,99.8400000,96.7500000,96.7500000,253900
DSKY,D,20170628,000000,98.3300000,99.2500000,97.5000000,97.8800000,161660
DSKY,D,20170629,000000,97.9300000,97.9400000,92.0200000,94.0100000,218890
DSKY,D,20170630,000000,94.5600000,95.8900000,91.1100000,93.9900000,70950
DSKY,D,20170703,000000,94.4100000,94.4100000,92.0000000,93.7100000,45440
DSKY,D,20170704,000000,92.1500000,93.9800000,91.5200000,92.0000000,231240
DSKY,D,20170705,000000,92.0000000,92.3500000,88.3400000,89.4000000,121900
DSKY,D,20170706,000000,89.9900000,91.8800000,89.6000000,90.9000000,207360
DSKY,D,20170707,000000,89.6100000,92.9900000,89.6000000,92.0000000,190700
DSKY,D,20170710,000000,93.3500000,93.3500000,91.5600000,93.3500000,42650
DSKY,D,20170711,000000,92.0000000,93.7000000,91.7700000,91.7700000,46900
DSKY,D,20170712,000000,91.6600000,92.8900000,91.6600000,91.7000000,70200
DSKY,D,20170713,000000,91.0000000,91.8000000,91.0000000,91.8000000,53090
DSKY,D,20170714,000000,89.4200000,90.3200000,88.8400000,90.0000000,245210
DSKY,D,20170717,000000,90.4100000,90.9900000,89.0800000,89.1000000,12980
DSKY,D,20170718,000000,89.2600000,89.2600000,86.8800000,86.8800000,54510
DSKY,D,20170719,000000,86.5200000,89.3400000,86.5200000,88.1600000,86070
DSKY,D,20170720,000000,88.6000000,90.4900000,88.6000000,89.9800000,76350
DSKY,D,20170721,000000,89.9500000,90.9000000,88.7600000,88.9400000,79160
DSKY,D,20170724,000000,89.4000000,91.4600000,89.4000000,89.8000000,161750
DSKY,D,20170725,000000,89.7700000,90.4300000,88.2300000,88.8700000,166520
DSKY,D,20170726,000000,89.3800000,89.7200000,88.5000000,88.8600000,516600
DSKY,D,20170727,000000,89.1800000,90.9800000,89.0100000,90.9800000,101280
DSKY,D,20170728,000000,90.9000000,90.9000000,88.5700000,89.9700000,79620
DSKY,D,20170731,000000,89.3400000,90.7000000,88.5500000,90.5000000,192080
DSKY,D,20170801,000000,91.1000000,91.3500000,90.3000000,91.2500000,54930
DSKY,D,20170802,000000,92.0000000,92.0000000,91.0000000,91.3000000,40360
DSKY,D,20170803,000000,92.0000000,92.0000000,90.3500000,91.3000000,31850
DSKY,D,20170804,000000,91.5000000,91.8000000,90.7500000,91.3000000,30540
DSKY,D,20170807,000000,90.8000000,91.2000000,90.0500000,91.2000000,16340
DSKY,D,20170808,000000,90.7500000,91.2500000,90.1500000,91.2000000,40850
DSKY,D,20170809,000000,90.6500000,92.8000000,90.6500000,92.0000000,46250
DSKY,D,20170810,000000,92.0500000,92.2000000,91.5000000,91.7000000,46010
DSKY,D,20170811,000000,91.5500000,91.9500000,89.9500000,91.1500000,185820
DSKY,D,20170814,000000,90.8500000,93.0000000,90.3500000,92.9500000,251180
DSKY,D,20170815,000000,92.2000000,92.9500000,91.0000000,92.2500000,72540
DSKY,D,20170816,000000,92.0000000,92.2000000,90.5500000,90.8000000,2225490
DSKY,D,20170817,000000,90.9000000,92.0000000,90.9000000,91.6500000,305020
DSKY,D,20170818,000000,91.4000000,92.9000000,91.0000000,92.9000000,76580
DSKY,D,20170821,000000,92.5500000,92.5500000,91.7000000,92.0500000,97220
DSKY,D,20170822,000000,92.0500000,93.4000000,92.0500000,93.4000000,115990
DSKY,D,20170823,000000,93.5000000,94.3500000,92.9000000,93.3000000,57190
DSKY,D,20170824,000000,92.7500000,94.4000000,90.6000000,94.0000000,61870
DSKY,D,20170825,000000,94.1000000,98.7000000,94.0500000,96.9000000,76860
DSKY,D,20170828,000000,97.0500000,99.6000000,97.0500000,99.0000000,141910
DSKY,D,20170829,000000,99.8000000,99.9500000,97.3000000,98.9500000,106120
DSKY,D,20170830,000000,99.4000000,99.4000000,97.2000000,98.2500000,60620
DSKY,D,20170831,000000,99.3000000,99.9000000,95.6500000,99.9000000,70240
DSKY,D,20170901,000000,98.5000000,99.6500000,97.6500000,99.5000000,65830
DSKY,D,20170904,000000,99.8000000,100.5000000,98.0000000,98.1000000,103600
DSKY,D,20170905,000000,97.8000000,99.0000000,96.0000000,96.5000000,118690
DSKY,D,20170906,000000,95.1500000,98.0500000,92.0000000,95.5000000,236460
DSKY,D,20170907,000000,95.8000000,97.6500000,94.8000000,96.6000000,67150
DSKY,D,20170908,000000,96.7000000,97.5500000,96.4000000,97.2500000,88090
DSKY,D,20170911,000000,98.9000000,103.0000000,97.3000000,99.1500000,543310
DSKY,D,20170912,000000,99.8500000,104.2000000,99.3500000,101.0000000,99730
DSKY,D,20170913,000000,101.5500000,102.8000000,100.3500000,101.0500000,139740
DSKY,D,20170914,000000,101.3500000,101.5000000,98.9000000,99.1000000,144030
DSKY,D,20170915,000000,99.4000000,102.0000000,97.8500000,97.8500000,119740
DSKY,D,20170918,000000,99.0500000,100.9000000,98.5500000,99.6000000,116120
DSKY,D,20170919,000000,100.1500000,102.4500000,99.1000000,102.4000000,529970
DSKY,D,20170920,000000,101.8500000,103.5500000,100.3500000,100.6000000,94360
DSKY,D,20170921,000000,100.0000000,102.2000000,100.0000000,101.8500000,46260
DSKY,D,20170922,000000,102.9000000,105.0000000,101.6000000,101.6000000,148360
DSKY,D,20170925,000000,101.2000000,104.0500000,100.6500000,102.7000000,429530
DSKY,D,20170926,000000,104.0000000,104.7000000,102.6000000,103.2500000,445860
DSKY,D,20170927,000000,104.5000000,105.0000000,103.4500000,104.3000000,375830
DSKY,D,20170928,000000,104.1500000,104.7000000,103.0500000,103.2000000,431740
DSKY,D,20170929,000000,103.9500000,104.5000000,102.4000000,102.7000000,316090
DSKY,D,20171002,000000,103.8500000,104.1000000,102.3000000,102.6000000,194740
DSKY,D,20171003,000000,102.3000000,102.4500000,100.8500000,101.5000000,36890
DSKY,D,20171004,000000,101.6000000,101.8500000,98.7500000,101.1000000,120160
DSKY,D,20171005,000000,100.2500000,101.6000000,100.0000000,101.5000000,258940
DSKY,D,20171006,000000,101.0000000,101.5000000,100.2000000,101.5000000,19710
DSKY,D,20171009,000000,101.1000000,103.0000000,101.1000000,102.5000000,17690
DSKY,D,20171010,000000,102.5000000,102.7500000,102.3000000,102.5000000,68120
DSKY,D,20171011,000000,101.8000000,102.5000000,100.3500000,101.4000000,20470
DSKY,D,20171012,000000,101.8500000,102.0000000,101.6000000,101.8000000,10420
DSKY,D,20171013,000000,101.8000000,101.9000000,100.0000000,100.5500000,166250
DSKY,D,20171016,000000,102.4000000,102.4500000,100.6500000,100.6500000,51150
DSKY,D,20171017,000000,100.6500000,100.8500000,99.0500000,99.7500000,45760
DSKY,D,20171018,000000,99.7500000,101.5000000,99.7500000,100.1500000,92490
DSKY,D,20171019,000000,101.7500000,101.8000000,100.1500000,100.1500000,28660
DSKY,D,20171020,000000,99.9500000,101.7000000,99.9500000,100.6500000,30850
DSKY,D,20171023,000000,100.6000000,103.6500000,100.6000000,101.9000000,34840
DSKY,D,20171024,000000,101.8500000,102.0000000,100.7000000,101.7500000,31960
DSKY,D,20171025,000000,101.0500000,101.4000000,97.6500000,97.6500000,94330
DSKY,D,20171026,000000,99.0500000,100.7500000,99.0500000,100.2000000,9860
DSKY,D,20171027,000000,99.7000000,100.8000000,99.0500000,99.9500000,41330
DSKY,D,20171030,000000,101.0500000,102.0000000,100.1500000,102.0000000,46160
DSKY,D,20171031,000000,101.6000000,101.9000000,100.6500000,101.5000000,177770
DSKY,D,20171101,000000,101.1000000,101.9000000,100.0000000,101.1000000,422590
DSKY,D,20171102,000000,101.5500000,103.8000000,101.0500000,103.4000000,129190
DSKY,D,20171103,000000,104.1500000,107.8000000,103.2000000,107.7500000,239360
DSKY,D,20171107,000000,108.2500000,109.7000000,106.2000000,108.3000000,98930
DSKY,D,20171108,000000,108.2500000,124.9500000,106.6000000,109.0000000,429850
DSKY,D,20171109,000000,108.0500000,111.5000000,107.0500000,108.0000000,151460
DSKY,D,20171110,000000,108.4000000,108.4500000,105.8500000,106.0000000,186810
DSKY,D,20171113,000000,106.8500000,107.7500000,103.5000000,103.5000000,293170
DSKY,D,20171114,000000,104.3500000,105.9500000,103.8500000,105.7000000,178440
DSKY,D,20171115,000000,106.4000000,109.0000000,105.1500000,106.3500000,129820
DSKY,D,20171116,000000,106.9500000,109.7000000,105.7500000,109.7000000,137310
DSKY,D,20171117,000000,109.7000000,109.7000000,106.0500000,106.8500000,125900
DSKY,D,20171120,000000,107.3000000,107.9000000,106.8500000,107.2000000,100420
DSKY,D,20171121,000000,107.9500000,107.9500000,107.0000000,107.9000000,104130
DSKY,D,20171122,000000,107.5000000,108.9500000,107.0000000,107.8500000,140730
DSKY,D,20171123,000000,107.2500000,108.5000000,106.7500000,106.9500000,151690
DSKY,D,20171124,000000,107.5000000,107.8000000,106.7000000,106.7500000,213370
DSKY,D,20171127,000000,106.2000000,107.0000000,106.1000000,106.6500000,22910
DSKY,D,20171128,000000,106.6000000,107.3000000,106.0000000,106.8000000,102210
DSKY,D,20171129,000000,107.0500000,107.0500000,106.5500000,106.7500000,118380
DSKY,D,20171130,000000,106.2500000,108.8000000,106.0000000,108.8000000,127080
DSKY,D,20171201,000000,108.6500000,108.6500000,106.0000000,106.0000000,159440
DSKY,D,20171204,000000,106.9500000,107.4500000,106.0000000,106.1000000,26580
DSKY,D,20171205,000000,106.8500000,106.9500000,104.0000000,104.1500000,422800
DSKY,D,20171206,000000,104.4000000,105.0000000,102.7500000,104.0000000,172220
DSKY,D,20171207,000000,104.7000000,105.6000000,99.4000000,101.0000000,368350
DSKY,D,20171208,000000,102.0000000,104.4500000,100.5000000,101.0000000,795040
DSKY,D,20171211,000000,101.5500000,102.0000000,100.8500000,100.8500000,664830
DSKY,D,20171212,000000,95.5000000,96.0000000,91.1000000,92.5500000,2899890
DSKY,D,20171213,000000,94.4500000,97.0500000,90.3000000,94.7000000,5356470
DSKY,D,20171214,000000,92.6000000,93.8000000,91.1500000,92.0000000,617280
DSKY,D,20171215,000000,92.4000000,94.2000000,92.2000000,94.1000000,244680
DSKY,D,20171218,000000,94.0500000,94.1000000,91.2000000,91.5000000,287410
DSKY,D,20171219,000000,92.0000000,92.3500000,91.2000000,91.5500000,408490
DSKY,D,20171220,000000,91.6000000,92.3000000,89.3000000,89.7000000,267160
DSKY,D,20171221,000000,90.3000000,90.7000000,87.0000000,87.8000000,168650
DSKY,D,20171222,000000,89.7000000,92.2000000,89.3500000,91.7500000,298040
DSKY,D,20171225,000000,94.8000000,98.0000000,94.2000000,95.9500000,257330
DSKY,D,20171226,000000,97.0000000,97.0000000,94.8500000,96.1000000,158930
DSKY,D,20171227,000000,95.1500000,96.2500000,93.0500000,94.7500000,86690
DSKY,D,20171228,000000,95.0000000,96.4500000,94.1500000,95.9000000,81710
DSKY,D,20171229,000000,96.3500000,96.3500000,95.1000000,95.9500000,105480
DSKY,D,20180103,000000,96.4000000,97.5500000,96.0000000,97.2000000,60210
DSKY,D,20180104,000000,96.6000000,99.2000000,96.6000000,99.2000000,137510
DSKY,D,20180105,000000,99.5000000,100.0000000,98.1000000,99.2000000,134790
DSKY,D,20180109,000000,99.2000000,99.7000000,97.5000000,98.5000000,244020
DSKY,D,20180110,000000,98.5000000,99.8000000,97.9500000,99.2500000,139680
DSKY,D,20180111,000000,99.6000000,101.3000000,98.7500000,99.5500000,380160
DSKY,D,20180112,000000,100.1500000,101.0000000,99.3500000,99.8500000,246280
DSKY,D,20180115,000000,100.4000000,100.4000000,98.0000000,98.0000000,168200
DSKY,D,20180116,000000,99.6000000,100.0000000,96.3500000,98.4000000,356130
DSKY,D,20180117,000000,98.2000000,98.9500000,97.5000000,98.2500000,74000
DSKY,D,20180118,000000,98.0500000,100.0000000,95.1000000,100.0000000,369890
DSKY,D,20180119,000000,98.5000000,98.5000000,96.8000000,98.0000000,190650
DSKY,D,20180122,000000,97.2000000,97.9500000,96.5000000,97.9500000,104870
DSKY,D,20180123,000000,97.7000000,98.0500000,96.1000000,96.1000000,315530
DSKY,D,20180124,000000,96.0000000,96.2000000,92.4000000,92.9500000,543960
DSKY,D,20180125,000000,93.0000000,93.6500000,92.5000000,92.7500000,381430
DSKY,D,20180126,000000,93.1500000,93.5000000,92.2000000,92.6000000,271310
DSKY,D,20180129,000000,93.2000000,93.2500000,92.3000000,93.2000000,89770
DSKY,D,20180130,000000,93.3500000,93.4000000,92.5000000,92.7000000,38660
DSKY,D,20180131,000000,93.1500000,93.1500000,92.5000000,92.5000000,77170
DSKY,D,20180201,000000,92.7500000,92.7500000,91.2000000,91.4000000,468010
DSKY,D,20180202,000000,91.7500000,92.9000000,91.0500000,92.3500000,189310
DSKY,D,20180205,000000,92.9500000,93.4000000,91.4000000,92.2500000,386600
DSKY,D,20180206,000000,91.4500000,92.0000000,89.2500000,92.0000000,317280
DSKY,D,20180207,000000,91.9500000,92.8500000,91.8000000,92.3000000,60350
DSKY,D,20180208,000000,92.4000000,92.5000000,91.8500000,92.0500000,28030
DSKY,D,20180209,000000,91.7500000,91.8000000,90.0000000,91.3500000,253420
DSKY,D,20180212,000000,91.4000000,92.0000000,90.3000000,90.5000000,125950
DSKY,D,20180213,000000,91.2500000,91.9500000,90.4500000,90.7000000,146330
DSKY,D,20180214,000000,90.7500000,90.9500000,90.0000000,90.5500000,59060
DSKY,D,20180215,000000,90.3500000,90.9000000,89.7000000,90.1000000,104880
DSKY,D,20180216,000000,90.0500000,90.4500000,89.8000000,90.1000000,110240
DSKY,D,20180219,000000,90.2500000,90.4000000,89.8500000,90.0000000,88540
DSKY,D,20180220,000000,89.8500000,90.1000000,89.7000000,89.7500000,186400
DSKY,D,20180221,000000,89.9500000,90.1000000,89.3000000,90.1000000,195250
DSKY,D,20180222,000000,90.5500000,90.8500000,88.6500000,89.2500000,348630
DSKY,D,20180226,000000,89.8000000,89.8500000,88.6500000,89.0000000,121170
DSKY,D,20180227,000000,89.0000000,89.3500000,88.5000000,88.5000000,180750
DSKY,D,20180228,000000,88.6000000,91.0000000,88.6000000,90.5000000,666730
DSKY,D,20180301,000000,90.6500000,91.0000000,89.2000000,89.8500000,336430
DSKY,D,20180302,000000,90.0000000,90.0000000,88.9000000,89.6000000,440850
DSKY,D,20180305,000000,91.2000000,92.5000000,90.2000000,90.3000000,613070
DSKY,D,20180306,000000,90.2500000,91.0000000,89.9000000,90.0000000,533350
DSKY,D,20180307,000000,90.0000000,90.5000000,89.1500000,89.8500000,190710
DSKY,D,20180309,000000,90.2500000,90.4000000,89.8000000,90.0500000,95420
DSKY,D,20180312,000000,90.3500000,90.7000000,90.0000000,90.2500000,137840
DSKY,D,20180313,000000,90.6000000,112.8500000,90.0000000,95.0000000,880870
DSKY,D,20180314,000000,96.0500000,98.9500000,95.6000000,96.0000000,898750
DSKY,D,20180315,000000,96.3000000,96.9000000,94.4000000,95.0000000,206190
DSKY,D,20180316,000000,95.1500000,97.0000000,94.9500000,97.0000000,218690
DSKY,D,20180319,000000,96.4000000,96.7000000,95.5000000,96.1500000,73680
DSKY,D,20180320,000000,96.5000000,96.6000000,96.0000000,96.1500000,182110
DSKY,D,20180321,000000,96.4500000,97.0000000,96.2500000,97.0000000,208490
DSKY,D,20180322,000000,96.5000000,98.1500000,95.9000000,96.5500000,255460
DSKY,D,20180323,000000,96.2500000,98.1000000,95.7000000,97.0000000,590250
DSKY,D,20180326,000000,96.2500000,96.6500000,95.5000000,95.7500000,191310
DSKY,D,20180327,000000,95.4500000,96.3500000,95.2000000,96.3000000,95030
DSKY,D,20180328,000000,96.5000000,96.5000000,94.3500000,96.0000000,478430
DSKY,D,20180329,000000,94.9000000,96.0500000,94.9000000,95.9500000,156730
DSKY,D,20180330,000000,95.8500000,96.6000000,95.4500000,96.4500000,25860
DSKY,D,20180402,000000,95.6000000,97.0000000,95.5500000,96.4000000,48480
DSKY,D,20180403,000000,97.0000000,97.0000000,95.9000000,96.0500000,468690
DSKY,D,20180404,000000,96.9000000,96.9000000,95.3500000,95.5000000,59140
DSKY,D,20180405,000000,95.9000000,96.0000000,95.5000000,95.5500000,225180
DSKY,D,20180406,000000,95.9500000,96.0500000,94.1500000,94.1500000,338450
DSKY,D,20180409,000000,93.8000000,93.8000000,85.0000000,91.0000000,1460620
DSKY,D,20180410,000000,91.0000000,91.5000000,89.1500000,89.9500000,1241310
DSKY,D,20180411,000000,90.0000000,90.4000000,87.3500000,89.0000000,480330
DSKY,D,20180412,000000,89.6000000,93.4000000,89.0500000,90.4500000,428090
DSKY,D,20180413,000000,90.1500000,90.7500000,90.0000000,90.0500000,2411180
DSKY,D,20180416,000000,89.9000000,90.2500000,88.6000000,90.0000000,1388680
DSKY,D,20180417,000000,90.3000000,91.8000000,86.5500000,88.9000000,457780
DSKY,D,20180418,000000,89.2000000,89.7500000,88.1000000,89.0500000,1760290
DSKY,D,20180419,000000,89.5000000,89.7000000,88.5500000,88.5500000,169280
DSKY,D,20180420,000000,88.8000000,89.7000000,88.6000000,89.7000000,428990
DSKY,D,20180423,000000,89.8000000,90.0000000,89.4500000,89.9000000,749520
DSKY,D,20180424,000000,89.9500000,90.2000000,88.3500000,89.6500000,914210
DSKY,D,20180425,000000,89.8500000,90.6500000,89.3000000,90.2500000,287600
DSKY,D,20180426,000000,90.4500000,92.0000000,90.4500000,92.0000000,977790
DSKY,D,20180427,000000,93.5500000,93.8500000,92.0000000,93.0000000,928530
DSKY,D,20180428,000000,93.1000000,93.4000000,92.1000000,92.9500000,51580
DSKY,D,20180430,000000,93.3000000,93.5000000,92.8500000,93.4000000,54550
DSKY,D,20180502,000000,93.0000000,94.0000000,92.8500000,93.5000000,40440
DSKY,D,20180503,000000,93.3500000,94.3500000,93.2000000,93.5000000,227460
DSKY,D,20180504,000000,93.6500000,95.1500000,93.6500000,95.1500000,236040
DSKY,D,20180507,000000,95.1500000,96.1000000,95.0000000,95.4500000,144280
DSKY,D,20180508,000000,95.2500000,96.0000000,94.5000000,95.9500000,305990
DSKY,D,20180510,000000,96.0000000,96.9000000,94.9500000,95.7500000,98520
DSKY,D,20180511,000000,95.7500000,95.7500000,95.0000000,95.2000000,81710
DSKY,D,20180514,000000,95.6000000,95.6000000,94.8000000,95.1500000,185160
DSKY,D,20180515,000000,95.9500000,96.3000000,94.3500000,95.3500000,367940
DSKY,D,20180516,000000,95.8000000,96.0000000,95.0000000,95.9000000,75650
DSKY,D,20180517,000000,96.2000000,96.9500000,95.4000000,96.2500000,68950
DSKY,D,20180518,000000,95.9500000,96.6500000,95.8500000,96.6500000,385860
DSKY,D,20180521,000000,96.5000000,97.3000000,95.9500000,96.8000000,81200
DSKY,D,20180522,000000,96.6500000,97.5000000,96.0000000,96.9000000,145090
DSKY,D,20180523,000000,96.0500000,97.0000000,95.4000000,95.4000000,242750
DSKY,D,20180524,000000,95.9500000,97.3000000,95.0500000,96.5000000,485550
DSKY,D,20180525,000000,96.5500000,96.9000000,96.1500000,96.5000000,741110
DSKY,D,20180528,000000,93.2000000,93.8000000,91.5000000,93.1000000,444700
DSKY,D,20180529,000000,93.4000000,95.6000000,92.8000000,95.3000000,687370
DSKY,D,20180530,000000,95.0000000,95.7000000,93.5500000,94.8000000,229460
DSKY,D,20180531,000000,94.9000000,95.3000000,93.8000000,95.0000000,682750
DSKY,D,20180601,000000,94.6000000,94.7000000,93.8500000,93.9500000,168600
DSKY,D,20180604,000000,94.4500000,95.0000000,94.0000000,94.9000000,56250
DSKY,D,20180605,000000,94.5500000,95.3500000,94.0000000,94.0000000,60520
DSKY,D,20180606,000000,94.1500000,95.3000000,93.8500000,94.4000000,174640
DSKY,D,20180607,000000,95.0000000,95.0000000,94.1000000,94.1500000,198720
DSKY,D,20180608,000000,94.1000000,94.9000000,94.0000000,94.0500000,82670
DSKY,D,20180609,000000,93.7500000,94.8500000,91.6000000,94.6000000,20530
DSKY,D,20180611,000000,94.5000000,95.1000000,94.0000000,94.4000000,240970
DSKY,D,20180613,000000,94.3500000,94.7000000,94.1500000,94.1500000,131550
DSKY,D,20180614,000000,94.3000000,94.5000000,93.8000000,94.0000000,124260
DSKY,D,20180615,000000,94.0000000,94.5000000,93.3000000,94.5000000,157810
DSKY,D,20180618,000000,93.4500000,94.4000000,93.0000000,93.5000000,176600
DSKY,D,20180619,000000,93.1500000,93.8000000,92.5000000,93.5000000,274200
DSKY,D,20180620,000000,92.7000000,94.0000000,92.5500000,93.6000000,776890
DSKY,D,20180621,000000,94.0000000,94.0000000,93.3000000,93.8000000,365920
DSKY,D,20180622,000000,93.9500000,94.0000000,91.2000000,92.5500000,2030870
DSKY,D,20180625,000000,93.0000000,93.3000000,92.2500000,92.5000000,74520
DSKY,D,20180626,000000,92.9000000,93.5000000,92.3000000,92.5000000,94020
DSKY,D,20180627,000000,92.4000000,92.5000000,91.7500000,92.0000000,104140
DSKY,D,20180628,000000,91.8000000,92.3000000,91.5500000,91.5500000,122820
DSKY,D,20180629,000000,92.0000000,92.4000000,91.7500000,92.0000000,313950
DSKY,D,20180702,000000,92.0000000,92.3000000,90.4500000,91.1000000,276270
DSKY,D,20180703,000000,91.4000000,93.0000000,90.6500000,93.0000000,118760
DSKY,D,20180704,000000,91.0000000,92.0000000,90.9000000,90.9500000,89410
DSKY,D,20180705,000000,90.7500000,91.7000000,90.7000000,91.0000000,266970
DSKY,D,20180706,000000,90.9000000,91.2000000,90.8000000,91.1000000,189790
DSKY,D,20180709,000000,91.4000000,91.6500000,91.0000000,91.4000000,149330
DSKY,D,20180710,000000,91.1000000,92.0000000,91.0000000,91.3500000,1655740
DSKY,D,20180711,000000,91.1000000,91.8500000,90.5500000,91.0000000,242460
DSKY,D,20180712,000000,91.0000000,91.7000000,90.9500000,91.7000000,120820
DSKY,D,20180713,000000,91.7500000,91.7500000,90.3500000,90.7000000,131360
DSKY,D,20180716,000000,90.9500000,91.6000000,90.7500000,91.6000000,65180
DSKY,D,20180717,000000,91.0000000,91.2500000,90.8500000,91.0500000,76880
DSKY,D,20180718,000000,91.4000000,91.5000000,90.5500000,91.2500000,151970
DSKY,D,20180719,000000,90.8500000,91.0000000,90.7000000,90.7000000,65890
DSKY,D,20180720,000000,90.7500000,91.0000000,90.6000000,91.0000000,86710
DSKY,D,20180723,000000,91.0000000,91.1500000,90.7500000,90.8000000,57240
DSKY,D,20180724,000000,91.0000000,91.0000000,90.3000000,90.5000000,241470
DSKY,D,20180725,000000,90.2500000,90.5000000,89.2500000,89.5000000,169860
DSKY,D,20180726,000000,89.8500000,90.3500000,89.6500000,90.0000000,262470
DSKY,D,20180727,000000,90.3500000,90.3500000,89.6500000,89.9500000,79480
DSKY,D,20180730,000000,90.1000000,90.5500000,89.6000000,89.8000000,120810
DSKY,D,20180731,000000,90.3000000,90.4000000,89.7500000,89.8000000,217460
DSKY,D,20180801,000000,89.7000000,90.3500000,89.5500000,89.7000000,50470
DSKY,D,20180802,000000,89.8500000,89.9500000,88.8500000,88.8500000,68880
DSKY,D,20180803,000000,89.5500000,89.6000000,88.0000000,88.2000000,70960
DSKY,D,20180806,000000,88.7000000,90.0000000,88.0500000,89.7500000,73480
DSKY,D,20180807,000000,89.5500000,90.0000000,89.2000000,89.9000000,168840
DSKY,D,20180808,000000,89.7000000,89.7000000,88.4000000,88.5000000,91170
DSKY,D,20180809,000000,88.2000000,88.3000000,86.6000000,87.7500000,164730
DSKY,D,20180810,000000,87.7000000,87.7000000,86.5000000,86.9000000,82350
DSKY,D,20180813,000000,86.5500000,87.9000000,86.4500000,87.2500000,52530
DSKY,D,20180814,000000,87.6000000,88.1500000,87.2500000,88.0000000,48110
DSKY,D,20180815,000000,88.0500000,88.0500000,86.6500000,86.8500000,35350
DSKY,D,20180816,000000,86.8500000,87.4500000,86.5500000,86.7500000,50550
DSKY,D,20180817,000000,86.4500000,86.5500000,84.0500000,84.8500000,267210
DSKY,D,20180820,000000,85.0000000,85.5000000,84.5500000,85.1000000,65900
DSKY,D,20180821,000000,86.0500000,88.1000000,85.8000000,87.6500000,328820
DSKY,D,20180822,000000,88.2000000,89.9000000,88.2000000,89.4000000,232280
DSKY,D,20180823,000000,89.3000000,89.8500000,87.7500000,88.5000000,320450
DSKY,D,20180824,000000,88.1000000,89.5000000,88.0500000,89.4500000,263450
DSKY,D,20180827,000000,89.3000000,90.5000000,89.0000000,89.4500000,82070
DSKY,D,20180828,000000,89.5000000,90.2500000,89.1000000,90.0000000,150200
DSKY,D,20180829,000000,89.7500000,90.5500000,89.4500000,90.3000000,189900
DSKY,D,20180830,000000,90.0000000,90.7500000,89.5000000,90.4500000,131650
DSKY,D,20180831,000000,90.4500000,90.7500000,89.0000000,90.0000000,76090
DSKY,D,20180903,000000,90.5500000,91.3500000,90.0000000,90.9000000,108750
DSKY,D,20180904,000000,91.0000000,91.6500000,90.1000000,90.4500000,110480
DSKY,D,20180905,000000,93.9500000,94.6000000,91.5500000,91.9500000,1097190
DSKY,D,20180906,000000,91.7500000,92.8000000,91.5000000,91.5000000,295610
DSKY,D,20180907,000000,91.9500000,92.6500000,91.3000000,92.6500000,382180
DSKY,D,20180910,000000,92.7000000,93.9500000,91.1500000,91.7500000,518890
DSKY,D,20180911,000000,92.1500000,92.8000000,91.7000000,92.1500000,307320
DSKY,D,20180912,000000,92.9500000,93.4500000,92.3000000,92.8000000,247860
DSKY,D,20180913,000000,93.7500000,93.7500000,92.1500000,92.5000000,83770
DSKY,D,20180914,000000,92.9500000,93.1000000,92.4000000,92.8500000,95060
DSKY,D,20180917,000000,93.1000000,93.3500000,92.8000000,92.8000000,126440
DSKY,D,20180918,000000,92.7500000,93.5500000,92.6000000,93.5500000,496090
DSKY,D,20180919,000000,93.5500000,93.8000000,92.5000000,93.4000000,410500
DSKY,D,20180920,000000,93.5000000,93.5000000,92.8000000,92.9000000,174060
DSKY,D,20180921,000000,93.1000000,95.0000000,93.0000000,95.0000000,905160
DSKY,D,20180924,000000,93.6500000,93.7500000,91.3000000,93.2500000,344000
DSKY,D,20180925,000000,93.5000000,93.7000000,93.0500000,93.3500000,148070
DSKY,D,20180926,000000,93.5000000,93.5500000,93.0500000,93.4000000,145140
DSKY,D,20180927,000000,93.1000000,93.5000000,92.7500000,92.7500000,289690
DSKY,D,20180928,000000,92.8000000,93.0000000,91.5500000,93.0000000,172020
DSKY,D,20181001,000000,92.8500000,93.5000000,92.5000000,93.2000000,75900
DSKY,D,20181002,000000,93.4000000,93.4000000,91.0500000,91.9500000,108620
DSKY,D,20181003,000000,92.2500000,92.5500000,91.8000000,92.0000000,163850
DSKY,D,20181004,000000,91.6500000,92.0000000,89.5000000,91.2000000,192870
DSKY,D,20181005,000000,91.4000000,91.4000000,90.0000000,90.3000000,363660
DSKY,D,20181008,000000,90.9000000,91.1000000,90.0500000,90.6000000,40330
DSKY,D,20181009,000000,90.8000000,92.0000000,89.9000000,90.5000000,200330
DSKY,D,20181010,000000,90.1500000,91.2500000,90.0000000,91.0500000,120620
DSKY,D,20181011,000000,90.4500000,91.2500000,88.7500000,90.2500000,144060
DSKY,D,20181012,000000,90.2000000,92.3500000,90.0500000,90.2000000,191160
DSKY,D,20181015,000000,90.2000000,92.3000000,90.0000000,90.7500000,200620
DSKY,D,20181016,000000,90.5000000,91.3000000,90.5000000,90.8000000,195490
DSKY,D,20181017,000000,90.7500000,91.0000000,89.4500000,89.9500000,532830
DSKY,D,20181018,000000,90.2000000,90.2000000,89.0500000,89.5000000,176970
DSKY,D,20181019,000000,90.0000000,90.0000000,88.6000000,88.6500000,187640
DSKY,D,20181022,000000,88.6000000,89.2000000,85.5500000,85.9000000,158420
DSKY,D,20181023,000000,86.0000000,88.2000000,85.8000000,86.2500000,211960
DSKY,D,20181024,000000,86.3000000,88.3000000,85.6000000,87.0000000,623900
DSKY,D,20181025,000000,86.5000000,87.3000000,86.1500000,86.3500000,54830
DSKY,D,20181026,000000,86.9000000,88.4500000,86.5500000,87.8500000,231260
DSKY,D,20181029,000000,88.6500000,89.9500000,87.6500000,87.6500000,237320
DSKY,D,20181030,000000,88.7500000,88.9000000,87.3000000,88.2000000,220950
DSKY,D,20181031,000000,88.9000000,89.8500000,88.8500000,89.5000000,235270
DSKY,D,20181101,000000,89.2200000,90.5000000,89.2000000,90.3800000,216890
DSKY,D,20181102,000000,90.0200000,90.9000000,90.0000000,90.7600000,296480
DSKY,D,20181106,000000,90.7600000,90.9400000,90.1200000,90.5000000,193580
DSKY,D,20181107,000000,90.9000000,90.9800000,89.9800000,90.3000000,122240
DSKY,D,20181108,000000,90.8800000,91.2000000,90.1800000,90.8000000,401680
DSKY,D,20181109,000000,90.7000000,91.1200000,90.0000000,90.3800000,213040
DSKY,D,20181112,000000,91.0000000,91.4000000,89.5000000,91.0000000,146860
DSKY,D,20181113,000000,91.3800000,111.1000000,90.0000000,90.6600000,337650
DSKY,D,20181114,000000,90.9200000,91.0000000,90.2400000,90.6200000,64140
DSKY,D,20181115,000000,91.6600000,91.6600000,90.0000000,90.3200000,104240
DSKY,D,20181116,000000,90.5000000,90.7000000,89.9000000,90.0000000,93230
DSKY,D,20181119,000000,90.5800000,90.8600000,90.0200000,90.3600000,80130
DSKY,D,20181120,000000,90.3600000,90.3800000,89.5800000,89.9800000,63230
DSKY,D,20181121,000000,89.4600000,89.9800000,89.1200000,89.8200000,145870
DSKY,D,20181122,000000,89.7400000,90.6000000,89.5000000,89.8800000,131400
DSKY,D,20181123,000000,90.3800000,90.3800000,89.0200000,89.3400000,86350
DSKY,D,20181126,000000,89.1400000,90.6000000,89.1200000,89.6200000,125730
DSKY,D,20181127,000000,89.7200000,90.1800000,89.6200000,89.8600000,45380
DSKY,D,20181128,000000,89.6000000,93.6600000,89.6000000,92.5200000,635560
DSKY,D,20181129,000000,92.3400000,93.7000000,92.0400000,92.9200000,389390
DSKY,D,20181130,000000,93.1000000,93.5000000,92.6000000,93.5000000,246130
DSKY,D,20181203,000000,93.1600000,93.2200000,92.5000000,92.9200000,799270
DSKY,D,20181204,000000,93.1600000,93.4000000,92.6400000,93.0200000,530020
DSKY,D,20181205,000000,92.9200000,93.2800000,92.5800000,92.9200000,288950
DSKY,D,20181206,000000,93.0600000,93.1400000,92.7000000,93.1000000,267120
DSKY,D,20181207,000000,93.0000000,93.5400000,93.0000000,93.5000000,1309230
DSKY,D,20181210,000000,93.4800000,94.4600000,93.1000000,93.4000000,416710
DSKY,D,20181211,000000,93.4000000,93.7400000,93.0200000,93.2000000,268480
DSKY,D,20181212,000000,93.6000000,94.5000000,93.0000000,93.9400000,327190
DSKY,D,20181213,000000,93.7000000,93.9800000,92.1200000,93.8400000,386240
DSKY,D,20181214,000000,93.0200000,93.8400000,92.9000000,93.1600000,205570
DSKY,D,20181217,000000,92.6800000,93.5000000,92.5600000,92.9600000,219230
DSKY,D,20181218,000000,92.7400000,93.0000000,92.2000000,92.6000000,225080
DSKY,D,20181219,000000,92.3600000,93.3200000,92.3600000,93.0000000,414240
DSKY,D,20181220,000000,92.5200000,93.0800000,92.2600000,92.8800000,213190
DSKY,D,20181221,000000,93.1200000,93.9600000,93.0600000,93.7000000,327710
DSKY,D,20181224,000000,93.5200000,95.1000000,92.7400000,94.8800000,788630
DSKY,D,20181225,000000,91.5000000,91.6800000,89.0000000,89.6000000,429880
DSKY,D,20181226,000000,89.9800000,91.7200000,89.4400000,91.0400000,299560
DSKY,D,20181227,000000,91.5000000,91.6000000,89.8200000,90.0000000,285960
DSKY,D,20181228,000000,89.9800000,91.0000000,89.9800000,90.2000000,256120
DSKY,D,20181229,000000,90.5800000,90.9400000,90.1000000,90.4400000,198950
DSKY,D,20190103,000000,90.9600000,91.8000000,90.2200000,90.6800000,140730
DSKY,D,20190104,000000,90.5600000,91.5000000,90.4600000,90.7200000,41700
DSKY,D,20190108,000000,91.2800000,91.4000000,90.6800000,90.7000000,47860
DSKY,D,20190109,000000,91.3200000,91.4200000,90.7200000,90.8000000,208130
DSKY,D,20190110,000000,90.8200000,91.4600000,90.6000000,90.9600000,174630
DSKY,D,20190111,000000,91.2600000,91.3000000,90.8800000,91.1800000,143770
DSKY,D,20190114,000000,91.1800000,91.9000000,91.1200000,91.7000000,268520
DSKY,D,20190115,000000,91.6800000,91.9600000,91.2400000,91.5000000,348350
DSKY,D,20190116,000000,91.2200000,91.7600000,91.1800000,91.5000000,491040
DSKY,D,20190117,000000,91.7000000,92.0000000,91.3200000,91.5600000,436620
DSKY,D,20190118,000000,91.6200000,92.5000000,90.6000000,91.7600000,554940
DSKY,D,20190121,000000,91.9800000,92.5000000,91.2200000,92.2600000,228220
DSKY,D,20190122,000000,92.3000000,93.2600000,92.1000000,92.7600000,225580
DSKY,D,20190123,000000,92.8600000,92.8600000,92.2200000,92.7600000,124750
DSKY,D,20190124,000000,92.8000000,92.9000000,92.0600000,92.6000000,201900
DSKY,D,20190125,000000,92.3800000,92.9600000,90.4800000,92.4400000,660930
DSKY,D,20190128,000000,92.4400000,92.8200000,90.9800000,91.2800000,257920
DSKY,D,20190129,000000,91.4800000,91.6600000,90.8200000,91.2000000,184610
DSKY,D,20190130,000000,90.9400000,91.3800000,90.7400000,90.8800000,262770
DSKY,D,20190131,000000,90.9800000,91.0000000,90.7000000,90.9000000,183410
DSKY,D,20190201,000000,90.8000000,91.2400000,89.5800000,90.9000000,326330
DSKY,D,20190204,000000,90.9600000,91.2600000,90.3200000,90.9400000,97040
DSKY,D,20190205,000000,90.8000000,91.5000000,90.6000000,90.8000000,350130
DSKY,D,20190206,000000,91.0000000,91.0800000,90.6200000,90.7600000,229350
DSKY,D,20190207,000000,90.8000000,90.9800000,87.5000000,89.8600000,534470
DSKY,D,20190208,000000,89.7400000,90.4800000,89.2000000,89.9000000,109390
DSKY,D,20190211,000000,90.2000000,90.7800000,89.9000000,90.7000000,68170
DSKY,D,20190212,000000,90.8200000,90.9800000,89.6200000,90.0200000,498700
DSKY,D,20190213,000000,90.4000000,90.7800000,88.9000000,89.1000000,403840
DSKY,D,20190214,000000,89.1000000,89.1000000,86.9000000,88.9000000,850760
DSKY,D,20190215,000000,88.9000000,89.4000000,88.5800000,89.1000000,132420
DSKY,D,20190218,000000,89.1400000,89.1400000,88.1600000,88.8000000,78620
DSKY,D,20190219,000000,88.8200000,89.2200000,88.3400000,88.6800000,143170
DSKY,D,20190220,000000,89.1400000,89.1400000,86.6400000,87.6600000,597720
DSKY,D,20190221,000000,87.9200000,88.0000000,87.4000000,87.5000000,229570
DSKY,D,20190222,000000,87.5000000,87.9400000,87.3000000,87.4000000,185260
DSKY,D,20190225,000000,87.6800000,88.3400000,87.3600000,88.0200000,119420
DSKY,D,20190226,000000,88.1000000,88.3000000,87.9200000,87.9400000,65250
DSKY,D,20190227,000000,88.2000000,88.8800000,87.4200000,87.6800000,231070
DSKY,D,20190228,000000,87.8800000,88.9200000,87.5200000,88.9200000,213010
DSKY,D,20190301,000000,90.0000000,90.0000000,88.6000000,88.9200000,384690
DSKY,D,20190304,000000,89.0200000,89.0200000,87.5000000,87.5800000,388200
DSKY,D,20190305,000000,88.3400000,89.0000000,87.6200000,88.7000000,442490
DSKY,D,20190306,000000,88.5200000,89.0000000,88.5200000,88.9800000,259880
DSKY,D,20190307,000000,88.7000000,89.0000000,88.2200000,88.3600000,220460
DSKY,D,20190311,000000,88.3400000,90.1600000,88.3400000,89.9800000,437610
DSKY,D,20190312,000000,90.2600000,91.0000000,89.5800000,90.5000000,1055220
DSKY,D,20190313,000000,90.1400000,90.6800000,88.9200000,89.0000000,521840
DSKY,D,20190314,000000,89.6000000,89.6000000,88.1000000,88.3800000,517690
DSKY,D,20190315,000000,88.4000000,88.9600000,88.0600000,88.1200000,901330
DSKY,D,20190318,000000,88.7600000,90.0000000,88.1000000,89.9800000,610570
DSKY,D,20190319,000000,90.5800000,90.5800000,88.7000000,89.6000000,330210
DSKY,D,20190320,000000,89.8000000,90.0000000,89.2000000,89.2400000,155860
DSKY,D,20190321,000000,89.9200000,89.9200000,88.7200000,88.8000000,287450
DSKY,D,20190322,000000,89.2800000,89.8000000,88.5000000,88.9000000,246150
DSKY,D,20190325,000000,89.0000000,89.4000000,88.2800000,88.4400000,280490
DSKY,D,20190326,000000,88.3400000,89.3000000,88.0000000,88.5000000,190690
DSKY,D,20190327,000000,88.3400000,89.0000000,88.2200000,88.6600000,207950
DSKY,D,20190328,000000,89.0600000,89.1000000,88.5600000,88.7800000,46430
DSKY,D,20190329,000000,88.8800000,88.9400000,87.5000000,88.8800000,173630
DSKY,D,20190401,000000,88.9600000,89.8000000,88.4200000,88.9000000,141350
DSKY,D,20190402,000000,88.8400000,89.2000000,88.5400000,89.0000000,98160
DSKY,D,20190403,000000,88.6000000,89.2000000,88.6000000,88.8000000,70110
DSKY,D,20190404,000000,89.0600000,89.0600000,88.6000000,88.8000000,47390
DSKY,D,20190405,000000,88.5200000,89.0000000,88.5000000,88.8400000,50850
DSKY,D,20190408,000000,88.5600000,89.3000000,87.9800000,88.3000000,155740
DSKY,D,20190409,000000,88.4400000,88.7000000,87.7000000,87.7000000,339560
DSKY,D,20190410,000000,88.1800000,88.2200000,87.7000000,87.8600000,156330
DSKY,D,20190411,000000,87.9200000,88.1600000,87.6000000,87.7000000,366800
DSKY,D,20190412,000000,87.7200000,88.2000000,87.7200000,87.9000000,267360
DSKY,D,20190415,000000,87.9000000,88.7000000,87.7600000,88.3000000,420520
DSKY,D,20190416,000000,88.3200000,89.0000000,88.0200000,88.8800000,470170
DSKY,D,20190417,000000,88.9400000,89.5400000,88.9400000,89.0200000,205780
DSKY,D,20190418,000000,89.4000000,89.4200000,88.0800000,88.1000000,289350
DSKY,D,20190419,000000,88.6000000,89.2000000,88.1400000,89.1000000,247670
DSKY,D,20190422,000000,89.1600000,89.4800000,88.7000000,89.3800000,142740
DSKY,D,20190423,000000,89.4000000,89.7000000,88.9200000,89.3600000,663290
DSKY,D,20190424,000000,89.3800000,89.6000000,88.7400000,89.0600000,120170
DSKY,D,20190425,000000,89.0400000,89.3000000,88.2600000,88.7600000,222600
DSKY,D,20190426,000000,88.8800000,88.9400000,88.2000000,88.4000000,182140
DSKY,D,20190429,000000,88.6800000,89.6000000,87.7200000,88.1400000,665580
DSKY,D,20190430,000000,88.4800000,88.5800000,87.9000000,88.4400000,270710
DSKY,D,20190502,000000,88.1600000,88.5800000,88.1600000,88.2400000,163300
DSKY,D,20190503,000000,88.3400000,88.6000000,88.2600000,88.3400000,105760
DSKY,D,20190506,000000,88.3000000,89.6000000,88.2000000,88.8800000,173990
DSKY,D,20190507,000000,88.9400000,90.3600000,88.9200000,89.7200000,263180
DSKY,D,20190508,000000,89.8800000,90.1800000,88.5000000,88.9200000,445950
DSKY,D,20190510,000000,89.2200000,89.2200000,88.4200000,88.8600000,90120
DSKY,D,20190513,000000,88.8800000,89.3600000,88.4200000,89.1200000,163520
DSKY,D,20190514,000000,89.2600000,89.3600000,88.6000000,88.8800000,214600
DSKY,D,20190515,000000,89.2200000,89.5600000,88.7200000,89.4200000,276030
DSKY,D,20190516,000000,89.4600000,90.2000000,89.4000000,89.8800000,165330
DSKY,D,20190517,000000,89.8400000,90.1000000,89.4200000,89.8000000,96800
DSKY,D,20190520,000000,89.8200000,90.3000000,89.7600000,89.8600000,380320
DSKY,D,20190521,000000,89.9200000,90.2800000,89.9000000,89.9600000,435720
DSKY,D,20190522,000000,90.0000000,90.1200000,89.2200000,89.6800000,766660
DSKY,D,20190523,000000,89.6600000,90.1800000,89.4000000,89.8000000,1074670
DSKY,D,20190524,000000,86.4000000,86.6000000,85.5200000,85.5800000,1794980
DSKY,D,20190527,000000,85.7800000,85.9800000,85.0400000,85.2000000,448140
DSKY,D,20190528,000000,85.2400000,85.7400000,85.0200000,85.7400000,590570
DSKY,D,20190529,000000,85.4200000,85.6800000,85.0800000,85.3200000,378380
DSKY,D,20190530,000000,85.4200000,85.4800000,85.0000000,85.3000000,604780
DSKY,D,20190531,000000,85.4000000,85.4600000,84.6000000,84.7000000,487690
DSKY,D,20190603,000000,84.6200000,84.9600000,84.1600000,84.6600000,390280
DSKY,D,20190604,000000,84.7200000,85.9600000,84.5600000,85.5000000,321020
DSKY,D,20190605,000000,85.5600000,85.9400000,85.2000000,85.2000000,216690
DSKY,D,20190606,000000,85.3200000,85.7000000,85.1400000,85.7000000,266100
DSKY,D,20190607,000000,85.7000000,85.7000000,85.3200000,85.4800000,411870
DSKY,D,20190610,000000,85.3000000,85.6400000,85.1200000,85.2600000,232420
DSKY,D,20190611,000000,85.4800000,85.6400000,85.1000000,85.3200000,359610
DSKY,D,20190613,000000,85.6000000,85.6200000,85.1600000,85.2000000,175750
DSKY,D,20190614,000000,85.5000000,85.5000000,84.8600000,84.9600000,243010
DSKY,D,20190617,000000,85.2400000,85.3400000,84.5200000,84.7400000,290800
DSKY,D,20190618,000000,85.0400000,85.1200000,84.6000000,84.7600000,377410
DSKY,D,20190619,000000,84.9400000,86.7400000,84.8200000,86.0600000,699950
DSKY,D,20190620,000000,86.2000000,87.2800000,86.1000000,86.3800000,653620
DSKY,D,20190621,000000,86.1400000,87.0000000,86.0000000,87.0000000,445420
DSKY,D,20190624,000000,86.5000000,86.9000000,86.2000000,86.6200000,472120
DSKY,D,20190625,000000,86.5000000,86.5000000,85.6600000,85.9800000,304130
DSKY,D,20190626,000000,85.9800000,86.2800000,85.6800000,85.8000000,343740
DSKY,D,20190627,000000,85.8000000,86.4800000,85.7400000,85.8000000,214710
DSKY,D,20190628,000000,86.0000000,86.2000000,85.6000000,85.8000000,329160
DSKY,D,20190701,000000,85.9000000,85.9000000,84.8000000,85.4400000,1182320
DSKY,D,20190702,000000,85.2800000,85.9800000,85.1600000,85.6400000,393720
DSKY,D,20190703,000000,85.6400000,86.3000000,85.3200000,85.9000000,626220
DSKY,D,20190704,000000,85.8400000,87.2000000,85.8000000,86.7200000,839370
DSKY,D,20190705,000000,86.7200000,87.1200000,86.0200000,86.7200000,603550
DSKY,D,20190708,000000,87.1400000,87.2000000,86.5800000,87.0200000,581330
DSKY,D,20190709,000000,87.0200000,87.9000000,86.8000000,86.8000000,573600
DSKY,D,20190710,000000,87.1600000,88.4000000,86.6800000,87.8600000,596330
DSKY,D,20190711,000000,87.9600000,88.4800000,87.5200000,87.5400000,444470
DSKY,D,20190712,000000,88.0000000,88.0800000,86.9000000,87.8000000,221230
DSKY,D,20190715,000000,87.8600000,88.4200000,87.5800000,87.9000000,436950
DSKY,D,20190716,000000,88.0000000,89.1600000,88.0000000,88.9600000,770590
DSKY,D,20190717,000000,88.6600000,89.5000000,88.5400000,89.3200000,282240
DSKY,D,20190718,000000,89.4600000,90.8400000,89.2400000,90.7400000,727100
DSKY,D,20190719,000000,90.8600000,92.3800000,90.3000000,90.8000000,863490
DSKY,D,20190722,000000,91.4800000,91.5000000,89.8000000,90.5200000,423550
DSKY,D,20190723,000000,90.1600000,90.5000000,89.8400000,90.5000000,409380
DSKY,D,20190724,000000,90.4800000,90.5000000,89.5400000,89.8000000,312500
DSKY,D,20190725,000000,89.5000000,89.8000000,89.0200000,89.4800000,524560
DSKY,D,20190726,000000,89.8800000,89.8800000,88.9400000,89.5000000,474190
DSKY,D,20190729,000000,89.9800000,90.2000000,89.5200000,89.7000000,253510
DSKY,D,20190730,000000,89.9400000,89.9400000,88.3600000,88.5600000,339920
DSKY,D,20190731,000000,88.9600000,89.6800000,88.2400000,89.6800000,542160
DSKY,D,20190801,000000,89.3400000,90.2000000,88.8800000,90.0000000,470230
DSKY,D,20190802,000000,88.9800000,89.6600000,88.3600000,88.8400000,348810
DSKY,D,20190805,000000,88.8000000,89.4800000,88.2000000,89.0200000,382200
DSKY,D,20190806,000000,88.4600000,90.0000000,88.4600000,89.2600000,365670
DSKY,D,20190807,000000,89.2800000,89.7400000,88.8200000,89.7400000,168100
DSKY,D,20190808,000000,89.6000000,90.4800000,89.0000000,89.7800000,531450
DSKY,D,20190809,000000,89.8800000,90.5000000,89.5000000,90.2400000,155440
DSKY,D,20190812,000000,90.2400000,90.8000000,89.6200000,89.7600000,119990
DSKY,D,20190813,000000,90.0000000,90.0000000,88.8000000,89.0800000,385610
DSKY,D,20190814,000000,89.6400000,89.8800000,88.3400000,88.7000000,379970
DSKY,D,20190815,000000,88.7000000,89.1600000,86.0800000,87.0000000,705400
DSKY,D,20190816,000000,87.6400000,88.0800000,87.0200000,87.4000000,165010
DSKY,D,20190819,000000,87.9800000,87.9800000,86.5600000,87.1400000,354720
DSKY,D,20190820,000000,87.2200000,87.8600000,87.0200000,87.4000000,271510
DSKY,D,20190821,000000,87.8600000,87.9800000,87.2200000,87.8800000,696520
DSKY,D,20190822,000000,88.0800000,89.5000000,87.9800000,89.3000000,355340
DSKY,D,20190823,000000,89.4000000,89.5000000,88.0400000,88.7000000,302010
DSKY,D,20190826,000000,89.1400000,90.4000000,89.1000000,89.5000000,580720
DSKY,D,20190827,000000,90.0400000,90.3800000,89.3000000,89.7600000,718220
DSKY,D,20190828,000000,90.2000000,90.3400000,89.8000000,90.0200000,339190
DSKY,D,20190829,000000,90.2200000,91.0000000,88.3800000,90.7000000,488080
DSKY,D,20190830,000000,90.7000000,90.7000000,89.8000000,90.2000000,265970
DSKY,D,20190902,000000,90.4800000,90.7200000,90.0400000,90.5000000,193100
DSKY,D,20190903,000000,90.7200000,90.7200000,89.5400000,89.6000000,369160
DSKY,D,20190904,000000,90.1200000,90.8000000,90.0400000,90.4000000,260340
DSKY,D,20190905,000000,90.8000000,90.9000000,90.2000000,90.4800000,298820
DSKY,D,20190906,000000,90.5000000,90.8000000,90.0200000,90.5000000,208310
DSKY,D,20190909,000000,90.6800000,90.9000000,90.0800000,90.3400000,155430
DSKY,D,20190910,000000,90.5400000,90.7000000,89.9800000,90.4000000,213240
DSKY,D,20190911,000000,90.1600000,90.6000000,89.9800000,90.1000000,342280
DSKY,D,20190912,000000,90.1200000,90.4800000,89.8000000,90.4800000,395780
DSKY,D,20190913,000000,90.6000000,91.0000000,90.0000000,90.8800000,579740
DSKY,D,20190916,000000,90.9000000,91.4800000,90.0000000,90.2000000,439330
DSKY,D,20190917,000000,90.4800000,90.5000000,90.0000000,90.2600000,616140
DSKY,D,20190918,000000,90.2800000,90.4800000,89.8200000,90.2800000,219280
DSKY,D,20190919,000000,90.2200000,90.3600000,88.5400000,90.0000000,331820
DSKY,D,20190920,000000,89.6200000,90.2000000,89.5000000,90.2000000,99150
DSKY,D,20190923,000000,90.0000000,90.3800000,89.7600000,90.3000000,168180
DSKY,D,20190924,000000,90.1000000,90.3000000,89.7200000,89.7200000,88740
DSKY,D,20190925,000000,90.0000000,90.2000000,89.4000000,89.9400000,248930
DSKY,D,20190926,000000,90.1000000,90.1600000,89.5000000,90.0200000,157850
DSKY,D,20190927,000000,89.8800000,90.1800000,89.6400000,89.6800000,141940
DSKY,D,20190930,000000,89.6800000,90.0000000,88.7800000,88.9200000,166580
DSKY,D,20191001,000000,88.9800000,89.3800000,88.8600000,89.3800000,185920
DSKY,D,20191002,000000,89.8200000,89.8800000,89.1400000,89.6400000,266360
DSKY,D,20191003,000000,89.8400000,90.0000000,89.3000000,89.6000000,318070
DSKY,D,20191004,000000,89.5000000,89.8800000,89.4000000,89.6000000,215660
DSKY,D,20191007,000000,89.8400000,90.0000000,89.5000000,89.6600000,368060
DSKY,D,20191008,000000,89.6800000,90.3000000,89.2400000,90.2600000,280810
DSKY,D,20191009,000000,90.2400000,90.3800000,89.9000000,90.1600000,110010
DSKY,D,20191010,000000,90.0000000,90.3800000,89.7200000,90.0800000,100690
DSKY,D,20191011,000000,90.0600000,90.0800000,89.6200000,89.8000000,189650
DSKY,D,20191014,000000,89.7800000,90.5600000,89.5600000,90.5200000,272660
DSKY,D,20191015,000000,90.5800000,91.2200000,89.1600000,91.2200000,823150
DSKY,D,20191016,000000,92.4200000,94.4800000,92.0000000,93.9600000,1762960
DSKY,D,20191017,000000,94.2400000,94.5000000,93.6000000,94.3000000,605650
DSKY,D,20191018,000000,94.4600000,94.5800000,93.6200000,93.9400000,304550
DSKY,D,20191021,000000,94.4800000,94.4800000,93.7000000,94.2600000,374960
DSKY,D,20191022,000000,93.9000000,95.2000000,93.9000000,95.0000000,575990
DSKY,D,20191023,000000,95.3600000,96.0000000,94.5000000,96.0000000,604100
DSKY,D,20191024,000000,96.5200000,96.5200000,95.3400000,95.9800000,244240
DSKY,D,20191025,000000,95.8800000,95.8800000,93.5800000,95.2400000,459280
DSKY,D,20191028,000000,95.2600000,95.9600000,95.1000000,95.8600000,135740
DSKY,D,20191029,000000,95.1200000,97.7400000,95.1200000,97.2000000,612460
DSKY,D,20191030,000000,97.4000000,97.7400000,96.2200000,96.9600000,310210
DSKY,D,20191031,000000,96.9600000,97.5000000,95.8400000,95.9000000,212360
DSKY,D,20191101,000000,96.1600000,97.0000000,96.1000000,96.9600000,332900
DSKY,D,20191105,000000,97.4000000,98.9200000,95.8200000,97.1000000,1739140
DSKY,D,20191106,000000,97.2600000,97.9600000,96.5200000,97.7600000,803680
DSKY,D,20191107,000000,98.3000000,98.7600000,97.9000000,98.2600000,781740
DSKY,D,20191108,000000,98.4800000,99.3800000,98.2600000,99.2800000,924960
DSKY,D,20191111,000000,98.9000000,100.3800000,98.8800000,99.3800000,635520
DSKY,D,20191112,000000,99.7600000,100.4000000,99.4400000,99.7400000,964280
DSKY,D,20191113,000000,99.4800000,100.3400000,98.2000000,98.5000000,1756810
DSKY,D,20191114,000000,98.9400000,99.2000000,96.1800000,96.3000000,1846160
DSKY,D,20191115,000000,97.2400000,99.3200000,96.5600000,96.5600000,1360130
DSKY,D,20191118,000000,96.6800000,96.7000000,92.0200000,93.4600000,6215230
DSKY,D,20191119,000000,93.5600000,96.8000000,93.2000000,95.6000000,2458850
DSKY,D,20191120,000000,95.9800000,97.0000000,95.2000000,95.2000000,1001820
DSKY,D,20191121,000000,95.5600000,95.9400000,93.0000000,93.0000000,2124720
DSKY,D,20191122,000000,92.5400000,93.9600000,91.8000000,93.6000000,16486650
DSKY,D,20191125,000000,93.6000000,94.9600000,93.6000000,94.3600000,4829330
DSKY,D,20191126,000000,94.7000000,95.2400000,93.9200000,94.2600000,5481250
DSKY,D,20191127,000000,94.3800000,94.7000000,93.4000000,93.6000000,2674540
DSKY,D,20191128,000000,93.7200000,94.1000000,93.1200000,93.7200000,1925700
DSKY,D,20191129,000000,93.9000000,94.7800000,93.7600000,94.6200000,2324640
DSKY,D,20191202,000000,94.8800000,96.8000000,94.8000000,94.8200000,2515160
DSKY,D,20191203,000000,95.1400000,95.7800000,94.2200000,95.0000000,1944820
DSKY,D,20191204,000000,95.0200000,95.6600000,94.9400000,95.3000000,1348930
DSKY,D,20191205,000000,95.6600000,95.9000000,95.3000000,95.7000000,1402650
DSKY,D,20191206,000000,95.8000000,98.2800000,95.7400000,97.5600000,3287020
DSKY,D,20191209,000000,98.0000000,98.8000000,97.5800000,98.0000000,2650750
DSKY,D,20191210,000000,98.2000000,98.2200000,95.7400000,97.4800000,2401720
DSKY,D,20191211,000000,97.5400000,98.2000000,97.4400000,97.9600000,3942270
DSKY,D,20191212,000000,98.0800000,98.5200000,97.5000000,98.5000000,4623990
DSKY,D,20191213,000000,98.5200000,99.0000000,98.2000000,98.7400000,6237200
DSKY,D,20191216,000000,94.3600000,94.9400000,93.7400000,94.5000000,7239160
DSKY,D,20191217,000000,94.4800000,96.9000000,94.3600000,96.9000000,4660360
DSKY,D,20191218,000000,96.9800000,99.8000000,96.0400000,99.2800000,7113990
DSKY,D,20191219,000000,99.6000000,100.0000000,98.1000000,99.5000000,4033960
DSKY,D,20191220,000000,99.5000000,99.5400000,97.6000000,98.2000000,1609950
DSKY,D,20191223,000000,98.5000000,99.3800000,96.4400000,97.6800000,1428070
DSKY,D,20191224,000000,97.5000000,99.3000000,97.4200000,99.0000000,2108890
DSKY,D,20191225,000000,99.1000000,99.4400000,98.6400000,98.9200000,393390
DSKY,D,20191226,000000,99.0000000,99.3800000,98.0600000,99.1000000,691430
DSKY,D,20191227,000000,99.1200000,100.2000000,98.8600000,100.0000000,1742640
DSKY,D,20191230,000000,100.2200000,102.0000000,99.8400000,100.0000000,1423780
DSKY,D,20200103,000000,100.6800000,102.7600000,100.0800000,101.5000000,957500
DSKY,D,20200106,000000,101.6000000,103.4400000,100.7200000,102.3600000,1239180
DSKY,D,20200108,000000,102.8000000,103.0000000,98.7000000,102.5000000,1169940
DSKY,D,20200109,000000,102.5600000,104.0000000,101.5000000,103.9200000,1386170
DSKY,D,20200110,000000,103.9800000,106.0000000,103.6600000,105.5600000,1372960
DSKY,D,20200113,000000,105.7400000,107.6400000,105.6800000,107.4000000,2116370
DSKY,D,20200114,000000,107.4400000,108.5200000,105.5200000,107.0600000,1877060
DSKY,D,20200115,000000,107.2000000,107.9800000,103.4800000,105.2400000,2741400
DSKY,D,20200116,000000,105.5400000,109.9000000,105.4600000,109.1000000,3441250
DSKY,D,20200117,000000,109.4000000,117.5200000,109.0000000,117.2000000,9996610
DSKY,D,20200120,000000,117.6400000,118.5000000,113.7000000,115.2000000,4621350
DSKY,D,20200121,000000,115.2000000,116.3800000,114.4000000,115.8000000,1674190
DSKY,D,20200122,000000,116.1600000,119.8400000,116.0800000,117.6000000,4168000
DSKY,D,20200123,000000,116.5800000,118.9800000,115.5000000,117.3200000,3080210
DSKY,D,20200124,000000,118.5000000,119.8800000,114.0000000,116.7200000,2896900
DSKY,D,20200127,000000,115.9800000,117.5000000,112.8800000,116.0000000,4171510
DSKY,D,20200128,000000,115.9800000,117.0000000,115.6200000,116.0000000,1557310
DSKY,D,20200129,000000,116.3400000,119.2000000,116.2000000,118.3000000,1414060
DSKY,D,20200130,000000,117.8200000,118.8000000,116.0200000,116.0200000,1556830
DSKY,D,20200131,000000,116.6400000,117.4800000,114.7000000,115.0400000,1337180
DSKY,D,20200203,000000,114.8400000,116.9200000,113.4000000,116.0000000,1688140
DSKY,D,20200204,000000,116.0600000,117.7000000,116.0200000,116.4000000,858010
DSKY,D,20200205,000000,116.8000000,116.9600000,115.6600000,116.0000000,1588360
DSKY,D,20200206,000000,116.6800000,116.9000000,115.0000000,115.6600000,1943110
DSKY,D,20200207,000000,115.6600000,115.6600000,113.6000000,114.0000000,1801690
DSKY,D,20200210,000000,114.4600000,115.9800000,113.8600000,115.5000000,1530020
DSKY,D,20200211,000000,115.7200000,116.0000000,114.8800000,115.6400000,622930
DSKY,D,20200212,000000,115.8800000,116.9000000,115.1800000,116.9000000,1290070
DSKY,D,20200213,000000,116.7600000,116.9800000,115.6400000,116.5600000,1222690
DSKY,D,20200214,000000,116.7600000,119.0200000,116.0000000,118.0000000,1910760
DSKY,D,20200217,000000,118.3400000,118.9200000,117.4400000,118.5400000,952790
DSKY,D,20200218,000000,118.5000000,119.0200000,117.9000000,118.4800000,561260
DSKY,D,20200219,000000,118.4800000,119.5000000,118.1000000,118.8200000,601950
DSKY,D,20200220,000000,118.6200000,120.5600000,118.4000000,119.1400000,1102430
DSKY,D,20200221,000000,119.0800000,119.8000000,117.7400000,119.0000000,597330
DSKY,D,20200225,000000,117.9000000,119.9600000,89.0800000,117.9200000,3350690
DSKY,D,20200226,000000,117.0800000,118.2000000,113.7000000,115.8000000,2282480
DSKY,D,20200227,000000,115.1400000,115.4000000,112.0000000,112.4400000,1754980
DSKY,D,20200228,000000,109.5200000,111.8000000,102.2000000,111.8000000,4089090
DSKY,D,20200302,000000,114.3000000,118.9000000,109.3800000,112.5000000,4616440
DSKY,D,20200303,000000,115.0000000,117.0000000,110.2200000,112.6000000,2804410
DSKY,D,20200304,000000,111.6000000,113.2600000,107.1200000,109.1600000,3661230
DSKY,D,20200305,000000,110.4000000,113.6200000,109.0600000,111.5400000,3416130
DSKY,D,20200306,000000,110.2000000,110.4600000,104.7000000,105.2800000,4696310
DSKY,D,20200310,000000,100.0000000,108.8200000,96.0000000,102.5800000,3317930
DSKY,D,20200311,000000,104.2400000,106.1200000,100.1400000,100.1400000,3106710
DSKY,D,20200312,000000,97.0200000,99.5000000,88.1800000,91.9800000,6568910
DSKY,D,20200313,000000,91.9000000,98.2000000,90.1000000,95.4800000,5523870
DSKY,D,20200316,000000,96.9400000,96.9400000,82.0000000,84.4000000,7493540
DSKY,D,20200317,000000,84.5600000,87.2800000,75.6800000,78.0000000,6804760
DSKY,D,20200318,000000,77.0200000,77.1000000,70.5200000,74.7200000,4972620
DSKY,D,20200319,000000,73.7200000,88.9000000,72.0000000,85.6000000,8091470
DSKY,D,20200320,000000,87.0000000,94.5000000,85.6000000,89.0000000,8994570
DSKY,D,20200323,000000,88.0000000,88.9600000,83.0400000,84.5000000,3373660
DSKY,D,20200324,000000,88.9800000,89.5000000,86.0000000,87.7000000,3023240
DSKY,D,20200325,000000,89.0200000,95.5200000,88.4000000,91.0800000,4485070
DSKY,D,20200326,000000,90.1400000,92.8000000,85.0400000,89.0000000,4457490
DSKY,D,20200327,000000,89.9000000,91.4600000,87.1200000,88.5000000,2252460
DSKY,D,20200330,000000,86.6000000,90.5000000,83.7400000,89.6400000,4297700
DSKY,D,20200331,000000,90.5000000,93.4800000,89.7000000,91.0200000,4180870
DSKY,D,20200401,000000,88.0800000,91.7200000,86.5400000,90.1200000,2365380
DSKY,D,20200402,000000,91.0000000,92.3800000,89.1600000,90.6200000,2138780
DSKY,D,20200403,000000,91.0000000,94.8000000,90.6200000,94.4200000,1779810
DSKY,D,20200406,000000,95.0000000,99.5000000,94.5600000,97.8000000,3365050
DSKY,D,20200407,000000,98.9000000,100.5000000,97.1800000,98.1200000,2922650
DSKY,D,20200408,000000,98.1200000,100.0000000,97.5800000,100.0000000,1152990
DSKY,D,20200409,000000,100.2000000,102.8400000,98.5600000,101.4600000,2146880
DSKY,D,20200410,000000,101.4600000,101.6200000,98.5200000,100.3600000,1155800
DSKY,D,20200413,000000,100.2400000,100.2400000,98.0800000,98.1000000,658610
DSKY,D,20200414,000000,98.3800000,100.7400000,98.3800000,100.5000000,1232510
DSKY,D,20200415,000000,101.0000000,101.0400000,95.1400000,95.4600000,3187000
DSKY,D,20200416,000000,95.5600000,96.9200000,92.6000000,93.0000000,4061860
DSKY,D,20200417,000000,94.1400000,94.9000000,90.7400000,91.3000000,4610680
DSKY,D,20200420,000000,91.9000000,93.4800000,89.0000000,90.0200000,3769280
DSKY,D,20200421,000000,89.2000000,90.5000000,87.0000000,88.0000000,3745010
DSKY,D,20200422,000000,87.1800000,90.3000000,87.0600000,87.1200000,4104410
DSKY,D,20200423,000000,87.9600000,88.9600000,87.0000000,88.1000000,5275740
DSKY,D,20200424,000000,88.2000000,89.0400000,86.0800000,86.8200000,2776940
DSKY,D,20200427,000000,88.0000000,88.1400000,86.8200000,87.0400000,2061350
DSKY,D,20200428,000000,87.4600000,89.7600000,87.0200000,88.9800000,4496580
DSKY,D,20200429,000000,89.2800000,92.6000000,89.0400000,91.2400000,3845130
DSKY,D,20200430,000000,91.4000000,92.9200000,86.8000000,87.8000000,9035750
DSKY,D,20200504,000000,87.4600000,87.4800000,85.6400000,86.5000000,1900420
DSKY,D,20200505,000000,87.0400000,88.0000000,86.7000000,87.2200000,2339960
DSKY,D,20200506,000000,87.5200000,87.5600000,86.0800000,86.6000000,2954620
DSKY,D,20200507,000000,86.7600000,86.7600000,86.1600000,86.2000000,1987730
DSKY,D,20200508,000000,86.4800000,86.4800000,85.8000000,86.0400000,929580
DSKY,D,20200512,000000,86.5000000,86.5800000,85.2000000,86.1000000,1624330
DSKY,D,20200513,000000,85.9000000,86.3600000,85.4000000,85.9000000,1710360
DSKY,D,20200514,000000,85.6000000,85.6000000,83.0000000,83.7000000,3330490
DSKY,D,20200515,000000,84.2000000,84.7000000,83.8800000,84.2000000,1397810
DSKY,D,20200518,000000,84.6400000,86.6000000,84.5400000,86.5400000,1627670
DSKY,D,20200519,000000,86.8600000,87.2600000,85.6800000,86.9400000,3008530
DSKY,D,20200520,000000,86.7600000,95.2000000,86.2000000,95.1000000,14632720
DSKY,D,20200521,000000,95.5400000,99.8000000,93.4000000,94.8800000,6454590
DSKY,D,20200522,000000,94.8600000,96.7000000,92.9000000,96.1200000,2667770
DSKY,D,20200525,000000,96.5000000,97.1000000,95.1600000,95.9600000,1349070
DSKY,D,20200526,000000,96.0400000,99.3800000,95.4800000,97.8000000,2818200
DSKY,D,20200527,000000,97.6800000,98.4200000,95.6400000,96.0000000,1946450
DSKY,D,20200528,000000,96.7600000,97.9800000,96.2000000,97.9800000,1831440
DSKY,D,20200529,000000,97.4000000,99.0200000,96.4200000,99.0200000,2947170
DSKY,D,20200601,000000,99.5000000,99.9000000,97.5200000,99.0400000,2246100
DSKY,D,20200602,000000,99.2000000,99.3800000,97.2400000,98.0600000,3317000
DSKY,D,20200603,000000,98.7800000,101.3600000,98.1400000,100.0400000,3739470
DSKY,D,20200604,000000,100.4000000,102.1200000,98.9000000,101.2000000,2586230
DSKY,D,20200605,000000,101.6800000,102.0000000,100.0000000,100.9400000,2994060
DSKY,D,20200608,000000,101.4800000,102.1600000,97.0000000,98.0000000,6718530
DSKY,D,20200609,000000,98.4000000,99.5000000,97.2400000,98.5000000,3565170
DSKY,D,20200610,000000,98.5000000,99.2000000,96.1600000,98.5200000,2767990
DSKY,D,20200611,000000,97.1200000,99.3400000,96.8600000,97.9000000,2717360
DSKY,D,20200615,000000,96.9800000,99.3600000,96.9200000,98.1000000,4879550
DSKY,D,20200616,000000,98.9800000,100.8000000,95.9000000,96.8000000,11194390
DSKY,D,20200617,000000,97.2400000,100.3000000,97.1600000,97.4000000,27413160
DSKY,D,20200618,000000,97.7600000,99.5000000,97.0200000,99.2400000,6315040
DSKY,D,20200619,000000,99.0000000,105.2000000,99.0000000,103.4800000,15258860
DSKY,D,20200622,000000,103.2200000,103.8400000,101.9800000,102.6000000,3743290
DSKY,D,20200623,000000,103.0000000,103.2600000,101.0800000,101.8400000,3918160
DSKY,D,20200625,000000,102.5400000,102.5400000,99.0000000,101.1000000,3243760
DSKY,D,20200626,000000,101.8000000,102.1000000,100.3000000,101.3000000,1765270
DSKY,D,20200629,000000,101.3400000,101.6600000,99.8000000,100.5400000,2011330
DSKY,D,20200630,000000,100.1000000,101.8000000,100.0600000,100.6000000,4119330
DSKY,D,20200702,000000,101.2000000,102.9200000,100.7400000,102.1000000,4896250
DSKY,D,20200703,000000,101.9400000,104.4400000,101.9200000,103.5000000,1846640
DSKY,D,20200706,000000,103.7400000,107.3600000,103.6000000,106.7800000,3441490
DSKY,D,20200707,000000,107.4800000,107.8000000,104.6600000,106.1000000,2000060
DSKY,D,20200708,000000,106.2400000,106.9400000,106.0000000,106.3000000,2722780
DSKY,D,20200709,000000,104.0400000,105.3000000,103.5400000,105.3000000,1763720
DSKY,D,20200710,000000,105.2800000,107.1600000,104.4000000,106.8000000,1759560
DSKY,D,20200713,000000,107.0000000,110.0000000,107.0000000,108.8600000,3170380
DSKY,D,20200714,000000,108.0000000,108.8000000,105.7600000,106.8000000,2054190
DSKY,D,20200715,000000,107.4000000,109.0200000,106.9400000,108.5400000,1225300
DSKY,D,20200716,000000,108.8800000,110.5000000,108.7400000,110.2000000,3688210
DSKY,D,20200717,000000,110.7000000,113.7800000,110.1600000,112.5400000,2727740
DSKY,D,20200720,000000,112.5400000,114.6000000,110.7800000,112.7600000,2495310
DSKY,D,20200721,000000,113.3200000,118.5200000,112.7600000,115.2800000,5092580
DSKY,D,20200722,000000,115.8800000,117.9800000,115.4600000,116.4000000,1918070
DSKY,D,20200723,000000,116.5000000,117.9800000,115.2400000,116.7800000,3516330
DSKY,D,20200724,000000,115.8400000,118.7200000,113.2800000,115.1000000,4125260
DSKY,D,20200727,000000,115.4400000,115.9800000,113.5400000,115.0400000,2214100
DSKY,D,20200728,000000,115.0400000,116.9200000,114.5400000,115.4000000,2113630
DSKY,D,20200729,000000,115.3400000,116.4000000,114.9200000,115.4000000,1058870
DSKY,D,20200730,000000,115.2200000,116.3000000,114.2800000,115.6200000,2044990
DSKY,D,20200731,000000,115.1400000,117.5000000,115.1200000,116.9000000,3070720
DSKY,D,20200803,000000,116.6400000,118.5000000,116.2400000,118.1200000,2225830
DSKY,D,20200804,000000,118.5000000,120.3400000,117.6600000,119.4000000,3290420
DSKY,D,20200805,000000,120.0000000,123.8800000,119.8200000,121.5800000,3782890
DSKY,D,20200806,000000,122.0000000,122.4600000,118.7200000,121.4400000,2572210
DSKY,D,20200807,000000,119.6600000,120.7600000,119.0000000,120.1200000,1040810
DSKY,D,20200810,000000,120.2600000,120.8600000,117.5600000,119.1800000,1996540
DSKY,D,20200811,000000,119.0000000,121.7800000,118.1600000,120.0000000,1721640
DSKY,D,20200812,000000,119.8000000,122.4000000,119.6200000,120.9600000,1892790
DSKY,D,20200813,000000,120.4200000,122.3600000,118.2400000,121.5800000,1591370
DSKY,D,20200814,000000,121.7600000,123.5800000,118.9200000,121.4800000,2066870
DSKY,D,20200817,000000,121.8400000,122.1600000,118.2400000,120.3000000,2153220
DSKY,D,20200818,000000,120.2800000,121.1800000,118.7000000,119.9600000,3306410
DSKY,D,20200819,000000,120.5200000,121.9200000,120.0200000,120.3200000,2175110
DSKY,D,20200820,000000,120.1400000,120.9000000,118.3200000,119.4400000,1974150
DSKY,D,20200821,000000,119.9800000,121.3000000,118.8000000,120.3600000,1693260
DSKY,D,20200824,000000,121.0000000,123.5400000,120.5000000,123.5000000,2277440
DSKY,D,20200825,000000,124.1800000,126.2400000,119.7400000,122.0000000,4289510
DSKY,D,20200826,000000,121.2800000,124.9000000,120.4000000,123.1000000,2511040
DSKY,D,20200827,000000,123.0000000,125.4000000,122.6200000,125.1200000,2603370
DSKY,D,20200828,000000,124.8000000,125.2000000,118.2600000,120.5000000,4654490
DSKY,D,20200831,000000,120.6000000,120.6000000,114.3200000,116.7600000,6931010
DSKY,D,20200901,000000,116.9800000,119.5000000,110.1200000,113.8000000,8401230
DSKY,D,20200902,000000,111.9600000,113.4800000,110.7000000,112.8000000,31983650
DSKY,D,20200903,000000,112.5800000,114.0000000,110.3000000,110.9400000,11102380
DSKY,D,20200904,000000,110.8200000,111.1800000,109.0600000,110.4600000,6863250
DSKY,D,20200907,000000,110.4200000,112.0000000,109.9800000,111.3600000,11754160
DSKY,D,20200908,000000,111.3600000,111.9800000,109.2000000,110.6000000,4996340
DSKY,D,20200909,000000,110.5800000,112.2600000,109.6000000,112.0000000,8213780
DSKY,D,20200910,000000,112.0400000,113.4600000,110.8400000,111.5000000,3786150
DSKY,D,20200911,000000,111.6600000,112.8800000,110.0000000,111.9800000,2742110
DSKY,D,20200914,000000,112.2800000,113.0000000,111.6000000,112.1600000,3206910
DSKY,D,20200915,000000,113.0000000,113.0000000,111.6600000,112.5000000,4986470
DSKY,D,20200916,000000,112.5600000,115.4000000,111.9400000,114.4800000,5902610
DSKY,D,20200917,000000,114.0200000,115.5000000,113.0400000,114.8600000,5722040
DSKY,D,20200918,000000,115.0000000,115.0000000,113.2200000,114.1000000,8931970
DSKY,D,20200921,000000,114.3200000,114.8800000,111.7800000,112.9400000,2783010
DSKY,D,20200922,000000,113.1600000,114.5000000,112.8600000,113.9400000,2335670
DSKY,D,20200923,000000,114.1800000,114.7000000,113.2000000,113.8600000,4690880
DSKY,D,20200924,000000,114.2600000,114.9800000,113.3000000,114.8200000,2491640
DSKY,D,20200925,000000,115.1600000,117.4800000,114.0600000,116.8000000,12612580
DSKY,D,20200928,000000,114.6400000,118.0000000,113.2000000,117.1800000,7880550
DSKY,D,20200929,000000,117.4600000,117.5200000,114.4000000,115.8000000,4896710
DSKY,D,20200930,000000,115.9400000,117.9000000,115.9200000,117.0600000,3278490
DSKY,D,20201001,000000,117.7400000,119.5400000,117.0800000,118.6000000,4634440
DSKY,D,20201002,000000,118.0200000,120.0000000,117.4000000,119.4800000,4572200
DSKY,D,20201005,000000,119.9000000,121.1600000,118.1400000,119.3400000,2954470
DSKY,D,20201006,000000,119.3600000,120.6000000,117.6400000,118.2000000,1818910
DSKY,D,20201007,000000,118.5400000,120.0000000,117.6200000,118.1000000,2775520
DSKY,D,20201008,000000,118.2200000,120.8400000,118.1000000,119.3000000,3533640
DSKY,D,20201009,000000,118.8800000,119.4200000,115.6000000,117.0200000,3109850
DSKY,D,20201012,000000,116.7200000,119.2400000,116.4800000,118.2600000,1001380
DSKY,D,20201013,000000,118.5600000,119.2000000,118.2800000,118.9000000,1641920
DSKY,D,20201014,000000,120.4000000,121.0000000,118.4000000,119.1800000,2636370
DSKY,D,20201015,000000,119.2000000,120.3400000,118.3000000,118.9000000,1633540
DSKY,D,20201016,000000,119.4800000,119.4800000,114.6400000,115.7600000,3744430
DSKY,D,20201019,000000,115.7400000,116.3600000,113.1000000,114.1400000,2706170
DSKY,D,20201020,000000,113.8600000,117.2600000,113.7200000,115.9400000,1774630
DSKY,D,20201021,000000,116.3000000,116.4600000,113.7000000,114.8800000,1674160
DSKY,D,20201022,000000,114.5600000,115.9000000,114.2600000,115.0000000,1275050
DSKY,D,20201023,000000,115.0000000,115.8800000,114.7600000,115.5000000,1000100
DSKY,D,20201026,000000,115.0200000,117.0000000,114.1400000,115.0000000,1909180
DSKY,D,20201027,000000,115.3000000,115.6200000,114.0600000,114.5000000,950690
DSKY,D,20201028,000000,114.6800000,114.7000000,109.5600000,112.0400000,3900430
DSKY,D,20201029,000000,112.1400000,114.2000000,109.4000000,111.0000000,2789250
DSKY,D,20201030,000000,110.4800000,110.8800000,108.1000000,109.7400000,1932660
DSKY,D,20201102,000000,111.0200000,113.2800000,109.5200000,112.5000000,3140580
DSKY,D,20201103,000000,112.9800000,113.9000000,112.0800000,112.8600000,2633410
DSKY,D,20201105,000000,113.2400000,117.6000000,113.0000000,116.1800000,3026530
DSKY,D,20201106,000000,116.1800000,118.9400000,115.0400000,118.0000000,3723730
DSKY,D,20201109,000000,118.9800000,119.4800000,116.0000000,117.2800000,4160720
DSKY,D,20201110,000000,117.0000000,118.9000000,116.6600000,117.6000000,2304850
DSKY,D,20201111,000000,117.9400000,118.5000000,115.0400000,116.1400000,2380450
DSKY,D,20201112,000000,116.9000000,117.9800000,115.8000000,116.3200000,2461610
DSKY,D,20201113,000000,116.2000000,118.4000000,116.2000000,118.3000000,2997770
DSKY,D,20201116,000000,118.5800000,121.0000000,118.5600000,120.7800000,4081160
DSKY,D,20201117,000000,121.0000000,122.9000000,119.6800000,120.6000000,2316160
DSKY,D,20201118,000000,119.8000000,125.0000000,119.7400000,124.4400000,3855920
DSKY,D,20201119,000000,123.9400000,125.8200000,122.0400000,123.1000000,2593090
DSKY,D,20201120,000000,123.2200000,128.0000000,123.2200000,126.5200000,5580660
DSKY,D,20201123,000000,127.5000000,129.5000000,126.1000000,129.0000000,3488160
DSKY,D,20201124,000000,129.4000000,130.3800000,125.4800000,127.9200000,4605160
DSKY,D,20201125,000000,127.1600000,128.2200000,122.6000000,124.9600000,4894620
DSKY,D,20201126,000000,124.9000000,127.0000000,122.8000000,126.0600000,3662170
DSKY,D,20201127,000000,126.3000000,127.1200000,125.0200000,126.4800000,3841050
DSKY,D,20201130,000000,126.5000000,151.4200000,125.6800000,143.6000000,60786630
DSKY,D,20201201,000000,141.6000000,146.6200000,140.3000000,141.3000000,12082700
DSKY,D,20201202,000000,141.9200000,142.5400000,134.8000000,137.6000000,12718710
DSKY,D,20201203,000000,137.9800000,139.9400000,136.1800000,138.1400000,16178090
DSKY,D,20201204,000000,138.0000000,140.8000000,136.7200000,139.9000000,11467370
DSKY,D,20201207,000000,139.8800000,144.4000000,139.7400000,143.2000000,9362460
DSKY,D,20201208,000000,143.5000000,145.3000000,141.5800000,143.2600000,9155790
DSKY,D,20201209,000000,143.4000000,143.5600000,137.0200000,140.3000000,20446250
DSKY,D,20201210,000000,140.0000000,142.5600000,135.4600000,138.9800000,12719920
DSKY,D,20201211,000000,141.5800000,149.8600000,141.5000000,146.0000000,30368970
DSKY,D,20201214,000000,146.6200000,150.3200000,141.5400000,149.3000000,12000550
DSKY,D,20201215,000000,146.5000000,151.4800000,142.0400000,145.5000000,19295980
DSKY,D,20201216,000000,144.4400000,149.0000000,141.7000000,143.4000000,10170510
DSKY,D,20201217,000000,143.3800000,146.1200000,140.0000000,142.0200000,9025610
DSKY,D,20201218,000000,141.0000000,141.0000000,134.2400000,136.9800000,10334920
DSKY,D,20201221,000000,135.0000000,137.5000000,134.4400000,136.0000000,6299930
DSKY,D,20201222,000000,135.2600000,139.0000000,134.8000000,138.7800000,5136560
DSKY,D,20201223,000000,138.3000000,144.3000000,137.6400000,143.5000000,7081400
DSKY,D,20201224,000000,143.8800000,145.7000000,143.6000000,144.5800000,6423010
DSKY,D,20201225,000000,139.5400000,142.9600000,139.1000000,140.4800000,5078850
DSKY,D,20201228,000000,139.6600000,142.0000000,139.0200000,139.6800000,3131340
DSKY,D,20201229,000000,139.2600000,139.8800000,134.8000000,136.4600000,6657070
DSKY,D,20201230,000000,136.3000000,137.0000000,135.0200000,136.2000000,1692440
