RNFT,D,20161125,000000,560.7000000,561.9000000,556.0000000,558.0000000,17386
RNFT,D,20161128,000000,559.8000000,559.8000000,547.1000000,551.9000000,27947
RNFT,D,20161129,000000,550.0000000,553.6000000,549.2000000,550.2000000,26707
RNFT,D,20161130,000000,550.7000000,556.0000000,550.4000000,556.0000000,36222
RNFT,D,20161201,000000,555.7000000,557.5000000,555.0000000,557.3000000,11613
RNFT,D,20161202,000000,556.0000000,558.0000000,551.0000000,558.0000000,40807
RNFT,D,20161205,000000,558.0000000,559.5000000,552.0000000,559.5000000,29074
RNFT,D,20161206,000000,558.6000000,559.5000000,553.6000000,555.1000000,11696
RNFT,D,20161207,000000,557.2000000,557.5000000,551.0000000,554.5000000,19092
RNFT,D,20161208,000000,553.7000000,556.2000000,550.0000000,552.0000000,28042
RNFT,D,20161209,000000,550.5000000,552.7000000,550.4000000,551.0000000,20905
RNFT,D,20161212,000000,552.0000000,554.5000000,551.9000000,553.0000000,18069
RNFT,D,20161213,000000,553.9000000,554.8000000,552.4000000,552.4000000,16810
RNFT,D,20161214,000000,554.6000000,555.0000000,554.0000000,555.0000000,33772
RNFT,D,20161215,000000,554.8000000,555.6000000,554.4000000,555.0000000,38211
RNFT,D,20161216,000000,556.2000000,557.0000000,554.9000000,555.2000000,32730
RNFT,D,20161219,000000,559.7000000,559.7000000,555.5000000,556.8000000,31808
RNFT,D,20161220,000000,557.7000000,559.7000000,556.7000000,559.7000000,38388
RNFT,D,20161221,000000,556.0000000,560.3000000,556.0000000,559.8000000,41957
RNFT,D,20161222,000000,555.1000000,560.3000000,555.1000000,559.9000000,41377
RNFT,D,20161223,000000,555.0000000,559.5000000,555.0000000,558.8000000,39713
RNFT,D,20161226,000000,557.0000000,559.8000000,557.0000000,559.4000000,37733
RNFT,D,20161227,000000,559.6000000,560.8000000,557.7000000,559.5000000,39964
RNFT,D,20161228,000000,559.0000000,560.8000000,559.0000000,559.6000000,28147
RNFT,D,20161229,000000,559.7000000,560.0000000,559.2000000,559.6000000,24045
RNFT,D,20161230,000000,558.8000000,559.6000000,558.2000000,558.6000000,24936
RNFT,D,20170103,000000,561.0000000,561.0000000,559.0000000,559.2000000,6557
RNFT,D,20170104,000000,559.5000000,560.0000000,559.0000000,559.9000000,18855
RNFT,D,20170105,000000,560.0000000,560.0000000,559.4000000,559.9000000,15488
RNFT,D,20170106,000000,559.5000000,559.7000000,559.1000000,559.1000000,16940
RNFT,D,20170109,000000,559.3000000,559.5000000,558.8000000,559.3000000,37448
RNFT,D,20170110,000000,559.3000000,559.9000000,558.5000000,559.3000000,36056
RNFT,D,20170111,000000,559.3000000,559.5000000,558.9000000,559.3000000,40027
RNFT,D,20170112,000000,559.8000000,559.8000000,559.3000000,559.6000000,44018
RNFT,D,20170113,000000,559.4000000,559.9000000,559.3000000,559.4000000,38190
RNFT,D,20170116,000000,559.3000000,559.6000000,559.2000000,559.4000000,45042
RNFT,D,20170117,000000,559.2000000,560.0000000,555.8000000,559.6000000,36113
RNFT,D,20170118,000000,559.3000000,559.6000000,559.3000000,559.3000000,37764
RNFT,D,20170119,000000,559.4000000,559.6000000,559.3000000,559.6000000,37207
RNFT,D,20170120,000000,559.3000000,559.7000000,559.3000000,559.5000000,36332
RNFT,D,20170123,000000,559.9000000,559.9000000,559.1000000,559.4000000,36099
RNFT,D,20170124,000000,559.1000000,560.1000000,559.0000000,559.5000000,36553
RNFT,D,20170125,000000,558.1000000,559.7000000,558.1000000,559.6000000,37412
RNFT,D,20170126,000000,555.5000000,560.1000000,555.5000000,560.1000000,37518
RNFT,D,20170127,000000,558.1000000,559.7000000,558.1000000,559.3000000,39328
RNFT,D,20170130,000000,558.7000000,559.8000000,558.7000000,559.3000000,39305
RNFT,D,20170131,000000,558.1000000,559.7000000,558.1000000,559.3000000,28747
RNFT,D,20170201,000000,558.3000000,559.5000000,558.3000000,559.4000000,41299
RNFT,D,20170202,000000,559.3000000,560.0000000,559.3000000,559.4000000,36662
RNFT,D,20170203,000000,559.2000000,559.7000000,559.2000000,559.6000000,36374
RNFT,D,20170206,000000,559.4000000,559.9000000,559.4000000,559.5000000,40743
RNFT,D,20170207,000000,559.5000000,559.6000000,559.4000000,559.4000000,38371
RNFT,D,20170208,000000,559.1000000,560.2000000,559.1000000,559.9000000,36136
RNFT,D,20170209,000000,559.3000000,560.1000000,559.3000000,560.0000000,37943
RNFT,D,20170210,000000,559.2000000,560.1000000,559.2000000,559.9000000,36934
RNFT,D,20170213,000000,559.9000000,560.0000000,559.8000000,560.0000000,41458
RNFT,D,20170214,000000,559.3000000,563.2000000,559.3000000,562.4000000,44341
RNFT,D,20170215,000000,562.5000000,562.5000000,540.0000000,561.7000000,27632
RNFT,D,20170216,000000,562.7000000,562.7000000,559.4000000,560.0000000,40692
RNFT,D,20170217,000000,559.7000000,560.5000000,559.7000000,560.0000000,33587
RNFT,D,20170220,000000,559.5000000,560.4000000,558.9000000,559.2000000,33827
RNFT,D,20170221,000000,559.0000000,560.2000000,559.0000000,560.0000000,37061
RNFT,D,20170222,000000,562.2000000,562.2000000,559.8000000,560.2000000,37950
RNFT,D,20170224,000000,560.3000000,560.9000000,559.7000000,559.7000000,10992
RNFT,D,20170227,000000,560.3000000,560.4000000,559.7000000,559.8000000,32742
RNFT,D,20170228,000000,559.6000000,560.5000000,559.6000000,559.9000000,34140
RNFT,D,20170301,000000,561.0000000,562.3000000,560.9000000,561.2000000,38964
RNFT,D,20170302,000000,560.8000000,561.7000000,560.8000000,561.0000000,34572
RNFT,D,20170303,000000,560.9000000,560.9000000,560.2000000,560.3000000,34551
RNFT,D,20170306,000000,560.2000000,560.9000000,560.2000000,560.6000000,34348
RNFT,D,20170307,000000,561.4000000,561.5000000,558.0000000,559.7000000,33351
RNFT,D,20170309,000000,559.1000000,560.2000000,558.7000000,559.0000000,51064
RNFT,D,20170310,000000,558.7000000,559.9000000,558.6000000,559.2000000,45144
RNFT,D,20170313,000000,558.5000000,559.6000000,558.5000000,559.4000000,40307
RNFT,D,20170314,000000,558.6000000,559.6000000,558.6000000,559.3000000,48051
RNFT,D,20170315,000000,559.0000000,559.4000000,558.6000000,558.9000000,75933
RNFT,D,20170316,000000,559.9000000,559.9000000,558.1000000,558.2000000,54170
RNFT,D,20170317,000000,558.2000000,558.8000000,557.8000000,558.8000000,42013
RNFT,D,20170320,000000,558.1000000,558.6000000,557.9000000,558.2000000,38065
RNFT,D,20170321,000000,558.0000000,558.4000000,557.5000000,557.6000000,38797
RNFT,D,20170322,000000,557.7000000,558.2000000,557.4000000,557.4000000,37350
RNFT,D,20170323,000000,558.0000000,558.3000000,557.2000000,557.2000000,34150
RNFT,D,20170324,000000,558.6000000,560.2000000,557.7000000,558.6000000,35018
RNFT,D,20170327,000000,560.1000000,560.7000000,558.7000000,560.7000000,36641
RNFT,D,20170328,000000,560.0000000,562.5000000,560.0000000,562.1000000,35860
RNFT,D,20170329,000000,561.2000000,561.2000000,559.8000000,559.8000000,34324
RNFT,D,20170330,000000,560.0000000,562.8000000,559.0000000,562.0000000,35972
RNFT,D,20170331,000000,560.1000000,561.9000000,560.1000000,560.8000000,36320
RNFT,D,20170403,000000,560.2000000,562.4000000,560.1000000,561.8000000,36040
RNFT,D,20170404,000000,560.3000000,562.4000000,560.2000000,562.1000000,36158
RNFT,D,20170405,000000,562.0000000,562.7000000,560.0000000,560.8000000,37309
RNFT,D,20170406,000000,561.8000000,561.9000000,561.0000000,561.0000000,37415
RNFT,D,20170407,000000,560.4000000,561.9000000,560.1000000,561.6000000,34422
RNFT,D,20170410,000000,561.8000000,561.8000000,560.3000000,561.1000000,40863
RNFT,D,20170411,000000,560.7000000,561.8000000,559.8000000,559.8000000,38818
RNFT,D,20170412,000000,559.8000000,562.8000000,559.6000000,559.6000000,37939
RNFT,D,20170413,000000,560.2000000,562.1000000,559.4000000,560.9000000,38739
RNFT,D,20170414,000000,560.2000000,561.4000000,560.0000000,560.0000000,36183
RNFT,D,20170417,000000,562.8000000,562.8000000,560.0000000,560.2000000,36058
RNFT,D,20170418,000000,559.4000000,562.8000000,559.4000000,560.3000000,39234
RNFT,D,20170419,000000,559.5000000,562.4000000,559.5000000,560.7000000,40843
RNFT,D,20170420,000000,562.8000000,574.0000000,561.6000000,561.6000000,45954
RNFT,D,20170421,000000,562.1000000,565.1000000,562.1000000,563.5000000,27963
RNFT,D,20170424,000000,564.4000000,565.0000000,563.7000000,564.2000000,32747
RNFT,D,20170425,000000,563.7000000,565.0000000,563.6000000,564.7000000,48334
RNFT,D,20170426,000000,564.6000000,569.9000000,564.6000000,568.5000000,48422
RNFT,D,20170427,000000,565.7000000,579.7000000,565.7000000,579.7000000,36037
RNFT,D,20170428,000000,583.1000000,588.6000000,583.0000000,587.9000000,82812
RNFT,D,20170502,000000,589.2000000,589.9000000,587.1000000,587.2000000,44499
RNFT,D,20170503,000000,590.0000000,590.0000000,584.4000000,584.6000000,34296
RNFT,D,20170504,000000,584.6000000,588.4000000,584.6000000,587.8000000,38384
RNFT,D,20170505,000000,584.5000000,588.9000000,584.5000000,585.8000000,39146
RNFT,D,20170510,000000,589.7000000,589.7000000,583.8000000,583.8000000,33446
RNFT,D,20170511,000000,584.2000000,585.8000000,584.1000000,584.4000000,32765
RNFT,D,20170512,000000,584.1000000,585.7000000,584.1000000,585.3000000,63101
RNFT,D,20170515,000000,589.2000000,589.2000000,584.1000000,585.2000000,34400
RNFT,D,20170516,000000,584.2000000,585.3000000,584.1000000,584.9000000,33213
RNFT,D,20170517,000000,585.0000000,587.0000000,583.9000000,583.9000000,45714
RNFT,D,20170518,000000,585.4000000,585.5000000,583.5000000,584.6000000,32729
RNFT,D,20170519,000000,584.2000000,588.4000000,583.7000000,585.0000000,33565
RNFT,D,20170522,000000,585.1000000,587.0000000,583.5000000,584.9000000,37045
RNFT,D,20170523,000000,584.6000000,585.5000000,574.9000000,574.9000000,35116
RNFT,D,20170524,000000,583.0000000,591.2000000,583.0000000,586.5000000,35469
RNFT,D,20170525,000000,589.4000000,589.8000000,586.4000000,586.8000000,29875
RNFT,D,20170526,000000,587.0000000,589.2000000,586.1000000,586.3000000,29243
RNFT,D,20170529,000000,586.0000000,589.5000000,585.5000000,588.3000000,31738
RNFT,D,20170530,000000,586.1000000,587.9000000,585.7000000,587.1000000,34375
RNFT,D,20170531,000000,585.7000000,592.0000000,585.7000000,592.0000000,42049
RNFT,D,20170601,000000,592.0000000,608.6000000,572.3000000,599.9000000,82871
RNFT,D,20170602,000000,587.0000000,604.5000000,587.0000000,600.0000000,36374
RNFT,D,20170605,000000,599.1000000,609.8000000,597.5000000,609.8000000,48893
RNFT,D,20170606,000000,609.8000000,609.8000000,596.7000000,604.4000000,49777
RNFT,D,20170607,000000,604.9000000,607.2000000,596.2000000,600.0000000,65646
RNFT,D,20170608,000000,597.8000000,601.2000000,593.0000000,601.2000000,68310
RNFT,D,20170609,000000,601.0000000,603.0000000,600.4000000,601.3000000,60273
RNFT,D,20170613,000000,600.0000000,604.5000000,594.9000000,601.1000000,108058
RNFT,D,20170614,000000,600.3000000,602.1000000,595.9000000,600.7000000,280385
RNFT,D,20170615,000000,601.0000000,603.1000000,595.5000000,598.0000000,434251
RNFT,D,20170616,000000,580.0000000,603.4000000,576.4000000,576.4000000,470543
RNFT,D,20170619,000000,589.0000000,595.2000000,552.8000000,592.3000000,118718
RNFT,D,20170620,000000,615.0000000,615.0000000,593.1000000,594.7000000,40765
RNFT,D,20170621,000000,595.0000000,598.5000000,594.7000000,596.7000000,32523
RNFT,D,20170622,000000,595.4000000,597.4000000,595.0000000,596.9000000,31745
RNFT,D,20170623,000000,596.0000000,602.0000000,596.0000000,602.0000000,178176
RNFT,D,20170626,000000,601.4000000,601.4000000,600.0000000,601.0000000,34265
RNFT,D,20170627,000000,601.0000000,601.2000000,599.5000000,599.7000000,30276
RNFT,D,20170628,000000,599.7000000,604.0000000,597.6000000,602.0000000,153007
RNFT,D,20170629,000000,600.7000000,601.2000000,600.5000000,600.8000000,37174
RNFT,D,20170630,000000,601.5000000,601.5000000,600.6000000,601.0000000,26065
RNFT,D,20170703,000000,600.4000000,602.9000000,600.3000000,601.1000000,35333
RNFT,D,20170704,000000,600.7000000,601.8000000,600.7000000,601.1000000,26699
RNFT,D,20170705,000000,600.9000000,601.1000000,600.5000000,600.5000000,34158
RNFT,D,20170706,000000,601.1000000,601.2000000,600.6000000,600.8000000,32290
RNFT,D,20170707,000000,600.6000000,600.8000000,600.4000000,600.4000000,36860
RNFT,D,20170710,000000,600.3000000,601.2000000,600.3000000,600.5000000,33565
RNFT,D,20170711,000000,600.7000000,601.0000000,600.2000000,601.0000000,35785
RNFT,D,20170712,000000,602.5000000,602.5000000,599.9000000,600.3000000,38555
RNFT,D,20170713,000000,603.0000000,605.0000000,600.1000000,603.4000000,54565
RNFT,D,20170714,000000,604.9000000,604.9000000,603.4000000,603.4000000,37597
RNFT,D,20170717,000000,602.9000000,604.9000000,602.9000000,604.9000000,39376
RNFT,D,20170718,000000,603.4000000,606.1000000,603.4000000,606.1000000,31949
RNFT,D,20170719,000000,600.0000000,606.7000000,600.0000000,605.0000000,34568
RNFT,D,20170720,000000,605.2000000,605.2000000,604.3000000,604.3000000,33122
RNFT,D,20170721,000000,608.9000000,608.9000000,603.6000000,603.6000000,29424
RNFT,D,20170724,000000,611.3000000,611.3000000,602.5000000,603.4000000,29741
RNFT,D,20170725,000000,615.0000000,615.0000000,602.9000000,603.3000000,29913
RNFT,D,20170726,000000,603.4000000,603.8000000,602.5000000,602.7000000,31279
RNFT,D,20170727,000000,605.0000000,605.0000000,602.4000000,602.4000000,33467
RNFT,D,20170728,000000,602.4000000,602.6000000,601.8000000,601.8000000,31476
RNFT,D,20170731,000000,602.1000000,603.8000000,601.7000000,603.8000000,36158
RNFT,D,20170801,000000,604.5000000,604.5000000,601.5000000,601.6000000,35246
RNFT,D,20170802,000000,602.4000000,602.4000000,601.3000000,601.3000000,30440
RNFT,D,20170803,000000,601.3000000,601.3000000,601.0000000,601.2000000,26941
RNFT,D,20170804,000000,600.9000000,601.2000000,600.9000000,601.0000000,109212
RNFT,D,20170807,000000,600.9000000,601.0000000,600.9000000,600.9000000,25139
RNFT,D,20170808,000000,599.0000000,601.0000000,599.0000000,600.8000000,29262
RNFT,D,20170809,000000,600.3000000,601.6000000,600.3000000,600.7000000,27268
RNFT,D,20170810,000000,604.9000000,604.9000000,600.4000000,600.6000000,26337
RNFT,D,20170811,000000,599.0000000,600.6000000,599.0000000,599.8000000,33338
RNFT,D,20170814,000000,599.9000000,599.9000000,582.6000000,582.6000000,29805
RNFT,D,20170815,000000,598.0000000,598.0000000,596.1000000,596.4000000,34558
RNFT,D,20170816,000000,597.0000000,605.0000000,595.7000000,598.1000000,82433
RNFT,D,20170817,000000,598.0000000,604.8000000,597.0000000,598.2000000,116813
RNFT,D,20170818,000000,598.7000000,603.4000000,590.6000000,595.0000000,112057
RNFT,D,20170821,000000,595.3000000,601.7000000,591.1000000,598.8000000,201733
RNFT,D,20170822,000000,596.0000000,602.1000000,596.0000000,597.4000000,35223
RNFT,D,20170823,000000,596.6000000,600.1000000,590.2000000,598.1000000,69156
RNFT,D,20170824,000000,598.0000000,602.5000000,597.7000000,599.6000000,61033
RNFT,D,20170825,000000,597.6000000,599.7000000,596.3000000,598.1000000,42332
RNFT,D,20170828,000000,597.1000000,599.4000000,597.1000000,598.8000000,39879
RNFT,D,20170829,000000,595.0000000,600.3000000,595.0000000,599.0000000,33982
RNFT,D,20170830,000000,598.6000000,601.0000000,598.6000000,599.1000000,33478
RNFT,D,20170831,000000,601.4000000,604.9000000,599.8000000,604.9000000,54385
RNFT,D,20170901,000000,605.2000000,605.2000000,601.3000000,601.3000000,57712
RNFT,D,20170904,000000,600.8000000,605.4000000,600.8000000,601.3000000,34911
RNFT,D,20170905,000000,600.9000000,603.2000000,600.9000000,601.5000000,33787
RNFT,D,20170906,000000,604.0000000,604.0000000,601.9000000,603.3000000,33226
RNFT,D,20170907,000000,601.1000000,603.8000000,601.1000000,603.2000000,33597
RNFT,D,20170908,000000,601.2000000,602.8000000,600.7000000,601.2000000,54167
RNFT,D,20170911,000000,600.6000000,602.5000000,600.6000000,602.5000000,42497
RNFT,D,20170912,000000,600.7000000,603.0000000,600.6000000,601.7000000,49374
RNFT,D,20170913,000000,604.0000000,604.0000000,601.2000000,601.5000000,33577
RNFT,D,20170914,000000,602.6000000,602.6000000,556.1000000,556.1000000,69303
RNFT,D,20170915,000000,575.1000000,589.9000000,550.0000000,586.0000000,58728
RNFT,D,20170918,000000,585.7000000,585.8000000,557.0000000,557.9000000,33851
RNFT,D,20170919,000000,569.5000000,569.5000000,545.0000000,549.3000000,31276
RNFT,D,20170920,000000,549.0000000,558.0000000,545.0000000,553.0000000,86980
RNFT,D,20170921,000000,552.4000000,559.7000000,546.4000000,558.4000000,29171
RNFT,D,20170922,000000,558.0000000,598.9000000,550.4000000,590.3000000,144598
RNFT,D,20170925,000000,591.7000000,591.7000000,578.5000000,584.1000000,28759
RNFT,D,20170926,000000,584.1000000,586.4000000,567.1000000,567.5000000,26373
RNFT,D,20170927,000000,570.0000000,580.5000000,566.1000000,574.9000000,29541
RNFT,D,20170928,000000,565.9000000,577.9000000,565.9000000,574.0000000,27654
RNFT,D,20170929,000000,571.5000000,577.7000000,560.1000000,569.0000000,2614739
RNFT,D,20171002,000000,569.1000000,573.0000000,546.1000000,550.0000000,28554
RNFT,D,20171003,000000,550.0000000,562.0000000,545.5000000,550.0000000,40400
RNFT,D,20171004,000000,550.0000000,555.2000000,548.5000000,549.4000000,50394
RNFT,D,20171005,000000,549.3000000,558.6000000,545.1000000,545.2000000,29520
RNFT,D,20171006,000000,548.0000000,554.9000000,547.0000000,549.5000000,25903
RNFT,D,20171009,000000,550.7000000,563.0000000,550.1000000,554.5000000,46638
RNFT,D,20171010,000000,556.1000000,561.9000000,551.5000000,551.5000000,58933
RNFT,D,20171011,000000,548.0000000,557.9000000,548.0000000,555.0000000,31475
RNFT,D,20171012,000000,550.4000000,552.7000000,550.0000000,551.0000000,3121042
RNFT,D,20171013,000000,555.3000000,555.3000000,548.3000000,548.3000000,33776
RNFT,D,20171016,000000,548.3000000,555.5000000,546.0000000,550.4000000,63048
RNFT,D,20171017,000000,550.4000000,555.0000000,550.4000000,554.9000000,30677
RNFT,D,20171018,000000,554.9000000,572.1000000,551.3000000,553.9000000,50594
RNFT,D,20171019,000000,547.1000000,555.0000000,547.1000000,548.3000000,32266
RNFT,D,20171020,000000,547.0000000,554.5000000,547.0000000,552.0000000,85488
RNFT,D,20171023,000000,554.7000000,561.2000000,549.7000000,560.3000000,89073
RNFT,D,20171024,000000,560.0000000,570.0000000,552.7000000,569.0000000,33434
RNFT,D,20171025,000000,561.8000000,589.0000000,561.8000000,579.9000000,39373
RNFT,D,20171026,000000,590.0000000,590.0000000,554.8000000,559.2000000,55861
RNFT,D,20171027,000000,563.0000000,571.0000000,555.0000000,559.7000000,40882
RNFT,D,20171030,000000,551.9000000,564.5000000,550.5000000,560.0000000,38662
RNFT,D,20171031,000000,556.9000000,573.7000000,556.9000000,558.4000000,41478
RNFT,D,20171101,000000,558.9000000,559.0000000,550.1000000,550.1000000,38277
RNFT,D,20171102,000000,551.1000000,560.0000000,551.1000000,552.0000000,38468
RNFT,D,20171103,000000,555.0000000,561.5000000,547.0000000,560.8000000,35575
RNFT,D,20171107,000000,561.8000000,570.0000000,555.1000000,568.4000000,36044
RNFT,D,20171108,000000,561.2000000,568.7000000,556.0000000,556.0000000,34055
RNFT,D,20171109,000000,558.7000000,566.8000000,558.7000000,566.0000000,30924
RNFT,D,20171110,000000,563.1000000,567.8000000,557.0000000,560.4000000,32765
RNFT,D,20171113,000000,562.9000000,573.1000000,560.5000000,564.3000000,29567
RNFT,D,20171114,000000,560.4000000,568.0000000,560.4000000,567.8000000,30871
RNFT,D,20171115,000000,555.2000000,576.9000000,555.2000000,562.1000000,89839
RNFT,D,20171116,000000,558.6000000,564.0000000,557.0000000,561.8000000,136170
RNFT,D,20171117,000000,557.6000000,564.5000000,556.0000000,556.0000000,32626
RNFT,D,20171120,000000,563.0000000,564.6000000,557.6000000,559.4000000,31483
RNFT,D,20171121,000000,562.8000000,562.8000000,541.9000000,551.5000000,4591873
RNFT,D,20171122,000000,542.0000000,553.6000000,522.1000000,526.1000000,31649
RNFT,D,20171123,000000,526.5000000,526.7000000,510.6000000,510.6000000,30249
RNFT,D,20171124,000000,511.0000000,517.4000000,504.0000000,508.8000000,35028
RNFT,D,20171127,000000,520.0000000,520.1000000,500.3000000,501.4000000,35173
RNFT,D,20171128,000000,506.6000000,507.0000000,490.0000000,496.9000000,35983
RNFT,D,20171129,000000,496.9000000,496.9000000,471.1000000,475.1000000,38095
RNFT,D,20171130,000000,480.9000000,506.5000000,462.2000000,500.1000000,13600613
RNFT,D,20171201,000000,493.5000000,499.7000000,472.1000000,472.2000000,31323
RNFT,D,20171204,000000,506.9000000,506.9000000,476.6000000,489.9000000,30986
RNFT,D,20171205,000000,488.9000000,497.0000000,488.7000000,497.0000000,30914
RNFT,D,20171206,000000,494.7000000,506.5000000,494.3000000,506.5000000,31111
RNFT,D,20171207,000000,507.0000000,518.0000000,504.4000000,515.0000000,30250
RNFT,D,20171208,000000,514.0000000,533.0000000,513.8000000,528.1000000,29630
RNFT,D,20171211,000000,532.0000000,543.3000000,531.0000000,539.9000000,31600
RNFT,D,20171212,000000,544.6000000,579.9000000,543.1000000,553.2000000,28136
RNFT,D,20171213,000000,558.7000000,569.8000000,558.7000000,569.8000000,29070
RNFT,D,20171214,000000,577.9000000,577.9000000,533.2000000,533.4000000,59429
RNFT,D,20171215,000000,542.8000000,542.9000000,496.0000000,516.1000000,36607
RNFT,D,20171218,000000,501.8000000,529.4000000,501.8000000,529.2000000,32324
RNFT,D,20171219,000000,521.9000000,528.2000000,516.7000000,527.6000000,30980
RNFT,D,20171220,000000,513.1000000,558.7000000,500.4000000,558.7000000,32459
RNFT,D,20171221,000000,558.2000000,574.9000000,558.1000000,570.9000000,35415
RNFT,D,20171222,000000,552.5000000,586.9000000,552.5000000,586.9000000,39651
RNFT,D,20171225,000000,589.8000000,605.0000000,589.8000000,600.0000000,28938
RNFT,D,20171226,000000,603.0000000,608.0000000,601.8000000,603.5000000,27531
RNFT,D,20171227,000000,604.8000000,609.1000000,600.0000000,605.8000000,30966
RNFT,D,20171228,000000,598.1000000,620.0000000,598.1000000,610.0000000,8279
RNFT,D,20171229,000000,611.9000000,615.0000000,600.0000000,611.9000000,8679
RNFT,D,20180103,000000,612.9000000,614.9000000,601.8000000,609.0000000,18119
RNFT,D,20180104,000000,593.1000000,606.8000000,572.7000000,595.0000000,14812
RNFT,D,20180105,000000,595.2000000,612.9000000,595.2000000,605.1000000,17039
RNFT,D,20180109,000000,613.9000000,613.9000000,583.0000000,591.4000000,28775
RNFT,D,20180110,000000,582.9000000,588.2000000,570.4000000,582.0000000,28201
RNFT,D,20180111,000000,568.3000000,598.0000000,568.3000000,594.6000000,25548
RNFT,D,20180112,000000,598.6000000,599.9000000,582.6000000,582.6000000,25816
RNFT,D,20180115,000000,594.5000000,612.7000000,592.4000000,600.1000000,28101
RNFT,D,20180116,000000,601.1000000,604.0000000,598.9000000,603.7000000,25712
RNFT,D,20180117,000000,600.0000000,607.7000000,600.0000000,601.7000000,28411
RNFT,D,20180118,000000,598.9000000,611.8000000,596.1000000,602.5000000,29656
RNFT,D,20180119,000000,600.0000000,608.2000000,580.3000000,590.0000000,25882
RNFT,D,20180122,000000,600.2000000,605.7000000,600.0000000,600.1000000,25163
RNFT,D,20180123,000000,602.0000000,606.0000000,601.0000000,601.0000000,25165
RNFT,D,20180124,000000,605.6000000,605.6000000,593.0000000,593.0000000,25962
RNFT,D,20180125,000000,601.8000000,613.9000000,601.8000000,611.9000000,27818
RNFT,D,20180126,000000,613.9000000,613.9000000,596.4000000,601.4000000,29088
RNFT,D,20180129,000000,570.0000000,617.0000000,570.0000000,601.5000000,165483
RNFT,D,20180130,000000,600.0000000,620.0000000,600.0000000,602.0000000,228307
RNFT,D,20180131,000000,605.0000000,619.8000000,602.5000000,602.5000000,170937
RNFT,D,20180201,000000,618.5000000,618.5000000,585.5000000,585.5000000,36255
RNFT,D,20180202,000000,603.0000000,627.5000000,603.0000000,603.5000000,41870
RNFT,D,20180205,000000,602.5000000,606.5000000,596.5000000,600.0000000,25796
RNFT,D,20180206,000000,581.0000000,615.5000000,581.0000000,609.0000000,26831
RNFT,D,20180207,000000,613.0000000,621.0000000,596.0000000,608.5000000,26027
RNFT,D,20180208,000000,606.0000000,612.0000000,603.0000000,603.5000000,25891
RNFT,D,20180209,000000,602.0000000,605.0000000,590.0000000,597.5000000,26069
RNFT,D,20180212,000000,600.0000000,608.0000000,600.0000000,608.0000000,25509
RNFT,D,20180213,000000,624.5000000,624.5000000,603.5000000,604.0000000,26378
RNFT,D,20180214,000000,607.5000000,608.5000000,603.5000000,604.0000000,65186
RNFT,D,20180215,000000,601.5000000,618.5000000,601.0000000,605.0000000,25258
RNFT,D,20180216,000000,618.5000000,623.5000000,603.0000000,603.0000000,25354
RNFT,D,20180219,000000,602.0000000,608.5000000,601.5000000,604.0000000,30480
RNFT,D,20180220,000000,603.0000000,608.5000000,598.0000000,603.5000000,31895
RNFT,D,20180221,000000,600.5000000,606.0000000,600.5000000,606.0000000,27054
RNFT,D,20180222,000000,620.0000000,620.0000000,596.0000000,598.0000000,25237
RNFT,D,20180226,000000,604.0000000,609.5000000,593.5000000,599.5000000,25251
RNFT,D,20180227,000000,584.0000000,604.0000000,584.0000000,598.5000000,23929
RNFT,D,20180228,000000,600.0000000,603.5000000,597.5000000,603.5000000,93893
RNFT,D,20180301,000000,598.5000000,602.5000000,598.0000000,602.5000000,86936
RNFT,D,20180302,000000,601.5000000,604.0000000,601.0000000,601.0000000,86817
RNFT,D,20180305,000000,603.5000000,605.0000000,598.0000000,598.0000000,25352
RNFT,D,20180306,000000,597.5000000,605.0000000,597.5000000,599.0000000,25418
RNFT,D,20180307,000000,602.0000000,603.0000000,598.5000000,598.5000000,25159
RNFT,D,20180309,000000,597.0000000,602.5000000,594.5000000,594.5000000,17357
RNFT,D,20180312,000000,601.0000000,619.0000000,600.5000000,600.5000000,25437
RNFT,D,20180313,000000,604.5000000,608.0000000,583.0000000,586.5000000,132292
RNFT,D,20180314,000000,585.0000000,589.0000000,581.5000000,588.0000000,28498
RNFT,D,20180315,000000,585.0000000,589.5000000,575.5000000,588.0000000,26012
RNFT,D,20180316,000000,600.0000000,617.0000000,574.5000000,617.0000000,35518
RNFT,D,20180319,000000,604.0000000,609.5000000,597.5000000,597.5000000,30113
RNFT,D,20180320,000000,585.0000000,600.0000000,579.0000000,579.5000000,26108
RNFT,D,20180321,000000,587.0000000,601.5000000,583.0000000,601.5000000,27135
RNFT,D,20180322,000000,589.0000000,593.5000000,582.5000000,582.5000000,26363
RNFT,D,20180323,000000,585.5000000,587.0000000,575.0000000,575.0000000,25750
RNFT,D,20180326,000000,577.0000000,585.5000000,557.0000000,557.0000000,28679
RNFT,D,20180327,000000,567.5000000,577.5000000,558.5000000,577.5000000,28010
RNFT,D,20180328,000000,566.5000000,580.0000000,561.5000000,576.5000000,27549
RNFT,D,20180329,000000,544.5000000,588.0000000,544.5000000,576.5000000,30735
RNFT,D,20180330,000000,569.5000000,579.5000000,567.5000000,574.5000000,28675
RNFT,D,20180402,000000,573.0000000,574.5000000,564.0000000,564.0000000,26575
RNFT,D,20180403,000000,564.0000000,573.0000000,562.5000000,569.0000000,27128
RNFT,D,20180404,000000,564.5000000,564.5000000,547.0000000,560.5000000,28561
RNFT,D,20180405,000000,567.0000000,567.0000000,523.0000000,547.0000000,28015
RNFT,D,20180406,000000,545.5000000,570.5000000,542.5000000,556.5000000,27386
RNFT,D,20180409,000000,549.0000000,549.5000000,500.5000000,514.0000000,26489
RNFT,D,20180410,000000,525.0000000,535.5000000,513.5000000,519.5000000,93175
RNFT,D,20180411,000000,525.0000000,525.0000000,510.5000000,516.0000000,29786
RNFT,D,20180412,000000,549.0000000,549.0000000,514.0000000,520.0000000,29549
RNFT,D,20180413,000000,519.5000000,522.5000000,506.5000000,509.5000000,31548
RNFT,D,20180416,000000,500.0000000,525.0000000,495.0000000,504.0000000,30730
RNFT,D,20180417,000000,505.0000000,510.5000000,503.5000000,506.5000000,30891
RNFT,D,20180418,000000,509.0000000,526.5000000,509.0000000,526.5000000,30311
RNFT,D,20180419,000000,510.5000000,527.0000000,510.5000000,527.0000000,33446
RNFT,D,20180420,000000,497.0000000,519.0000000,497.0000000,510.0000000,32176
RNFT,D,20180423,000000,505.5000000,517.0000000,500.0000000,516.5000000,32249
RNFT,D,20180424,000000,515.5000000,530.5000000,508.5000000,529.5000000,30116
RNFT,D,20180425,000000,518.5000000,522.5000000,508.0000000,516.0000000,39845
RNFT,D,20180426,000000,520.0000000,520.0000000,509.5000000,510.0000000,29578
RNFT,D,20180427,000000,510.0000000,523.0000000,509.0000000,514.5000000,30363
RNFT,D,20180428,000000,514.0000000,521.5000000,514.0000000,521.0000000,22290
RNFT,D,20180430,000000,519.5000000,521.0000000,515.0000000,515.5000000,18971
RNFT,D,20180502,000000,519.5000000,523.5000000,518.0000000,522.5000000,19451
RNFT,D,20180503,000000,521.5000000,540.0000000,515.5000000,525.0000000,31061
RNFT,D,20180504,000000,522.0000000,539.5000000,519.0000000,539.5000000,31599
RNFT,D,20180507,000000,543.5000000,580.5000000,533.0000000,580.0000000,32735
RNFT,D,20180508,000000,570.5000000,594.5000000,570.5000000,580.0000000,29456
RNFT,D,20180510,000000,576.0000000,580.0000000,552.0000000,562.5000000,30618
RNFT,D,20180511,000000,567.5000000,569.5000000,556.0000000,567.5000000,31069
RNFT,D,20180514,000000,563.5000000,569.5000000,554.0000000,555.0000000,28948
RNFT,D,20180515,000000,568.5000000,568.5000000,555.0000000,555.0000000,27153
RNFT,D,20180516,000000,555.0000000,570.5000000,554.0000000,570.5000000,29431
RNFT,D,20180517,000000,563.0000000,563.0000000,556.5000000,557.0000000,27793
RNFT,D,20180518,000000,555.0000000,559.5000000,550.5000000,552.5000000,27266
RNFT,D,20180521,000000,561.5000000,561.5000000,550.0000000,550.5000000,29113
RNFT,D,20180522,000000,549.0000000,556.0000000,549.0000000,551.0000000,27255
RNFT,D,20180523,000000,550.5000000,553.0000000,544.0000000,544.0000000,30225
RNFT,D,20180524,000000,544.0000000,556.0000000,523.5000000,549.5000000,31813
RNFT,D,20180525,000000,562.5000000,562.5000000,538.5000000,550.0000000,29202
RNFT,D,20180528,000000,555.5000000,557.0000000,550.0000000,550.0000000,27420
RNFT,D,20180529,000000,558.0000000,558.0000000,548.0000000,551.5000000,27138
RNFT,D,20180530,000000,550.0000000,557.5000000,550.0000000,552.0000000,27653
RNFT,D,20180531,000000,558.5000000,558.5000000,552.0000000,553.0000000,27267
RNFT,D,20180601,000000,553.0000000,557.0000000,552.5000000,552.5000000,27591
RNFT,D,20180604,000000,553.5000000,558.0000000,552.0000000,552.5000000,27962
RNFT,D,20180605,000000,552.5000000,562.0000000,545.5000000,550.5000000,37011
RNFT,D,20180606,000000,550.5000000,556.0000000,549.0000000,550.0000000,27827
RNFT,D,20180607,000000,550.5000000,553.5000000,550.0000000,550.0000000,28798
RNFT,D,20180608,000000,553.5000000,555.0000000,550.5000000,555.0000000,27337
RNFT,D,20180609,000000,552.0000000,554.0000000,549.0000000,552.5000000,22145
RNFT,D,20180611,000000,589.5000000,598.0000000,555.0000000,556.0000000,16601
RNFT,D,20180613,000000,554.5000000,559.5000000,553.0000000,553.5000000,27057
RNFT,D,20180614,000000,555.0000000,564.0000000,550.5000000,564.0000000,29089
RNFT,D,20180615,000000,560.0000000,565.0000000,558.5000000,565.0000000,84457
RNFT,D,20180618,000000,561.5000000,568.0000000,558.5000000,560.0000000,28789
RNFT,D,20180619,000000,561.0000000,562.5000000,556.5000000,562.0000000,27790
RNFT,D,20180620,000000,563.0000000,575.0000000,558.5000000,575.0000000,27857
RNFT,D,20180621,000000,562.0000000,563.0000000,552.5000000,553.5000000,28087
RNFT,D,20180622,000000,572.5000000,572.5000000,550.0000000,550.0000000,27770
RNFT,D,20180625,000000,557.5000000,557.5000000,551.5000000,551.5000000,27236
RNFT,D,20180626,000000,556.5000000,556.5000000,551.5000000,551.5000000,25145
RNFT,D,20180627,000000,550.0000000,560.0000000,550.0000000,556.0000000,27635
RNFT,D,20180628,000000,558.5000000,574.5000000,555.0000000,569.5000000,28988
RNFT,D,20180629,000000,560.0000000,615.0000000,558.0000000,595.0000000,39195
RNFT,D,20180702,000000,609.0000000,609.0000000,588.0000000,602.5000000,27206
RNFT,D,20180703,000000,597.0000000,605.0000000,579.0000000,605.0000000,30703
RNFT,D,20180704,000000,599.5000000,601.5000000,595.0000000,595.0000000,25398
RNFT,D,20180705,000000,608.0000000,608.0000000,596.5000000,602.5000000,26882
RNFT,D,20180706,000000,604.0000000,608.5000000,596.0000000,603.0000000,28845
RNFT,D,20180709,000000,602.0000000,602.5000000,595.0000000,595.0000000,25533
RNFT,D,20180710,000000,600.5000000,600.5000000,595.0000000,595.0000000,31491
RNFT,D,20180711,000000,595.0000000,602.0000000,595.0000000,595.0000000,25547
RNFT,D,20180712,000000,597.0000000,599.5000000,595.0000000,599.5000000,25477
RNFT,D,20180713,000000,600.0000000,602.0000000,595.0000000,595.5000000,25232
RNFT,D,20180716,000000,596.0000000,599.5000000,595.0000000,597.0000000,25406
RNFT,D,20180717,000000,597.0000000,601.0000000,595.0000000,598.0000000,25261
RNFT,D,20180718,000000,597.5000000,600.5000000,594.5000000,595.5000000,25148
RNFT,D,20180719,000000,597.0000000,601.0000000,586.5000000,586.5000000,26774
RNFT,D,20180720,000000,589.0000000,604.5000000,587.0000000,600.0000000,25246
RNFT,D,20180723,000000,601.0000000,601.0000000,595.0000000,595.0000000,26247
RNFT,D,20180724,000000,595.0000000,628.0000000,595.0000000,624.5000000,29978
RNFT,D,20180725,000000,630.0000000,630.0000000,606.5000000,629.5000000,25015
RNFT,D,20180726,000000,619.5000000,620.0000000,605.5000000,612.5000000,25241
RNFT,D,20180727,000000,592.0000000,610.0000000,579.5000000,579.5000000,26177
RNFT,D,20180730,000000,594.0000000,600.0000000,571.0000000,581.5000000,27568
RNFT,D,20180731,000000,585.0000000,586.5000000,550.0000000,550.0000000,27346
RNFT,D,20180801,000000,571.0000000,586.5000000,557.0000000,563.5000000,26645
RNFT,D,20180802,000000,578.5000000,578.5000000,520.0000000,521.0000000,28692
RNFT,D,20180803,000000,522.5000000,534.0000000,522.5000000,527.5000000,28929
RNFT,D,20180806,000000,534.5000000,538.5000000,526.0000000,532.0000000,28656
RNFT,D,20180807,000000,532.0000000,561.0000000,530.0000000,541.0000000,27544
RNFT,D,20180808,000000,536.0000000,597.5000000,535.5000000,552.5000000,26485
RNFT,D,20180809,000000,555.5000000,569.5000000,547.0000000,547.0000000,27476
RNFT,D,20180810,000000,559.0000000,579.5000000,555.5000000,555.5000000,26894
RNFT,D,20180813,000000,599.0000000,599.5000000,566.0000000,580.0000000,26424
RNFT,D,20180814,000000,562.0000000,595.0000000,562.0000000,585.5000000,28958
RNFT,D,20180815,000000,589.8000000,600.0000000,579.0000000,587.0000000,25918
RNFT,D,20180816,000000,580.4000000,601.6000000,552.2000000,565.0000000,32637
RNFT,D,20180817,000000,574.8000000,587.0000000,535.0000000,587.0000000,28206
RNFT,D,20180820,000000,600.0000000,600.0000000,557.0000000,591.2000000,25611
RNFT,D,20180821,000000,560.0000000,601.8000000,560.0000000,591.6000000,25869
RNFT,D,20180822,000000,591.8000000,619.8000000,581.0000000,612.4000000,25032
RNFT,D,20180823,000000,611.0000000,619.8000000,594.8000000,615.8000000,29418
RNFT,D,20180824,000000,614.8000000,615.0000000,589.4000000,595.0000000,27222
RNFT,D,20180827,000000,573.0000000,614.6000000,573.0000000,614.6000000,25464
RNFT,D,20180828,000000,614.8000000,620.0000000,601.2000000,601.2000000,27925
RNFT,D,20180829,000000,614.6000000,618.4000000,601.0000000,601.0000000,25350
RNFT,D,20180830,000000,609.6000000,615.0000000,602.6000000,612.6000000,25735
RNFT,D,20180831,000000,617.8000000,618.0000000,608.2000000,617.8000000,25085
RNFT,D,20180903,000000,628.0000000,628.0000000,596.4000000,597.0000000,27508
RNFT,D,20180904,000000,600.0000000,615.0000000,572.2000000,579.4000000,31749
RNFT,D,20180905,000000,592.0000000,597.4000000,573.4000000,578.4000000,27070
RNFT,D,20180906,000000,583.2000000,590.4000000,578.0000000,583.0000000,26401
RNFT,D,20180907,000000,585.2000000,589.8000000,581.8000000,589.8000000,25710
RNFT,D,20180910,000000,589.8000000,610.0000000,584.8000000,606.2000000,25380
RNFT,D,20180911,000000,609.8000000,609.8000000,583.2000000,591.4000000,26117
RNFT,D,20180912,000000,585.2000000,612.8000000,584.0000000,603.8000000,26182
RNFT,D,20180913,000000,604.6000000,614.2000000,594.4000000,604.2000000,25198
RNFT,D,20180914,000000,609.6000000,610.8000000,589.2000000,591.0000000,26652
RNFT,D,20180917,000000,600.0000000,610.4000000,587.4000000,595.0000000,25985
RNFT,D,20180918,000000,599.8000000,605.8000000,594.0000000,594.8000000,25428
RNFT,D,20180919,000000,594.2000000,602.8000000,590.0000000,593.6000000,25216
RNFT,D,20180920,000000,597.4000000,600.4000000,591.2000000,595.8000000,26020
RNFT,D,20180921,000000,597.0000000,615.0000000,590.6000000,615.0000000,28116
RNFT,D,20180924,000000,593.0000000,614.8000000,593.0000000,601.0000000,26024
RNFT,D,20180925,000000,613.6000000,616.0000000,602.2000000,604.2000000,25013
RNFT,D,20180926,000000,602.4000000,613.0000000,602.0000000,602.6000000,24979
RNFT,D,20180927,000000,609.8000000,612.0000000,583.0000000,594.6000000,25393
RNFT,D,20180928,000000,584.2000000,597.6000000,584.2000000,591.2000000,25865
RNFT,D,20181001,000000,597.8000000,605.4000000,593.8000000,598.2000000,26001
RNFT,D,20181002,000000,591.4000000,605.4000000,591.2000000,601.8000000,25015
RNFT,D,20181003,000000,601.8000000,607.6000000,601.8000000,604.0000000,24912
RNFT,D,20181004,000000,601.8000000,606.8000000,599.2000000,599.4000000,25070
RNFT,D,20181005,000000,603.6000000,606.0000000,597.0000000,597.0000000,25372
RNFT,D,20181008,000000,578.2000000,602.8000000,578.2000000,600.0000000,25392
RNFT,D,20181009,000000,600.2000000,601.0000000,595.8000000,596.0000000,25095
RNFT,D,20181010,000000,597.0000000,600.4000000,595.8000000,595.8000000,25409
RNFT,D,20181011,000000,595.8000000,609.0000000,588.2000000,595.2000000,25682
RNFT,D,20181012,000000,594.8000000,602.6000000,591.4000000,595.2000000,26065
RNFT,D,20181015,000000,589.6000000,598.6000000,563.0000000,572.0000000,28248
RNFT,D,20181016,000000,578.8000000,578.8000000,560.6000000,560.6000000,26527
RNFT,D,20181017,000000,578.8000000,578.8000000,565.6000000,566.4000000,27294
RNFT,D,20181018,000000,578.6000000,578.8000000,565.6000000,565.6000000,26825
RNFT,D,20181019,000000,572.0000000,576.6000000,550.4000000,550.4000000,28795
RNFT,D,20181022,000000,551.2000000,594.0000000,551.2000000,577.8000000,29134
RNFT,D,20181023,000000,577.8000000,582.2000000,570.8000000,577.0000000,26903
RNFT,D,20181024,000000,576.6000000,578.0000000,556.6000000,560.4000000,27842
RNFT,D,20181025,000000,580.0000000,580.0000000,550.0000000,550.0000000,29012
RNFT,D,20181026,000000,565.4000000,571.8000000,550.0000000,550.4000000,28690
RNFT,D,20181029,000000,550.8000000,565.0000000,550.8000000,565.0000000,27515
RNFT,D,20181030,000000,565.4000000,566.8000000,553.2000000,555.4000000,27303
RNFT,D,20181031,000000,571.8000000,571.8000000,558.2000000,560.2000000,27006
RNFT,D,20181101,000000,554.0000000,563.2000000,554.0000000,556.8000000,27271
RNFT,D,20181102,000000,556.0000000,570.0000000,556.0000000,556.2000000,27241
RNFT,D,20181106,000000,560.4000000,565.0000000,556.2000000,557.4000000,27332
RNFT,D,20181107,000000,553.8000000,572.8000000,553.8000000,563.8000000,29136
RNFT,D,20181108,000000,572.8000000,578.0000000,566.0000000,570.2000000,27687
RNFT,D,20181109,000000,578.8000000,579.0000000,564.0000000,574.6000000,27033
RNFT,D,20181112,000000,575.0000000,579.0000000,566.4000000,566.4000000,27018
RNFT,D,20181113,000000,569.4000000,571.4000000,536.6000000,540.2000000,27936
RNFT,D,20181114,000000,540.2000000,557.0000000,535.4000000,544.2000000,28436
RNFT,D,20181115,000000,549.8000000,551.6000000,544.0000000,544.0000000,27959
RNFT,D,20181116,000000,549.8000000,551.8000000,534.0000000,534.0000000,36527
RNFT,D,20181119,000000,540.6000000,541.8000000,534.0000000,535.2000000,28569
RNFT,D,20181120,000000,539.0000000,539.6000000,512.4000000,524.0000000,30211
RNFT,D,20181121,000000,539.8000000,540.2000000,523.0000000,523.6000000,31539
RNFT,D,20181122,000000,529.2000000,530.2000000,522.6000000,522.6000000,30670
RNFT,D,20181123,000000,534.4000000,534.4000000,515.0000000,523.0000000,29118
RNFT,D,20181126,000000,519.4000000,534.4000000,515.0000000,534.4000000,33395
RNFT,D,20181127,000000,536.4000000,545.2000000,531.2000000,531.4000000,28869
RNFT,D,20181128,000000,533.8000000,537.0000000,529.6000000,530.2000000,28295
RNFT,D,20181129,000000,551.8000000,551.8000000,526.2000000,527.6000000,28721
RNFT,D,20181130,000000,538.0000000,559.8000000,528.2000000,552.2000000,34961
RNFT,D,20181203,000000,550.0000000,559.4000000,545.2000000,554.4000000,30046
RNFT,D,20181204,000000,549.2000000,560.8000000,549.2000000,550.0000000,27878
RNFT,D,20181205,000000,540.0000000,553.8000000,533.0000000,548.0000000,30294
RNFT,D,20181206,000000,540.2000000,563.6000000,538.4000000,563.6000000,36031
RNFT,D,20181207,000000,562.8000000,562.8000000,544.4000000,546.4000000,32668
RNFT,D,20181210,000000,546.0000000,549.0000000,530.2000000,544.8000000,31823
RNFT,D,20181211,000000,548.0000000,549.2000000,524.2000000,524.8000000,31710
RNFT,D,20181212,000000,531.8000000,537.6000000,518.2000000,535.6000000,32405
RNFT,D,20181213,000000,539.6000000,546.2000000,515.0000000,523.6000000,33439
RNFT,D,20181214,000000,520.6000000,520.6000000,512.0000000,512.0000000,32370
RNFT,D,20181217,000000,516.8000000,518.8000000,505.4000000,506.0000000,33996
RNFT,D,20181218,000000,511.6000000,511.8000000,494.2000000,504.8000000,33903
RNFT,D,20181219,000000,500.0000000,500.0000000,480.6000000,486.8000000,36945
RNFT,D,20181220,000000,480.4000000,692.0000000,450.4000000,500.4000000,49899
RNFT,D,20181221,000000,508.0000000,538.0000000,491.0000000,530.0000000,40793
RNFT,D,20181224,000000,540.0000000,570.0000000,521.4000000,539.8000000,52503
RNFT,D,20181225,000000,524.8000000,537.8000000,513.0000000,515.0000000,30176
RNFT,D,20181226,000000,516.2000000,538.8000000,512.0000000,532.2000000,36436
RNFT,D,20181227,000000,534.2000000,545.2000000,527.6000000,539.8000000,34513
RNFT,D,20181228,000000,531.8000000,544.6000000,526.4000000,528.6000000,30142
RNFT,D,20181229,000000,526.8000000,533.6000000,526.4000000,528.8000000,17844
RNFT,D,20190103,000000,528.4000000,546.6000000,527.4000000,546.6000000,12570
RNFT,D,20190104,000000,538.0000000,547.8000000,531.6000000,547.8000000,10057
RNFT,D,20190108,000000,515.0000000,540.0000000,514.8000000,537.8000000,19032
RNFT,D,20190109,000000,539.8000000,549.8000000,539.0000000,547.6000000,28651
RNFT,D,20190110,000000,544.8000000,556.0000000,544.6000000,556.0000000,28587
RNFT,D,20190111,000000,552.0000000,575.0000000,551.8000000,565.0000000,29642
RNFT,D,20190114,000000,541.0000000,579.8000000,541.0000000,568.0000000,28156
RNFT,D,20190115,000000,560.4000000,590.0000000,560.4000000,590.0000000,27408
RNFT,D,20190116,000000,599.0000000,599.0000000,569.6000000,572.4000000,35703
RNFT,D,20190117,000000,575.0000000,576.6000000,570.0000000,571.8000000,27348
RNFT,D,20190118,000000,576.8000000,577.6000000,564.2000000,569.2000000,26935
RNFT,D,20190121,000000,564.4000000,579.0000000,564.4000000,577.2000000,26254
RNFT,D,20190122,000000,579.8000000,579.8000000,569.0000000,569.0000000,26391
RNFT,D,20190123,000000,578.2000000,594.8000000,571.0000000,578.2000000,29402
RNFT,D,20190124,000000,573.6000000,589.6000000,572.4000000,578.6000000,25939
RNFT,D,20190125,000000,580.0000000,594.0000000,577.4000000,589.6000000,26008
RNFT,D,20190128,000000,582.8000000,604.8000000,582.8000000,594.2000000,29722
RNFT,D,20190129,000000,594.2000000,599.2000000,594.0000000,599.0000000,25527
RNFT,D,20190130,000000,598.6000000,600.0000000,580.2000000,581.6000000,124317
RNFT,D,20190131,000000,584.6000000,614.0000000,584.2000000,593.6000000,35698
RNFT,D,20190201,000000,599.0000000,599.0000000,587.4000000,594.8000000,25359
RNFT,D,20190204,000000,594.6000000,597.8000000,591.0000000,594.6000000,26984
RNFT,D,20190205,000000,594.8000000,601.0000000,594.8000000,598.0000000,25567
RNFT,D,20190206,000000,596.2000000,602.6000000,577.6000000,600.0000000,25736
RNFT,D,20190207,000000,602.0000000,606.8000000,582.4000000,595.0000000,25580
RNFT,D,20190208,000000,596.0000000,599.0000000,593.0000000,599.0000000,26187
RNFT,D,20190211,000000,588.2000000,600.4000000,588.0000000,599.8000000,25780
RNFT,D,20190212,000000,596.2000000,600.0000000,594.8000000,600.0000000,27280
RNFT,D,20190213,000000,599.0000000,599.8000000,595.6000000,595.6000000,26304
RNFT,D,20190214,000000,562.4000000,599.8000000,550.6000000,593.0000000,26876
RNFT,D,20190215,000000,594.0000000,600.2000000,594.0000000,599.8000000,27379
RNFT,D,20190218,000000,598.8000000,600.0000000,592.6000000,597.0000000,26001
RNFT,D,20190219,000000,596.6000000,599.4000000,593.0000000,593.0000000,25843
RNFT,D,20190220,000000,593.8000000,596.8000000,592.0000000,592.0000000,25382
RNFT,D,20190221,000000,592.8000000,601.0000000,586.0000000,593.8000000,26123
RNFT,D,20190222,000000,594.0000000,604.8000000,593.8000000,600.0000000,28809
RNFT,D,20190225,000000,599.2000000,602.0000000,593.6000000,594.8000000,29219
RNFT,D,20190226,000000,595.8000000,595.8000000,577.4000000,585.0000000,28503
RNFT,D,20190227,000000,583.8000000,584.6000000,572.0000000,584.2000000,26500
RNFT,D,20190228,000000,581.6000000,581.6000000,568.2000000,576.2000000,26526
RNFT,D,20190301,000000,574.2000000,578.0000000,570.2000000,570.4000000,27467
RNFT,D,20190304,000000,579.6000000,579.8000000,572.0000000,579.4000000,26336
RNFT,D,20190305,000000,577.2000000,579.8000000,573.0000000,579.4000000,27044
RNFT,D,20190306,000000,579.6000000,579.8000000,573.6000000,579.8000000,27555
RNFT,D,20190307,000000,573.6000000,595.0000000,573.2000000,595.0000000,27123
RNFT,D,20190311,000000,576.4000000,586.0000000,575.8000000,577.2000000,26486
RNFT,D,20190312,000000,585.0000000,590.0000000,578.6000000,578.6000000,25749
RNFT,D,20190313,000000,581.2000000,586.8000000,578.0000000,578.4000000,26116
RNFT,D,20190314,000000,581.0000000,581.0000000,570.2000000,580.0000000,26268
RNFT,D,20190315,000000,580.0000000,599.0000000,575.2000000,599.0000000,27451
RNFT,D,20190318,000000,581.2000000,600.8000000,581.2000000,593.0000000,26453
RNFT,D,20190319,000000,590.4000000,612.2000000,590.4000000,599.0000000,31474
RNFT,D,20190320,000000,594.4000000,608.8000000,594.2000000,598.0000000,55124
RNFT,D,20190321,000000,603.0000000,603.0000000,589.4000000,592.4000000,33590
RNFT,D,20190322,000000,594.8000000,602.0000000,591.0000000,595.4000000,27842
RNFT,D,20190325,000000,593.0000000,603.8000000,589.8000000,600.0000000,25657
RNFT,D,20190326,000000,595.8000000,600.0000000,595.8000000,599.0000000,25938
RNFT,D,20190327,000000,600.0000000,600.0000000,572.2000000,572.4000000,27505
RNFT,D,20190328,000000,578.8000000,581.8000000,566.0000000,568.0000000,28518
RNFT,D,20190329,000000,572.6000000,582.8000000,572.0000000,574.2000000,26614
RNFT,D,20190401,000000,571.6000000,600.0000000,571.4000000,584.4000000,27192
RNFT,D,20190402,000000,589.0000000,604.0000000,589.0000000,599.8000000,26428
RNFT,D,20190403,000000,599.4000000,602.6000000,595.0000000,598.6000000,26315
RNFT,D,20190404,000000,600.6000000,600.6000000,592.6000000,598.6000000,25468
RNFT,D,20190405,000000,601.0000000,602.0000000,593.4000000,600.0000000,25174
RNFT,D,20190408,000000,598.2000000,599.6000000,591.0000000,592.2000000,25837
RNFT,D,20190409,000000,589.0000000,599.6000000,589.0000000,593.2000000,25376
RNFT,D,20190410,000000,595.6000000,599.6000000,591.6000000,591.6000000,25463
RNFT,D,20190411,000000,592.6000000,599.0000000,592.4000000,598.0000000,26895
RNFT,D,20190412,000000,599.2000000,599.4000000,593.6000000,597.4000000,25124
RNFT,D,20190415,000000,595.6000000,597.0000000,583.4000000,589.0000000,29602
RNFT,D,20190416,000000,590.2000000,599.8000000,589.2000000,598.8000000,25581
RNFT,D,20190417,000000,600.6000000,600.6000000,595.8000000,599.8000000,25270
RNFT,D,20190418,000000,596.8000000,600.0000000,595.0000000,599.2000000,25649
RNFT,D,20190419,000000,596.8000000,600.2000000,593.4000000,593.4000000,25131
RNFT,D,20190422,000000,593.4000000,599.4000000,589.8000000,593.8000000,25724
RNFT,D,20190423,000000,595.6000000,599.8000000,590.2000000,599.4000000,25311
RNFT,D,20190424,000000,596.6000000,600.8000000,596.4000000,597.0000000,25365
RNFT,D,20190425,000000,599.6000000,600.8000000,597.4000000,600.0000000,31994
RNFT,D,20190426,000000,600.8000000,600.8000000,595.8000000,596.0000000,25198
RNFT,D,20190429,000000,597.2000000,600.0000000,593.4000000,594.4000000,25712
RNFT,D,20190430,000000,574.0000000,598.6000000,565.6000000,565.6000000,24353
RNFT,D,20190502,000000,575.4000000,587.8000000,571.0000000,572.6000000,17717
RNFT,D,20190503,000000,584.6000000,584.6000000,570.2000000,578.6000000,10812
RNFT,D,20190506,000000,578.6000000,605.2000000,577.6000000,605.2000000,26428
RNFT,D,20190507,000000,578.4000000,595.8000000,578.4000000,593.4000000,25729
RNFT,D,20190508,000000,596.0000000,598.6000000,583.8000000,588.0000000,26066
RNFT,D,20190510,000000,596.2000000,599.8000000,590.2000000,593.2000000,11035
RNFT,D,20190513,000000,593.8000000,605.4000000,593.4000000,600.0000000,25761
RNFT,D,20190514,000000,598.8000000,601.0000000,595.2000000,601.0000000,26121
RNFT,D,20190515,000000,596.0000000,600.6000000,593.4000000,593.4000000,25452
RNFT,D,20190516,000000,595.8000000,602.0000000,593.4000000,598.4000000,25413
RNFT,D,20190517,000000,600.6000000,600.6000000,595.4000000,597.6000000,25105
RNFT,D,20190520,000000,598.0000000,600.8000000,596.8000000,600.0000000,25280
RNFT,D,20190521,000000,601.0000000,601.2000000,558.6000000,575.0000000,28424
RNFT,D,20190522,000000,584.0000000,584.0000000,561.8000000,567.8000000,30097
RNFT,D,20190523,000000,568.0000000,571.6000000,563.4000000,565.0000000,26697
RNFT,D,20190524,000000,567.0000000,573.0000000,567.0000000,572.2000000,26699
RNFT,D,20190527,000000,572.6000000,577.2000000,568.0000000,575.0000000,30829
RNFT,D,20190528,000000,573.0000000,574.6000000,557.2000000,557.2000000,27249
RNFT,D,20190529,000000,570.0000000,574.6000000,558.2000000,568.0000000,26716
RNFT,D,20190530,000000,575.8000000,575.8000000,565.0000000,565.0000000,28325
RNFT,D,20190531,000000,563.6000000,573.0000000,563.6000000,570.0000000,26539
RNFT,D,20190603,000000,572.0000000,574.0000000,566.6000000,574.0000000,27146
RNFT,D,20190604,000000,570.6000000,585.8000000,567.8000000,582.6000000,29204
RNFT,D,20190605,000000,579.2000000,581.6000000,573.2000000,575.4000000,7897
RNFT,D,20190606,000000,575.4000000,594.0000000,574.6000000,594.0000000,8449
RNFT,D,20190607,000000,591.8000000,591.8000000,584.6000000,589.8000000,5280
RNFT,D,20190610,000000,590.6000000,593.4000000,584.2000000,588.6000000,7076
RNFT,D,20190611,000000,585.8000000,601.2000000,584.0000000,601.2000000,7526
RNFT,D,20190613,000000,601.8000000,601.8000000,586.2000000,596.8000000,5980
RNFT,D,20190614,000000,587.8000000,602.0000000,587.8000000,595.2000000,5568
RNFT,D,20190617,000000,586.2000000,601.0000000,586.2000000,598.8000000,4710
RNFT,D,20190618,000000,596.8000000,603.4000000,596.0000000,599.0000000,6672
RNFT,D,20190619,000000,595.0000000,601.6000000,595.0000000,598.8000000,5543
RNFT,D,20190620,000000,597.4000000,613.4000000,596.6000000,597.6000000,23080
RNFT,D,20190621,000000,594.8000000,601.0000000,593.2000000,593.2000000,13695
RNFT,D,20190624,000000,595.2000000,599.0000000,588.0000000,591.0000000,9388
RNFT,D,20190625,000000,590.0000000,592.2000000,586.0000000,586.0000000,9737
RNFT,D,20190626,000000,588.6000000,592.0000000,587.0000000,591.8000000,9536
RNFT,D,20190627,000000,590.0000000,590.8000000,586.0000000,586.0000000,10478
RNFT,D,20190628,000000,587.4000000,601.8000000,585.4000000,601.8000000,11207
RNFT,D,20190701,000000,585.2000000,601.6000000,585.0000000,588.0000000,10935
RNFT,D,20190702,000000,588.0000000,590.2000000,585.0000000,588.0000000,7177
RNFT,D,20190703,000000,589.4000000,590.4000000,585.2000000,585.4000000,7598
RNFT,D,20190704,000000,586.6000000,590.2000000,584.4000000,590.2000000,6688
RNFT,D,20190705,000000,585.0000000,589.2000000,585.0000000,589.0000000,7193
RNFT,D,20190708,000000,587.8000000,588.8000000,579.2000000,580.6000000,6076
RNFT,D,20190709,000000,580.6000000,590.0000000,580.2000000,587.0000000,7533
RNFT,D,20190710,000000,588.0000000,590.0000000,583.6000000,583.6000000,6780
RNFT,D,20190711,000000,588.6000000,589.6000000,583.4000000,583.4000000,4693
RNFT,D,20190712,000000,586.4000000,587.8000000,580.2000000,582.8000000,5732
RNFT,D,20190715,000000,582.0000000,600.0000000,582.0000000,600.0000000,6647
RNFT,D,20190716,000000,599.8000000,599.8000000,587.4000000,595.4000000,9175
RNFT,D,20190717,000000,595.8000000,597.0000000,593.2000000,596.0000000,7594
RNFT,D,20190718,000000,590.2000000,597.6000000,588.0000000,593.0000000,7447
RNFT,D,20190719,000000,596.4000000,599.6000000,583.0000000,583.0000000,6556
RNFT,D,20190722,000000,591.4000000,595.6000000,588.8000000,589.6000000,6828
RNFT,D,20190723,000000,589.6000000,593.4000000,588.0000000,591.2000000,5673
RNFT,D,20190724,000000,591.2000000,592.8000000,587.2000000,587.2000000,5714
RNFT,D,20190725,000000,592.8000000,597.0000000,587.4000000,597.0000000,5210
RNFT,D,20190726,000000,587.2000000,599.0000000,587.2000000,599.0000000,5698
RNFT,D,20190729,000000,599.8000000,600.0000000,595.2000000,600.0000000,6037
RNFT,D,20190730,000000,592.6000000,599.0000000,592.6000000,598.8000000,4717
RNFT,D,20190731,000000,591.8000000,598.6000000,591.2000000,598.6000000,5678
RNFT,D,20190801,000000,596.2000000,602.0000000,583.4000000,602.0000000,5392
RNFT,D,20190802,000000,587.0000000,601.4000000,587.0000000,601.4000000,5592
RNFT,D,20190805,000000,594.2000000,602.2000000,594.2000000,598.2000000,5425
RNFT,D,20190806,000000,596.6000000,600.4000000,596.6000000,597.8000000,5451
RNFT,D,20190807,000000,596.4000000,599.6000000,596.4000000,597.4000000,6919
RNFT,D,20190808,000000,597.6000000,600.4000000,586.4000000,595.4000000,5445
RNFT,D,20190809,000000,582.4000000,598.8000000,580.4000000,596.0000000,4839
RNFT,D,20190812,000000,592.6000000,596.8000000,591.2000000,594.2000000,5351
RNFT,D,20190813,000000,592.6000000,597.8000000,590.2000000,591.2000000,5395
RNFT,D,20190814,000000,584.2000000,599.4000000,584.2000000,597.0000000,6060
RNFT,D,20190815,000000,582.4000000,597.8000000,571.2000000,592.4000000,5202
RNFT,D,20190816,000000,597.4000000,597.8000000,590.6000000,593.2000000,5337
RNFT,D,20190819,000000,595.0000000,595.6000000,590.4000000,593.0000000,5399
RNFT,D,20190820,000000,580.2000000,592.8000000,580.2000000,592.4000000,6508
RNFT,D,20190821,000000,594.6000000,597.2000000,591.8000000,591.8000000,5277
RNFT,D,20190822,000000,592.0000000,595.6000000,590.4000000,593.0000000,5185
RNFT,D,20190823,000000,593.0000000,599.8000000,590.6000000,591.6000000,5285
RNFT,D,20190826,000000,590.6000000,595.4000000,585.0000000,594.0000000,5124
RNFT,D,20190827,000000,585.8000000,594.8000000,585.8000000,590.2000000,6001
RNFT,D,20190828,000000,588.8000000,595.0000000,588.8000000,590.4000000,6442
RNFT,D,20190829,000000,593.0000000,594.0000000,588.4000000,592.4000000,5997
RNFT,D,20190830,000000,590.0000000,595.0000000,573.6000000,573.6000000,8225
RNFT,D,20190902,000000,585.2000000,587.6000000,576.6000000,578.2000000,5308
RNFT,D,20190903,000000,587.4000000,594.2000000,575.4000000,575.4000000,6016
RNFT,D,20190904,000000,585.0000000,586.8000000,580.8000000,586.0000000,6916
RNFT,D,20190905,000000,586.2000000,588.0000000,584.6000000,586.8000000,5700
RNFT,D,20190906,000000,585.6000000,588.6000000,585.4000000,586.6000000,5953
RNFT,D,20190909,000000,586.0000000,586.6000000,581.6000000,582.6000000,5551
RNFT,D,20190910,000000,582.8000000,588.0000000,581.2000000,585.2000000,5103
RNFT,D,20190911,000000,585.4000000,589.0000000,582.2000000,585.0000000,5205
RNFT,D,20190912,000000,585.4000000,592.8000000,581.0000000,581.8000000,5626
RNFT,D,20190913,000000,582.4000000,587.2000000,581.2000000,583.4000000,5506
RNFT,D,20190916,000000,576.2000000,588.2000000,576.2000000,582.8000000,5885
RNFT,D,20190917,000000,582.0000000,587.2000000,580.0000000,585.0000000,5163
RNFT,D,20190918,000000,585.4000000,586.4000000,581.0000000,582.2000000,6621
RNFT,D,20190919,000000,583.0000000,583.4000000,571.6000000,571.6000000,23770
RNFT,D,20190920,000000,581.8000000,585.6000000,570.4000000,585.0000000,10783
RNFT,D,20190923,000000,573.4000000,584.0000000,569.4000000,576.2000000,8590
RNFT,D,20190924,000000,579.8000000,579.8000000,568.8000000,568.8000000,18272
RNFT,D,20190925,000000,569.0000000,584.0000000,566.8000000,574.2000000,19268
RNFT,D,20190926,000000,578.6000000,580.6000000,573.6000000,577.8000000,18429
RNFT,D,20190927,000000,576.0000000,581.6000000,574.2000000,581.6000000,18124
RNFT,D,20190930,000000,576.6000000,580.0000000,575.6000000,577.0000000,17732
RNFT,D,20191001,000000,575.6000000,580.6000000,575.4000000,577.6000000,17743
RNFT,D,20191002,000000,576.0000000,579.6000000,576.0000000,579.6000000,18307
RNFT,D,20191003,000000,577.4000000,579.2000000,576.8000000,578.2000000,17756
RNFT,D,20191004,000000,575.6000000,577.8000000,575.6000000,577.4000000,18374
RNFT,D,20191007,000000,576.8000000,579.0000000,576.2000000,577.6000000,18065
RNFT,D,20191008,000000,578.0000000,580.4000000,574.8000000,575.4000000,19953
RNFT,D,20191009,000000,577.4000000,577.8000000,575.8000000,577.6000000,17554
RNFT,D,20191010,000000,578.6000000,581.0000000,576.0000000,581.0000000,17929
RNFT,D,20191011,000000,581.0000000,581.0000000,575.4000000,575.4000000,19256
RNFT,D,20191014,000000,574.4000000,581.8000000,569.0000000,570.6000000,17743
RNFT,D,20191015,000000,572.0000000,572.0000000,567.2000000,568.6000000,18170
RNFT,D,20191016,000000,570.6000000,570.6000000,567.2000000,568.0000000,17939
RNFT,D,20191017,000000,569.2000000,570.0000000,566.6000000,568.4000000,18123
RNFT,D,20191018,000000,567.2000000,571.8000000,567.2000000,568.8000000,18117
RNFT,D,20191021,000000,566.8000000,571.6000000,564.0000000,564.8000000,17932
RNFT,D,20191022,000000,567.6000000,568.0000000,564.2000000,568.0000000,19465
RNFT,D,20191023,000000,564.6000000,566.8000000,559.2000000,566.0000000,19239
RNFT,D,20191024,000000,564.0000000,566.6000000,557.0000000,561.8000000,18800
RNFT,D,20191025,000000,561.6000000,562.0000000,558.2000000,562.0000000,18065
RNFT,D,20191028,000000,559.2000000,560.2000000,552.4000000,553.4000000,19144
RNFT,D,20191029,000000,557.6000000,563.0000000,550.0000000,563.0000000,19148
RNFT,D,20191030,000000,554.2000000,561.8000000,551.2000000,561.8000000,19833
RNFT,D,20191031,000000,560.0000000,560.0000000,551.6000000,554.8000000,18743
RNFT,D,20191101,000000,553.8000000,557.6000000,551.0000000,556.0000000,19961
RNFT,D,20191105,000000,558.0000000,561.0000000,552.0000000,561.0000000,23249
RNFT,D,20191106,000000,563.0000000,565.0000000,552.4000000,565.0000000,21106
RNFT,D,20191107,000000,565.8000000,565.8000000,556.6000000,564.0000000,19626
RNFT,D,20191108,000000,563.8000000,564.0000000,557.4000000,561.0000000,18836
RNFT,D,20191111,000000,559.0000000,563.8000000,555.0000000,560.4000000,19956
RNFT,D,20191112,000000,564.0000000,564.4000000,553.8000000,560.8000000,19772
RNFT,D,20191113,000000,562.8000000,563.0000000,554.8000000,557.8000000,18727
RNFT,D,20191114,000000,559.0000000,559.4000000,555.6000000,557.0000000,19187
RNFT,D,20191115,000000,557.4000000,558.6000000,555.0000000,555.2000000,18845
RNFT,D,20191118,000000,555.4000000,557.6000000,552.4000000,556.8000000,19509
RNFT,D,20191119,000000,558.2000000,559.8000000,553.0000000,556.6000000,18402
RNFT,D,20191120,000000,556.6000000,558.6000000,553.8000000,555.2000000,18800
RNFT,D,20191121,000000,555.2000000,558.8000000,553.8000000,558.8000000,18455
RNFT,D,20191122,000000,555.2000000,558.6000000,554.0000000,555.6000000,27107
RNFT,D,20191125,000000,556.6000000,558.0000000,554.2000000,556.2000000,27534
RNFT,D,20191126,000000,553.6000000,557.8000000,553.6000000,555.0000000,29334
RNFT,D,20191127,000000,553.4000000,557.8000000,553.0000000,557.0000000,29147
RNFT,D,20191128,000000,556.6000000,570.4000000,553.4000000,570.4000000,28170
RNFT,D,20191129,000000,554.2000000,564.4000000,552.4000000,555.4000000,30235
RNFT,D,20191202,000000,553.0000000,560.0000000,553.0000000,560.0000000,35408
RNFT,D,20191203,000000,558.4000000,560.0000000,555.6000000,560.0000000,29113
RNFT,D,20191204,000000,560.0000000,560.0000000,554.4000000,558.4000000,29951
RNFT,D,20191205,000000,553.6000000,559.6000000,553.6000000,556.6000000,28096
RNFT,D,20191206,000000,556.6000000,558.8000000,555.0000000,557.6000000,27316
RNFT,D,20191209,000000,558.0000000,558.6000000,555.6000000,555.8000000,27832
RNFT,D,20191210,000000,557.8000000,560.0000000,555.4000000,560.0000000,27504
RNFT,D,20191211,000000,557.8000000,558.6000000,555.4000000,555.4000000,28015
RNFT,D,20191212,000000,557.0000000,557.6000000,555.0000000,557.2000000,27965
RNFT,D,20191213,000000,558.0000000,558.0000000,554.6000000,557.2000000,27851
RNFT,D,20191216,000000,557.4000000,560.0000000,555.0000000,560.0000000,28014
RNFT,D,20191217,000000,556.2000000,560.0000000,553.2000000,560.0000000,28493
RNFT,D,20191218,000000,554.0000000,559.8000000,542.2000000,550.0000000,35601
RNFT,D,20191219,000000,549.8000000,551.6000000,526.4000000,526.4000000,34652
RNFT,D,20191220,000000,538.6000000,538.8000000,513.0000000,528.0000000,37720
RNFT,D,20191223,000000,522.6000000,536.0000000,522.6000000,528.0000000,34471
RNFT,D,20191224,000000,533.8000000,545.0000000,521.0000000,543.0000000,31739
RNFT,D,20191225,000000,553.8000000,564.8000000,534.0000000,540.6000000,29899
RNFT,D,20191226,000000,544.0000000,546.0000000,539.6000000,543.4000000,28515
RNFT,D,20191227,000000,545.6000000,559.0000000,541.2000000,555.8000000,29718
RNFT,D,20191230,000000,557.8000000,557.8000000,548.8000000,550.2000000,29148
RNFT,D,20200103,000000,541.4000000,554.2000000,541.4000000,550.6000000,28070
RNFT,D,20200106,000000,552.8000000,556.6000000,551.0000000,553.2000000,28365
RNFT,D,20200108,000000,550.2000000,550.8000000,529.4000000,548.6000000,28629
RNFT,D,20200109,000000,551.6000000,551.6000000,542.0000000,544.0000000,29288
RNFT,D,20200110,000000,546.8000000,552.0000000,544.2000000,550.4000000,28648
RNFT,D,20200113,000000,551.8000000,552.0000000,545.6000000,545.6000000,9279
RNFT,D,20200114,000000,546.6000000,550.2000000,544.2000000,548.4000000,13120
RNFT,D,20200115,000000,548.4000000,550.0000000,542.0000000,543.4000000,11595
RNFT,D,20200116,000000,547.6000000,548.8000000,541.2000000,542.8000000,12456
RNFT,D,20200117,000000,546.2000000,547.0000000,542.8000000,544.0000000,10741
RNFT,D,20200120,000000,542.8000000,547.8000000,542.8000000,547.2000000,10493
RNFT,D,20200121,000000,545.0000000,546.2000000,543.0000000,545.0000000,10860
RNFT,D,20200122,000000,545.4000000,548.0000000,541.8000000,545.2000000,10515
RNFT,D,20200123,000000,543.2000000,547.0000000,540.0000000,540.6000000,10115
RNFT,D,20200124,000000,542.2000000,545.6000000,542.2000000,544.8000000,9589
RNFT,D,20200127,000000,540.0000000,546.6000000,536.4000000,541.8000000,9711
RNFT,D,20200128,000000,542.0000000,542.2000000,538.0000000,538.2000000,9578
RNFT,D,20200129,000000,544.4000000,544.4000000,538.2000000,539.0000000,9503
RNFT,D,20200130,000000,538.6000000,540.0000000,537.6000000,537.8000000,2714
RNFT,D,20200131,000000,537.4000000,542.2000000,531.0000000,531.0000000,9863
RNFT,D,20200203,000000,536.8000000,539.6000000,533.4000000,533.4000000,9790
RNFT,D,20200204,000000,535.4000000,538.2000000,532.0000000,533.4000000,9495
RNFT,D,20200205,000000,537.0000000,538.4000000,528.0000000,529.6000000,11064
RNFT,D,20200206,000000,531.4000000,531.4000000,530.0000000,530.0000000,10096
RNFT,D,20200207,000000,531.2000000,536.4000000,529.0000000,529.2000000,9745
RNFT,D,20200210,000000,528.8000000,532.0000000,528.2000000,528.2000000,9444
RNFT,D,20200211,000000,533.4000000,534.8000000,528.0000000,530.2000000,9611
RNFT,D,20200212,000000,530.6000000,530.6000000,527.6000000,529.2000000,9809
RNFT,D,20200213,000000,529.8000000,534.8000000,528.6000000,532.4000000,9800
RNFT,D,20200214,000000,530.2000000,540.0000000,530.2000000,537.2000000,9600
RNFT,D,20200217,000000,534.0000000,553.8000000,533.0000000,550.0000000,10307
RNFT,D,20200218,000000,552.4000000,552.4000000,537.4000000,540.0000000,9406
RNFT,D,20200219,000000,535.6000000,549.2000000,535.6000000,538.6000000,9549
RNFT,D,20200220,000000,544.0000000,546.6000000,539.0000000,539.8000000,9692
RNFT,D,20200221,000000,544.2000000,547.0000000,535.6000000,539.8000000,10116
RNFT,D,20200225,000000,535.4000000,544.0000000,531.0000000,531.4000000,10177
RNFT,D,20200226,000000,543.8000000,543.8000000,525.0000000,528.2000000,9974
RNFT,D,20200227,000000,526.6000000,529.4000000,520.0000000,523.0000000,10506
RNFT,D,20200228,000000,523.0000000,547.2000000,505.0000000,547.2000000,13104
RNFT,D,20200302,000000,520.6000000,545.2000000,505.0000000,525.6000000,9597
RNFT,D,20200303,000000,537.2000000,539.6000000,526.0000000,530.0000000,9909
RNFT,D,20200304,000000,525.4000000,526.6000000,510.0000000,526.0000000,10473
RNFT,D,20200305,000000,522.2000000,527.6000000,510.2000000,514.2000000,9596
RNFT,D,20200306,000000,532.0000000,534.0000000,511.2000000,515.4000000,9983
RNFT,D,20200310,000000,506.0000000,509.8000000,480.2000000,508.8000000,8290
RNFT,D,20200311,000000,512.0000000,519.2000000,496.8000000,501.2000000,10728
RNFT,D,20200312,000000,517.8000000,517.8000000,488.2000000,488.8000000,10321
RNFT,D,20200313,000000,488.0000000,497.6000000,481.2000000,488.2000000,9750
RNFT,D,20200316,000000,491.6000000,500.0000000,467.2000000,467.2000000,11993
RNFT,D,20200317,000000,467.2000000,486.8000000,458.2000000,459.6000000,8854
RNFT,D,20200318,000000,504.4000000,504.4000000,406.4000000,442.4000000,8474
RNFT,D,20200319,000000,428.4000000,438.2000000,428.4000000,437.6000000,8845
RNFT,D,20200320,000000,496.4000000,496.4000000,439.0000000,469.8000000,10544
RNFT,D,20200323,000000,434.0000000,470.0000000,431.0000000,447.6000000,11915
RNFT,D,20200324,000000,448.6000000,491.6000000,440.8000000,442.8000000,16736
RNFT,D,20200325,000000,462.0000000,463.8000000,443.6000000,450.8000000,15399
RNFT,D,20200326,000000,445.0000000,460.4000000,442.8000000,447.0000000,12009
RNFT,D,20200327,000000,451.8000000,452.0000000,446.2000000,449.8000000,11211
RNFT,D,20200330,000000,449.8000000,450.0000000,444.4000000,447.8000000,11259
RNFT,D,20200331,000000,455.0000000,469.2000000,446.2000000,469.2000000,14904
RNFT,D,20200401,000000,469.0000000,469.0000000,447.6000000,460.2000000,11044
RNFT,D,20200402,000000,460.2000000,468.6000000,450.8000000,460.2000000,13429
RNFT,D,20200403,000000,460.0000000,465.0000000,450.4000000,453.6000000,22981
RNFT,D,20200406,000000,459.2000000,459.6000000,450.4000000,453.8000000,15023
RNFT,D,20200407,000000,460.0000000,462.4000000,453.2000000,459.2000000,12423
RNFT,D,20200408,000000,456.2000000,464.0000000,453.2000000,458.6000000,12010
RNFT,D,20200409,000000,466.6000000,467.0000000,459.8000000,467.0000000,12016
RNFT,D,20200410,000000,477.0000000,483.0000000,459.8000000,466.0000000,11226
RNFT,D,20200413,000000,470.2000000,480.0000000,445.6000000,445.6000000,14177
RNFT,D,20200414,000000,462.8000000,478.8000000,460.2000000,462.6000000,11821
RNFT,D,20200415,000000,460.0000000,462.2000000,440.0000000,440.0000000,14961
RNFT,D,20200416,000000,448.8000000,458.0000000,425.8000000,425.8000000,15637
RNFT,D,20200417,000000,437.6000000,438.0000000,416.0000000,417.0000000,17686
RNFT,D,20200420,000000,417.0000000,420.6000000,415.8000000,418.8000000,12255
RNFT,D,20200421,000000,416.4000000,416.4000000,399.2000000,399.2000000,13002
RNFT,D,20200422,000000,410.2000000,419.2000000,404.2000000,415.2000000,15992
RNFT,D,20200423,000000,416.0000000,428.2000000,413.0000000,413.0000000,15470
RNFT,D,20200424,000000,415.0000000,418.0000000,406.2000000,406.2000000,13591
RNFT,D,20200427,000000,409.8000000,414.0000000,409.0000000,412.0000000,11833
RNFT,D,20200428,000000,413.4000000,415.0000000,408.6000000,411.0000000,12527
RNFT,D,20200429,000000,414.4000000,422.4000000,412.0000000,416.0000000,13773
RNFT,D,20200430,000000,427.0000000,427.2000000,416.0000000,416.0000000,15304
RNFT,D,20200504,000000,417.6000000,417.6000000,411.0000000,413.0000000,12677
RNFT,D,20200505,000000,418.6000000,420.0000000,416.4000000,420.0000000,12227
RNFT,D,20200506,000000,420.0000000,423.0000000,419.2000000,422.2000000,13254
RNFT,D,20200507,000000,424.8000000,426.0000000,422.4000000,426.0000000,13180
RNFT,D,20200508,000000,426.2000000,429.2000000,423.2000000,427.6000000,9801
RNFT,D,20200512,000000,428.8000000,433.0000000,428.0000000,431.0000000,11148
RNFT,D,20200513,000000,425.0000000,432.8000000,417.6000000,417.6000000,12883
RNFT,D,20200514,000000,426.0000000,428.4000000,413.0000000,415.0000000,12029
RNFT,D,20200515,000000,418.8000000,420.0000000,417.0000000,419.0000000,11887
RNFT,D,20200518,000000,419.6000000,431.4000000,417.2000000,422.0000000,12049
RNFT,D,20200519,000000,430.0000000,430.0000000,421.0000000,422.0000000,13092
RNFT,D,20200520,000000,421.4000000,423.0000000,417.2000000,421.6000000,12327
RNFT,D,20200521,000000,423.4000000,425.2000000,420.0000000,423.6000000,12479
RNFT,D,20200522,000000,425.4000000,425.4000000,420.2000000,421.6000000,10280
RNFT,D,20200525,000000,425.2000000,425.4000000,420.4000000,424.0000000,10307
RNFT,D,20200526,000000,426.0000000,429.0000000,422.4000000,425.8000000,13009
RNFT,D,20200527,000000,422.4000000,424.0000000,419.8000000,420.0000000,13056
RNFT,D,20200528,000000,425.8000000,425.8000000,419.4000000,424.8000000,11547
RNFT,D,20200529,000000,421.4000000,435.2000000,421.2000000,435.2000000,13595
RNFT,D,20200601,000000,423.2000000,431.0000000,423.2000000,429.4000000,11641
RNFT,D,20200602,000000,430.0000000,432.0000000,428.6000000,430.4000000,11804
RNFT,D,20200603,000000,432.0000000,448.6000000,431.0000000,439.4000000,15773
RNFT,D,20200604,000000,441.0000000,441.0000000,435.0000000,435.0000000,11541
RNFT,D,20200605,000000,443.0000000,449.4000000,435.0000000,440.0000000,11983
RNFT,D,20200608,000000,448.8000000,448.8000000,440.8000000,448.2000000,13019
RNFT,D,20200609,000000,449.0000000,452.6000000,443.6000000,451.8000000,12029
RNFT,D,20200610,000000,455.0000000,455.0000000,440.0000000,447.6000000,10046
RNFT,D,20200611,000000,454.0000000,454.0000000,439.8000000,450.0000000,13231
RNFT,D,20200615,000000,448.8000000,452.0000000,435.6000000,451.8000000,11338
RNFT,D,20200616,000000,451.8000000,459.0000000,451.2000000,452.6000000,12332
RNFT,D,20200617,000000,450.0000000,460.0000000,450.0000000,456.0000000,11689
RNFT,D,20200618,000000,458.0000000,474.0000000,456.2000000,469.0000000,13503
RNFT,D,20200619,000000,464.4000000,502.6000000,464.4000000,502.6000000,22445
RNFT,D,20200622,000000,482.2000000,519.8000000,478.8000000,519.8000000,11318
RNFT,D,20200623,000000,513.4000000,530.0000000,501.4000000,530.0000000,10479
RNFT,D,20200625,000000,513.2000000,539.0000000,513.0000000,533.0000000,10927
RNFT,D,20200626,000000,531.0000000,540.0000000,531.0000000,536.0000000,11507
RNFT,D,20200629,000000,523.4000000,537.0000000,523.2000000,533.8000000,9614
RNFT,D,20200630,000000,529.0000000,540.0000000,528.0000000,537.0000000,9469
RNFT,D,20200702,000000,537.0000000,544.8000000,535.4000000,544.8000000,7937
RNFT,D,20200703,000000,546.4000000,551.2000000,544.0000000,544.4000000,10546
RNFT,D,20200706,000000,537.0000000,544.6000000,531.6000000,540.2000000,9044
RNFT,D,20200707,000000,536.0000000,550.0000000,534.2000000,550.0000000,8395
RNFT,D,20200708,000000,534.6000000,542.8000000,534.6000000,542.8000000,11086
RNFT,D,20200709,000000,541.0000000,541.0000000,533.2000000,533.2000000,11922
RNFT,D,20200710,000000,532.4000000,534.8000000,520.6000000,522.0000000,9063
RNFT,D,20200713,000000,518.8000000,527.6000000,518.8000000,522.6000000,9326
RNFT,D,20200714,000000,514.4000000,525.2000000,506.8000000,525.2000000,8908
RNFT,D,20200715,000000,508.2000000,525.4000000,455.2000000,508.2000000,10607
RNFT,D,20200716,000000,508.2000000,513.2000000,485.8000000,495.2000000,9539
RNFT,D,20200717,000000,490.6000000,500.0000000,490.0000000,497.0000000,9459
RNFT,D,20200720,000000,493.0000000,529.4000000,487.2000000,517.6000000,9213
RNFT,D,20200721,000000,520.0000000,525.4000000,516.0000000,516.0000000,10928
RNFT,D,20200722,000000,513.4000000,519.8000000,506.2000000,510.8000000,8854
RNFT,D,20200723,000000,506.4000000,519.6000000,506.4000000,508.8000000,9817
RNFT,D,20200724,000000,506.6000000,512.2000000,505.2000000,512.2000000,9476
RNFT,D,20200727,000000,510.2000000,513.8000000,506.2000000,508.2000000,9652
RNFT,D,20200728,000000,506.0000000,511.4000000,492.4000000,511.4000000,11092
RNFT,D,20200729,000000,506.2000000,513.4000000,506.2000000,513.4000000,10329
RNFT,D,20200730,000000,514.0000000,515.8000000,496.2000000,499.4000000,11038
RNFT,D,20200731,000000,500.0000000,504.8000000,492.0000000,492.0000000,9355
RNFT,D,20200803,000000,496.0000000,497.6000000,493.0000000,496.8000000,8681
RNFT,D,20200804,000000,496.6000000,502.2000000,493.6000000,500.0000000,9390
RNFT,D,20200805,000000,493.0000000,508.0000000,493.0000000,508.0000000,9243
RNFT,D,20200806,000000,508.0000000,512.0000000,505.0000000,506.2000000,6957
RNFT,D,20200807,000000,505.6000000,513.0000000,496.0000000,496.0000000,9552
RNFT,D,20200810,000000,513.2000000,513.2000000,501.0000000,510.0000000,10866
RNFT,D,20200811,000000,510.0000000,520.8000000,510.0000000,520.8000000,9782
RNFT,D,20200812,000000,516.6000000,521.4000000,510.0000000,516.0000000,6723
RNFT,D,20200813,000000,511.8000000,517.2000000,509.2000000,514.0000000,6914
RNFT,D,20200814,000000,517.8000000,517.8000000,505.2000000,507.4000000,4764
RNFT,D,20200817,000000,504.0000000,505.6000000,493.0000000,503.0000000,7412
RNFT,D,20200818,000000,497.8000000,506.2000000,497.8000000,500.0000000,6085
RNFT,D,20200819,000000,509.8000000,509.8000000,493.0000000,497.8000000,12495
RNFT,D,20200820,000000,497.8000000,497.8000000,486.0000000,491.2000000,7609
RNFT,D,20200821,000000,487.2000000,504.8000000,486.8000000,491.2000000,8173
RNFT,D,20200824,000000,505.2000000,511.4000000,491.2000000,492.6000000,11355
RNFT,D,20200825,000000,495.0000000,495.0000000,489.2000000,490.8000000,6911
RNFT,D,20200826,000000,500.0000000,500.0000000,481.0000000,483.4000000,123253
RNFT,D,20200827,000000,481.4000000,489.6000000,470.0000000,472.2000000,13175
RNFT,D,20200828,000000,477.4000000,477.4000000,463.0000000,463.0000000,6659
RNFT,D,20200831,000000,460.0000000,500.0000000,301.0000000,455.0000000,10514
RNFT,D,20200901,000000,464.0000000,488.8000000,420.0000000,424.4000000,46651
RNFT,D,20200902,000000,421.0000000,433.8000000,410.0000000,428.6000000,10960
RNFT,D,20200903,000000,428.6000000,445.0000000,421.2000000,434.2000000,15870
RNFT,D,20200904,000000,434.2000000,438.0000000,420.0000000,433.6000000,30886
RNFT,D,20200907,000000,426.2000000,434.0000000,423.6000000,424.2000000,9335
RNFT,D,20200908,000000,427.2000000,427.2000000,414.6000000,418.6000000,7262
RNFT,D,20200909,000000,421.0000000,426.4000000,403.4000000,415.8000000,17456
RNFT,D,20200910,000000,426.0000000,426.0000000,405.2000000,405.2000000,15023
RNFT,D,20200911,000000,407.0000000,407.0000000,402.0000000,406.6000000,14071
RNFT,D,20200914,000000,407.0000000,412.0000000,399.6000000,403.0000000,17159
RNFT,D,20200915,000000,401.0000000,405.4000000,400.2000000,401.6000000,9088
RNFT,D,20200916,000000,403.0000000,407.8000000,401.0000000,405.0000000,12278
RNFT,D,20200917,000000,409.2000000,409.2000000,402.0000000,404.6000000,7383
RNFT,D,20200918,000000,401.2000000,405.2000000,366.4000000,366.4000000,864158
RNFT,D,20200921,000000,373.6000000,377.0000000,360.8000000,361.4000000,15282
RNFT,D,20200922,000000,362.6000000,373.0000000,362.4000000,366.2000000,14083
RNFT,D,20200923,000000,366.4000000,375.6000000,359.6000000,360.8000000,8910
RNFT,D,20200924,000000,361.0000000,361.0000000,318.8000000,345.0000000,30974
RNFT,D,20200925,000000,345.0000000,357.0000000,344.2000000,347.8000000,12590
RNFT,D,20200928,000000,345.0000000,346.8000000,334.6000000,342.6000000,7170
RNFT,D,20200929,000000,343.0000000,347.8000000,343.0000000,343.0000000,5278
RNFT,D,20200930,000000,350.0000000,350.0000000,342.0000000,342.0000000,3651
RNFT,D,20201001,000000,348.2000000,348.2000000,340.2000000,342.0000000,5127
RNFT,D,20201002,000000,347.8000000,348.0000000,340.4000000,347.0000000,5251
RNFT,D,20201005,000000,349.0000000,357.0000000,346.6000000,351.2000000,10019
RNFT,D,20201006,000000,365.0000000,365.0000000,348.2000000,349.6000000,8026
RNFT,D,20201007,000000,352.8000000,359.8000000,345.2000000,347.6000000,5020
RNFT,D,20201008,000000,345.6000000,348.6000000,345.0000000,346.6000000,1863
RNFT,D,20201009,000000,343.8000000,348.4000000,340.0000000,340.6000000,5082
RNFT,D,20201012,000000,340.2000000,342.8000000,335.6000000,336.6000000,8192
RNFT,D,20201013,000000,339.8000000,339.8000000,336.8000000,339.2000000,3588
RNFT,D,20201014,000000,339.8000000,342.0000000,324.2000000,330.0000000,16569
RNFT,D,20201015,000000,330.0000000,334.0000000,306.2000000,309.0000000,22145
RNFT,D,20201016,000000,313.0000000,320.2000000,305.0000000,307.2000000,14032
RNFT,D,20201019,000000,318.0000000,318.0000000,300.0000000,301.2000000,12521
RNFT,D,20201020,000000,304.0000000,309.8000000,300.0000000,306.8000000,5581
RNFT,D,20201021,000000,310.0000000,312.0000000,301.0000000,302.6000000,10764
RNFT,D,20201022,000000,306.6000000,317.0000000,302.0000000,305.8000000,3216
RNFT,D,20201023,000000,306.4000000,309.8000000,303.4000000,307.6000000,6511
RNFT,D,20201026,000000,308.6000000,308.8000000,290.4000000,299.2000000,13756
RNFT,D,20201027,000000,298.0000000,301.8000000,291.8000000,297.2000000,2099
RNFT,D,20201028,000000,297.4000000,297.4000000,289.8000000,290.0000000,5795
RNFT,D,20201029,000000,290.0000000,294.2000000,281.2000000,293.0000000,2452
RNFT,D,20201030,000000,290.2000000,292.8000000,264.2000000,290.0000000,2624
RNFT,D,20201102,000000,290.2000000,294.0000000,286.0000000,290.0000000,11745
RNFT,D,20201103,000000,293.8000000,300.0000000,287.0000000,295.2000000,11167
RNFT,D,20201105,000000,302.4000000,310.0000000,292.0000000,308.6000000,11118
RNFT,D,20201106,000000,301.2000000,307.6000000,293.2000000,299.2000000,20516
RNFT,D,20201109,000000,300.0000000,306.2000000,293.8000000,299.0000000,36585
RNFT,D,20201110,000000,299.4000000,305.8000000,296.0000000,300.0000000,22911
RNFT,D,20201111,000000,300.2000000,302.6000000,296.2000000,297.2000000,29909
RNFT,D,20201112,000000,297.2000000,299.0000000,293.2000000,298.8000000,12801
RNFT,D,20201113,000000,295.0000000,300.2000000,295.0000000,299.6000000,7936
RNFT,D,20201116,000000,300.0000000,303.0000000,298.8000000,301.4000000,22094
RNFT,D,20201117,000000,301.4000000,302.0000000,298.0000000,298.2000000,8829
RNFT,D,20201118,000000,298.4000000,299.6000000,296.8000000,298.0000000,10651
RNFT,D,20201119,000000,299.2000000,300.0000000,296.6000000,299.4000000,5969
RNFT,D,20201120,000000,300.0000000,301.0000000,294.4000000,295.8000000,17922
RNFT,D,20201123,000000,297.0000000,299.0000000,295.2000000,297.0000000,17271
RNFT,D,20201124,000000,295.2000000,299.0000000,294.8000000,295.6000000,21731
RNFT,D,20201125,000000,295.2000000,298.4000000,293.0000000,294.4000000,18329
RNFT,D,20201126,000000,295.0000000,300.0000000,293.6000000,295.2000000,8870
RNFT,D,20201127,000000,295.2000000,297.0000000,293.8000000,295.8000000,12832
RNFT,D,20201130,000000,294.2000000,295.8000000,293.0000000,294.4000000,8495
RNFT,D,20201201,000000,296.0000000,297.0000000,293.2000000,294.8000000,13478
RNFT,D,20201202,000000,294.8000000,295.2000000,290.4000000,294.2000000,11784
RNFT,D,20201203,000000,291.4000000,295.8000000,288.0000000,289.8000000,26889
RNFT,D,20201204,000000,289.0000000,294.8000000,286.0000000,288.0000000,33648
RNFT,D,20201207,000000,288.0000000,292.6000000,265.0000000,278.6000000,54263
RNFT,D,20201208,000000,280.0000000,284.0000000,275.0000000,275.8000000,26403
RNFT,D,20201209,000000,275.4000000,277.0000000,272.0000000,274.8000000,13562
RNFT,D,20201210,000000,273.6000000,276.4000000,264.0000000,265.6000000,25667
RNFT,D,20201211,000000,265.4000000,265.6000000,255.8000000,263.2000000,34961
RNFT,D,20201214,000000,264.2000000,267.6000000,260.0000000,260.2000000,33871
RNFT,D,20201215,000000,260.2000000,263.8000000,245.0000000,249.4000000,43474
RNFT,D,20201216,000000,256.0000000,256.0000000,238.4000000,240.0000000,77763
RNFT,D,20201217,000000,240.0000000,242.2000000,237.0000000,239.4000000,22696
RNFT,D,20201218,000000,240.0000000,243.0000000,235.6000000,238.4000000,18651
RNFT,D,20201221,000000,238.6000000,238.6000000,225.4000000,228.0000000,21612
RNFT,D,20201222,000000,227.4000000,235.0000000,224.0000000,230.8000000,22285
RNFT,D,20201223,000000,230.2000000,254.2000000,229.0000000,239.8000000,113241
RNFT,D,20201224,000000,242.0000000,249.4000000,231.2000000,238.4000000,62404
RNFT,D,20201225,000000,237.8000000,243.6000000,237.0000000,237.6000000,24210
RNFT,D,20201228,000000,238.0000000,241.8000000,233.0000000,236.2000000,26757
RNFT,D,20201229,000000,236.8000000,245.0000000,230.2000000,234.2000000,47556
RNFT,D,20201230,000000,235.0000000,239.4000000,232.6000000,233.0000000,15938
