SFIN,D,20151211,000000,587.0000000,587.0000000,570.0000000,570.0000000,97170
SFIN,D,20151214,000000,571.0000000,574.0000000,560.0000000,574.0000000,250360
SFIN,D,20151215,000000,574.0000000,574.0000000,569.0000000,569.0000000,200100
SFIN,D,20151216,000000,573.9000000,573.9000000,573.9000000,573.9000000,180000
SFIN,D,20151217,000000,560.0000000,572.0000000,560.0000000,571.9000000,154770
SFIN,D,20151218,000000,559.9000000,578.0000000,555.5000000,573.4000000,481710
SFIN,D,20151221,000000,559.5000000,574.2000000,559.5000000,574.2000000,399480
SFIN,D,20151222,000000,572.0000000,572.0000000,572.0000000,572.0000000,10
SFIN,D,20151223,000000,574.0000000,574.2000000,573.0000000,574.2000000,4510
SFIN,D,20151224,000000,575.5000000,575.8000000,574.0000000,574.5000000,791580
SFIN,D,20151225,000000,574.7000000,576.0000000,572.0000000,572.0000000,1170790
SFIN,D,20151228,000000,574.9000000,576.0000000,574.9000000,575.1000000,348960
SFIN,D,20151229,000000,574.5000000,574.8000000,574.5000000,574.8000000,4210
SFIN,D,20151230,000000,574.6000000,574.8000000,574.0000000,574.8000000,4340
SFIN,D,20160105,000000,571.0000000,571.0000000,571.0000000,571.0000000,10
SFIN,D,20160111,000000,575.0000000,575.2000000,575.0000000,575.2000000,4290
SFIN,D,20160112,000000,574.0000000,574.4000000,574.0000000,574.4000000,4410
SFIN,D,20160113,000000,574.8000000,575.0000000,574.8000000,575.0000000,3600
SFIN,D,20160114,000000,575.1000000,575.3000000,575.1000000,575.3000000,4050
SFIN,D,20160115,000000,570.5000000,575.0000000,562.0000000,574.5000000,3180
SFIN,D,20160118,000000,574.5000000,574.5000000,573.5000000,573.5000000,1350
SFIN,D,20160119,000000,574.5000000,575.1000000,574.2000000,574.2000000,3225480
SFIN,D,20160120,000000,574.0000000,575.0000000,574.0000000,574.2000000,2154140
SFIN,D,20160121,000000,574.8000000,575.1000000,574.0000000,574.0000000,124350
SFIN,D,20160122,000000,575.1000000,575.3000000,575.1000000,575.3000000,5220
SFIN,D,20160125,000000,575.0000000,575.4000000,575.0000000,575.4000000,5110
SFIN,D,20160126,000000,574.5000000,583.0000000,574.5000000,583.0000000,5110
SFIN,D,20160127,000000,583.5000000,583.5000000,581.0000000,582.0000000,451990
SFIN,D,20160128,000000,581.0000000,584.3000000,581.0000000,584.3000000,74760
SFIN,D,20160129,000000,582.0000000,584.5000000,582.0000000,584.5000000,455600
SFIN,D,20160201,000000,582.0000000,589.0000000,582.0000000,589.0000000,7510
SFIN,D,20160202,000000,584.0000000,586.0000000,584.0000000,585.0000000,11760
SFIN,D,20160203,000000,582.0000000,584.0000000,582.0000000,584.0000000,9750
SFIN,D,20160204,000000,581.0000000,583.0000000,581.0000000,583.0000000,9300
SFIN,D,20160205,000000,581.0000000,590.0000000,581.0000000,590.0000000,11420
SFIN,D,20160208,000000,581.0000000,584.0000000,581.0000000,584.0000000,11250
SFIN,D,20160209,000000,581.0000000,584.0000000,580.0000000,584.0000000,12640
SFIN,D,20160210,000000,582.0000000,585.0000000,580.0000000,585.0000000,7700
SFIN,D,20160211,000000,584.0000000,586.0000000,583.0000000,586.0000000,9130
SFIN,D,20160212,000000,584.0000000,589.0000000,583.0000000,589.0000000,9160
SFIN,D,20160215,000000,583.0000000,588.0000000,583.0000000,588.0000000,52370
SFIN,D,20160216,000000,585.0000000,588.0000000,584.0000000,585.0000000,190510
SFIN,D,20160217,000000,584.0000000,587.0000000,584.0000000,586.0000000,9590
SFIN,D,20160219,000000,577.0000000,588.0000000,577.0000000,588.0000000,11380
SFIN,D,20160220,000000,587.0000000,587.0000000,587.0000000,587.0000000,50
SFIN,D,20160224,000000,584.0000000,588.0000000,584.0000000,585.0000000,12030
SFIN,D,20160225,000000,584.0000000,584.0000000,584.0000000,584.0000000,10
SFIN,D,20160226,000000,577.0000000,577.0000000,576.0000000,576.0000000,30
SFIN,D,20160229,000000,585.0000000,585.0000000,585.0000000,585.0000000,180
SFIN,D,20160302,000000,575.0000000,589.0000000,575.0000000,585.0000000,560
SFIN,D,20160303,000000,587.0000000,589.0000000,587.0000000,589.0000000,13040
SFIN,D,20160304,000000,589.0000000,591.0000000,589.0000000,590.0000000,25600
SFIN,D,20160309,000000,590.0000000,600.0000000,581.0000000,598.0000000,45050
SFIN,D,20160310,000000,593.0000000,598.0000000,593.0000000,598.0000000,31470
SFIN,D,20160311,000000,598.0000000,598.0000000,597.0000000,598.0000000,220
SFIN,D,20160315,000000,592.0000000,598.0000000,591.0000000,593.0000000,208080
SFIN,D,20160316,000000,596.0000000,597.0000000,591.0000000,594.0000000,448470
SFIN,D,20160317,000000,598.0000000,598.0000000,586.0000000,586.0000000,208760
SFIN,D,20160318,000000,595.0000000,600.0000000,590.0000000,600.0000000,936300
SFIN,D,20160321,000000,593.0000000,595.0000000,593.0000000,595.0000000,9000
SFIN,D,20160322,000000,595.0000000,596.0000000,595.0000000,596.0000000,11980
SFIN,D,20160323,000000,595.0000000,596.0000000,595.0000000,596.0000000,12000
SFIN,D,20160324,000000,594.0000000,597.0000000,594.0000000,597.0000000,13510
SFIN,D,20160325,000000,601.0000000,602.0000000,594.0000000,595.0000000,174690
SFIN,D,20160328,000000,594.0000000,596.0000000,594.0000000,596.0000000,15000
SFIN,D,20160329,000000,594.0000000,595.0000000,594.0000000,595.0000000,15300
SFIN,D,20160330,000000,594.0000000,604.0000000,594.0000000,604.0000000,17510
SFIN,D,20160331,000000,597.0000000,597.0000000,596.0000000,596.0000000,16500
SFIN,D,20160401,000000,598.0000000,599.0000000,598.0000000,599.0000000,21020
SFIN,D,20160404,000000,591.0000000,597.0000000,400.0000000,597.0000000,12480
SFIN,D,20160405,000000,598.0000000,598.0000000,590.0000000,590.0000000,11340
SFIN,D,20160406,000000,597.0000000,599.0000000,597.0000000,598.0000000,14170
SFIN,D,20160407,000000,598.0000000,599.0000000,598.0000000,599.0000000,14020
SFIN,D,20160408,000000,598.0000000,600.0000000,598.0000000,599.0000000,25500
SFIN,D,20160411,000000,598.0000000,600.0000000,598.0000000,600.0000000,22520
SFIN,D,20160412,000000,599.0000000,601.0000000,599.0000000,600.0000000,21440
SFIN,D,20160413,000000,598.0000000,601.0000000,598.0000000,601.0000000,21270
SFIN,D,20160414,000000,600.0000000,601.0000000,600.0000000,601.0000000,15000
SFIN,D,20160415,000000,600.0000000,606.0000000,600.0000000,605.0000000,21220
SFIN,D,20160418,000000,600.0000000,602.0000000,600.0000000,601.0000000,23480
SFIN,D,20160419,000000,601.0000000,601.0000000,601.0000000,601.0000000,10500
SFIN,D,20160420,000000,601.0000000,606.0000000,591.0000000,600.0000000,13680
SFIN,D,20160421,000000,590.0000000,607.0000000,590.0000000,602.0000000,13570
SFIN,D,20160422,000000,602.0000000,603.0000000,591.0000000,591.0000000,15020
SFIN,D,20160425,000000,602.0000000,603.0000000,602.0000000,602.0000000,12000
SFIN,D,20160426,000000,602.0000000,603.0000000,602.0000000,603.0000000,15000
SFIN,D,20160427,000000,603.0000000,604.0000000,592.0000000,592.0000000,9010
SFIN,D,20160429,000000,608.0000000,608.0000000,608.0000000,608.0000000,10
SFIN,D,20160504,000000,602.0000000,603.0000000,602.0000000,603.0000000,21900
SFIN,D,20160505,000000,603.0000000,604.0000000,603.0000000,604.0000000,22500
SFIN,D,20160506,000000,605.0000000,610.0000000,603.0000000,604.0000000,18420
SFIN,D,20160510,000000,605.0000000,610.0000000,605.0000000,610.0000000,16440
SFIN,D,20160511,000000,606.0000000,607.0000000,606.0000000,606.0000000,17950
SFIN,D,20160512,000000,607.0000000,610.0000000,607.0000000,610.0000000,14170
SFIN,D,20160513,000000,607.0000000,608.0000000,607.0000000,608.0000000,18020
SFIN,D,20160516,000000,607.0000000,608.0000000,607.0000000,608.0000000,18000
SFIN,D,20160517,000000,608.0000000,609.0000000,608.0000000,609.0000000,20000
SFIN,D,20160518,000000,608.0000000,609.0000000,608.0000000,608.0000000,29250
SFIN,D,20160519,000000,608.0000000,609.0000000,608.0000000,608.0000000,9000
SFIN,D,20160520,000000,608.0000000,609.0000000,608.0000000,609.0000000,9000
SFIN,D,20160523,000000,609.0000000,609.0000000,600.0000000,608.0000000,9750
SFIN,D,20160524,000000,609.0000000,610.0000000,609.0000000,610.0000000,9000
SFIN,D,20160525,000000,610.0000000,610.0000000,608.0000000,609.0000000,116000
SFIN,D,20160526,000000,611.0000000,611.0000000,609.0000000,610.0000000,5210
SFIN,D,20160527,000000,609.0000000,611.0000000,609.0000000,610.0000000,9960
SFIN,D,20160530,000000,610.0000000,611.0000000,610.0000000,610.0000000,9000
SFIN,D,20160531,000000,611.0000000,612.0000000,611.0000000,612.0000000,3000
SFIN,D,20160601,000000,611.0000000,612.0000000,611.0000000,612.0000000,12000
SFIN,D,20160602,000000,611.0000000,612.0000000,611.0000000,612.0000000,15000
SFIN,D,20160603,000000,611.0000000,612.0000000,611.0000000,611.0000000,15010
SFIN,D,20160606,000000,611.0000000,612.0000000,611.0000000,612.0000000,11870
SFIN,D,20160607,000000,612.0000000,613.0000000,610.0000000,610.0000000,12020
SFIN,D,20160608,000000,612.0000000,613.0000000,612.0000000,613.0000000,12000
SFIN,D,20160609,000000,611.0000000,620.0000000,611.0000000,612.0000000,730980
SFIN,D,20160610,000000,612.0000000,620.0000000,612.0000000,620.0000000,18780
SFIN,D,20160614,000000,613.0000000,614.0000000,610.0000000,610.0000000,387510
SFIN,D,20160615,000000,613.0000000,615.0000000,613.0000000,615.0000000,10600
SFIN,D,20160616,000000,614.0000000,615.0000000,614.0000000,615.0000000,11000
SFIN,D,20160617,000000,614.0000000,615.0000000,614.0000000,615.0000000,10500
SFIN,D,20160620,000000,615.0000000,616.0000000,615.0000000,616.0000000,10520
SFIN,D,20160621,000000,615.0000000,616.0000000,615.0000000,616.0000000,10500
SFIN,D,20160622,000000,616.0000000,617.0000000,616.0000000,617.0000000,10500
SFIN,D,20160623,000000,617.0000000,618.0000000,617.0000000,618.0000000,9000
SFIN,D,20160624,000000,617.0000000,618.0000000,617.0000000,618.0000000,9070
SFIN,D,20160627,000000,618.0000000,619.0000000,617.0000000,619.0000000,7800
SFIN,D,20160628,000000,606.0000000,620.0000000,606.0000000,620.0000000,9010
SFIN,D,20160629,000000,620.0000000,624.0000000,620.0000000,624.0000000,8260
SFIN,D,20160630,000000,620.0000000,621.0000000,620.0000000,620.0000000,168840
SFIN,D,20160701,000000,620.0000000,620.0000000,617.0000000,619.0000000,232920
SFIN,D,20160704,000000,620.0000000,621.0000000,620.0000000,621.0000000,10740
SFIN,D,20160705,000000,621.0000000,621.0000000,621.0000000,621.0000000,15000
SFIN,D,20160706,000000,622.0000000,622.0000000,622.0000000,622.0000000,10500
SFIN,D,20160707,000000,621.0000000,622.0000000,621.0000000,622.0000000,129250
SFIN,D,20160708,000000,621.0000000,623.0000000,621.0000000,622.0000000,12220
SFIN,D,20160711,000000,622.0000000,623.0000000,622.0000000,623.0000000,10500
SFIN,D,20160712,000000,622.0000000,623.0000000,622.0000000,623.0000000,10530
SFIN,D,20160713,000000,623.0000000,623.0000000,623.0000000,623.0000000,12000
SFIN,D,20160714,000000,624.0000000,625.0000000,624.0000000,625.0000000,10500
SFIN,D,20160715,000000,625.0000000,626.0000000,625.0000000,626.0000000,10500
SFIN,D,20160718,000000,625.0000000,627.0000000,624.0000000,624.0000000,13930
SFIN,D,20160719,000000,628.0000000,629.0000000,624.0000000,624.0000000,13600
SFIN,D,20160720,000000,626.0000000,631.0000000,626.0000000,631.0000000,15020
SFIN,D,20160721,000000,632.0000000,632.0000000,620.0000000,628.0000000,24910
SFIN,D,20160722,000000,627.0000000,627.0000000,626.0000000,627.0000000,15000
SFIN,D,20160725,000000,628.0000000,629.0000000,627.0000000,629.0000000,15000
SFIN,D,20160726,000000,631.0000000,632.0000000,630.0000000,632.0000000,15130
SFIN,D,20160727,000000,634.0000000,634.0000000,630.0000000,634.0000000,29990
SFIN,D,20160728,000000,633.0000000,634.0000000,630.0000000,631.0000000,15020
SFIN,D,20160729,000000,632.0000000,635.0000000,631.0000000,633.0000000,19150
SFIN,D,20160801,000000,632.0000000,635.0000000,628.0000000,632.0000000,15020
SFIN,D,20160802,000000,632.0000000,633.0000000,632.0000000,633.0000000,15000
SFIN,D,20160803,000000,632.0000000,632.0000000,630.0000000,631.0000000,15010
SFIN,D,20160804,000000,628.0000000,634.0000000,628.0000000,634.0000000,15040
SFIN,D,20160805,000000,633.0000000,633.0000000,631.0000000,632.0000000,13000
SFIN,D,20160808,000000,633.0000000,634.0000000,628.0000000,633.0000000,18310
SFIN,D,20160809,000000,633.0000000,635.0000000,628.0000000,632.0000000,13870
SFIN,D,20160810,000000,632.0000000,633.0000000,632.0000000,633.0000000,15000
SFIN,D,20160811,000000,633.0000000,633.0000000,632.0000000,632.0000000,10000
SFIN,D,20160812,000000,632.0000000,634.0000000,631.0000000,634.0000000,20010
SFIN,D,20160815,000000,635.0000000,636.0000000,633.0000000,635.0000000,10320
SFIN,D,20160816,000000,633.0000000,634.0000000,632.0000000,634.0000000,15000
SFIN,D,20160817,000000,633.0000000,633.0000000,633.0000000,633.0000000,16500
SFIN,D,20160818,000000,633.0000000,635.0000000,633.0000000,635.0000000,16510
SFIN,D,20160819,000000,633.0000000,634.0000000,633.0000000,634.0000000,15000
SFIN,D,20160822,000000,633.0000000,633.0000000,633.0000000,633.0000000,18000
SFIN,D,20160823,000000,634.0000000,635.0000000,634.0000000,635.0000000,13500
SFIN,D,20160824,000000,634.0000000,634.0000000,634.0000000,634.0000000,21000
SFIN,D,20160825,000000,635.0000000,635.0000000,635.0000000,635.0000000,16550
SFIN,D,20160826,000000,635.0000000,636.0000000,634.0000000,634.0000000,22270
SFIN,D,20160829,000000,634.5000000,634.5000000,633.5000000,634.5000000,84880
SFIN,D,20160830,000000,634.5000000,634.5000000,634.5000000,634.5000000,6000
SFIN,D,20160831,000000,634.5000000,635.5000000,634.5000000,634.5000000,4520
SFIN,D,20160901,000000,634.5000000,635.0000000,631.0000000,635.0000000,21200
SFIN,D,20160902,000000,635.0000000,635.5000000,631.0000000,635.5000000,21640
SFIN,D,20160905,000000,634.5000000,636.0000000,634.5000000,636.0000000,97850
SFIN,D,20160906,000000,636.0000000,636.0000000,636.0000000,636.0000000,18000
SFIN,D,20160907,000000,636.0000000,637.0000000,636.0000000,637.0000000,17510
SFIN,D,20160908,000000,637.0000000,637.0000000,636.0000000,637.0000000,21350
SFIN,D,20160909,000000,637.0000000,647.5000000,637.0000000,647.0000000,3770
SFIN,D,20160912,000000,651.0000000,656.0000000,647.0000000,656.0000000,23460
SFIN,D,20160913,000000,655.0000000,655.0000000,655.0000000,655.0000000,20130
SFIN,D,20160914,000000,655.0000000,656.0000000,647.5000000,656.0000000,20760
SFIN,D,20160915,000000,655.5000000,655.5000000,655.5000000,655.5000000,13510
SFIN,D,20160916,000000,654.0000000,654.5000000,654.0000000,654.5000000,8000
SFIN,D,20160919,000000,654.5000000,655.5000000,654.5000000,655.5000000,18240
SFIN,D,20160920,000000,656.0000000,660.0000000,656.0000000,660.0000000,30700
SFIN,D,20160921,000000,660.0000000,667.0000000,652.0000000,667.0000000,218910
SFIN,D,20160922,000000,654.0000000,670.0000000,654.0000000,670.0000000,108510
SFIN,D,20160923,000000,675.0000000,679.5000000,661.5000000,675.5000000,54860
SFIN,D,20160926,000000,679.0000000,682.0000000,674.5000000,675.0000000,318180
SFIN,D,20160927,000000,673.5000000,676.5000000,671.0000000,671.0000000,4040
SFIN,D,20160928,000000,672.0000000,675.5000000,669.0000000,675.5000000,135890
SFIN,D,20160929,000000,673.5000000,675.0000000,671.0000000,671.0000000,190
SFIN,D,20160930,000000,671.0000000,676.5000000,670.5000000,676.5000000,250
SFIN,D,20161003,000000,675.0000000,675.0000000,673.5000000,673.5000000,150
SFIN,D,20161004,000000,672.5000000,672.5000000,664.0000000,664.0000000,20910
SFIN,D,20161005,000000,662.5000000,662.5000000,660.0000000,660.0000000,14000
SFIN,D,20161006,000000,660.0000000,680.0000000,658.0000000,680.0000000,7510
SFIN,D,20161007,000000,674.0000000,674.5000000,674.0000000,674.0000000,7030
SFIN,D,20161010,000000,680.0000000,685.0000000,679.5000000,685.0000000,160
SFIN,D,20161011,000000,686.0000000,686.0000000,686.0000000,686.0000000,12000
SFIN,D,20161012,000000,688.5000000,690.0000000,688.5000000,690.0000000,30
SFIN,D,20161013,000000,695.0000000,696.0000000,694.5000000,696.0000000,140
SFIN,D,20161014,000000,709.5000000,709.5000000,703.5000000,703.5000000,110
SFIN,D,20161017,000000,705.5000000,705.5000000,704.0000000,704.0000000,30
SFIN,D,20161018,000000,707.5000000,708.0000000,707.0000000,707.0000000,70
SFIN,D,20161019,000000,710.5000000,714.0000000,710.5000000,714.0000000,440
SFIN,D,20161020,000000,714.5000000,716.0000000,714.0000000,714.0000000,40
SFIN,D,20161021,000000,717.5000000,718.0000000,714.0000000,714.0000000,50
SFIN,D,20161024,000000,718.5000000,721.0000000,712.0000000,721.0000000,210
SFIN,D,20161025,000000,723.5000000,723.5000000,717.5000000,717.5000000,6820
SFIN,D,20161026,000000,720.0000000,720.0000000,720.0000000,720.0000000,90
SFIN,D,20161027,000000,720.0000000,720.0000000,718.0000000,718.0000000,11630
SFIN,D,20161028,000000,717.5000000,717.5000000,716.0000000,716.0000000,140
SFIN,D,20161031,000000,716.0000000,720.0000000,710.0000000,718.0000000,820
SFIN,D,20161101,000000,727.5000000,730.5000000,717.0000000,730.5000000,25260
SFIN,D,20161102,000000,737.0000000,737.0000000,732.0000000,732.0000000,5090
SFIN,D,20161103,000000,737.5000000,737.5000000,735.5000000,736.0000000,970
SFIN,D,20161107,000000,738.5000000,741.0000000,738.5000000,741.0000000,160
SFIN,D,20161108,000000,741.5000000,744.0000000,741.5000000,744.0000000,300
SFIN,D,20161109,000000,744.0000000,744.5000000,738.0000000,738.5000000,290
SFIN,D,20161110,000000,737.0000000,737.0000000,736.0000000,737.0000000,210
SFIN,D,20161111,000000,741.0000000,741.5000000,741.0000000,741.5000000,20
SFIN,D,20161114,000000,744.0000000,744.0000000,744.0000000,744.0000000,10
SFIN,D,20161115,000000,744.5000000,746.0000000,744.5000000,746.0000000,30
SFIN,D,20161117,000000,741.5000000,744.0000000,741.0000000,744.0000000,50
SFIN,D,20161118,000000,742.0000000,745.5000000,742.0000000,745.5000000,40
SFIN,D,20161121,000000,745.0000000,745.0000000,741.5000000,741.5000000,20
SFIN,D,20161122,000000,745.5000000,745.5000000,745.0000000,745.0000000,30
SFIN,D,20161123,000000,743.5000000,744.0000000,743.5000000,744.0000000,20550
SFIN,D,20161124,000000,741.0000000,741.0000000,740.5000000,740.5000000,6780
SFIN,D,20161125,000000,735.5000000,735.5000000,734.0000000,735.0000000,7040
SFIN,D,20161128,000000,729.0000000,732.0000000,727.0000000,728.0000000,19150
SFIN,D,20161129,000000,726.0000000,729.0000000,723.0000000,723.0000000,2223200
SFIN,D,20161130,000000,727.0000000,727.0000000,716.0000000,716.0000000,1720
SFIN,D,20161201,000000,708.0000000,730.5000000,706.0000000,730.0000000,7910
SFIN,D,20161202,000000,730.0000000,732.5000000,727.0000000,732.0000000,11880
SFIN,D,20161205,000000,730.0000000,730.0000000,729.0000000,729.0000000,7050
SFIN,D,20161206,000000,729.0000000,729.5000000,724.0000000,728.5000000,4040
SFIN,D,20161207,000000,729.5000000,730.0000000,725.0000000,729.0000000,17360
SFIN,D,20161208,000000,733.5000000,733.5000000,726.0000000,726.0000000,25610
SFIN,D,20161209,000000,725.0000000,732.0000000,722.0000000,722.5000000,12710
SFIN,D,20161212,000000,729.0000000,729.0000000,725.0000000,728.0000000,21080
SFIN,D,20161213,000000,726.0000000,729.0000000,725.0000000,728.0000000,21210
SFIN,D,20161214,000000,731.0000000,731.0000000,722.0000000,722.0000000,15860
SFIN,D,20161215,000000,726.0000000,727.5000000,726.0000000,726.5000000,14210
SFIN,D,20161216,000000,728.0000000,728.0000000,725.0000000,727.0000000,11480
SFIN,D,20161219,000000,723.0000000,725.5000000,719.5000000,724.0000000,17870
SFIN,D,20161220,000000,723.5000000,723.5000000,722.0000000,722.0000000,12400
SFIN,D,20161221,000000,723.0000000,725.0000000,721.5000000,725.0000000,30080
SFIN,D,20161222,000000,724.0000000,728.0000000,720.0000000,720.5000000,29760
SFIN,D,20161223,000000,724.0000000,725.5000000,722.0000000,724.0000000,21140
SFIN,D,20161226,000000,720.5000000,724.5000000,720.0000000,724.5000000,31220
SFIN,D,20161227,000000,723.0000000,725.0000000,723.0000000,725.0000000,23150
SFIN,D,20161228,000000,725.5000000,729.0000000,723.5000000,724.0000000,13960
SFIN,D,20161229,000000,724.0000000,726.0000000,722.5000000,723.5000000,8740
SFIN,D,20161230,000000,726.0000000,726.0000000,722.5000000,723.5000000,7960
SFIN,D,20170103,000000,723.0000000,723.5000000,723.0000000,723.0000000,1300
SFIN,D,20170104,000000,723.5000000,724.5000000,723.0000000,723.5000000,5050
SFIN,D,20170105,000000,721.5000000,729.0000000,525.5000000,719.0000000,9700
SFIN,D,20170106,000000,720.5000000,725.0000000,719.5000000,720.5000000,5960
SFIN,D,20170109,000000,721.0000000,726.0000000,719.5000000,724.5000000,17500
SFIN,D,20170110,000000,725.0000000,731.5000000,723.5000000,729.0000000,13770
SFIN,D,20170111,000000,727.0000000,727.5000000,726.0000000,726.5000000,21070
SFIN,D,20170112,000000,727.0000000,728.5000000,727.0000000,728.0000000,17270
SFIN,D,20170113,000000,727.0000000,730.0000000,726.5000000,728.5000000,10380
SFIN,D,20170116,000000,727.5000000,728.5000000,727.0000000,727.5000000,15690
SFIN,D,20170117,000000,727.5000000,728.0000000,725.0000000,725.0000000,12820
SFIN,D,20170118,000000,729.5000000,729.5000000,727.5000000,728.0000000,13800
SFIN,D,20170119,000000,727.5000000,729.0000000,727.5000000,728.5000000,16480
SFIN,D,20170120,000000,728.5000000,729.0000000,728.5000000,728.5000000,7810
SFIN,D,20170123,000000,728.5000000,729.0000000,727.5000000,728.0000000,20700
SFIN,D,20170124,000000,723.5000000,730.0000000,710.0000000,729.5000000,18840
SFIN,D,20170125,000000,730.5000000,732.0000000,730.0000000,731.5000000,15700
SFIN,D,20170126,000000,729.0000000,731.5000000,729.0000000,730.5000000,22130
SFIN,D,20170127,000000,730.5000000,730.5000000,729.0000000,730.5000000,23250
SFIN,D,20170130,000000,731.0000000,731.0000000,729.0000000,730.5000000,19780
SFIN,D,20170131,000000,730.5000000,736.0000000,728.5000000,736.0000000,21750
SFIN,D,20170201,000000,733.0000000,735.5000000,732.5000000,735.0000000,24390
SFIN,D,20170202,000000,733.0000000,735.5000000,732.5000000,734.5000000,16460
SFIN,D,20170203,000000,734.0000000,735.0000000,732.5000000,734.5000000,16790
SFIN,D,20170206,000000,734.5000000,735.5000000,734.5000000,735.5000000,19050
SFIN,D,20170207,000000,734.5000000,735.0000000,731.0000000,731.0000000,24070
SFIN,D,20170208,000000,732.0000000,734.0000000,731.0000000,732.0000000,17740
SFIN,D,20170209,000000,733.5000000,734.0000000,732.0000000,733.0000000,17490
SFIN,D,20170210,000000,733.5000000,734.0000000,733.0000000,733.0000000,18370
SFIN,D,20170213,000000,733.5000000,734.0000000,733.0000000,733.0000000,18900
SFIN,D,20170214,000000,735.5000000,743.0000000,733.0000000,738.5000000,18520
SFIN,D,20170215,000000,737.0000000,739.0000000,737.0000000,738.0000000,18690
SFIN,D,20170216,000000,736.0000000,739.0000000,731.5000000,737.0000000,20310
SFIN,D,20170217,000000,739.5000000,740.0000000,737.0000000,739.0000000,15860
SFIN,D,20170220,000000,738.0000000,738.5000000,735.5000000,735.5000000,18660
SFIN,D,20170221,000000,738.0000000,740.0000000,735.0000000,735.0000000,21960
SFIN,D,20170222,000000,732.5000000,738.5000000,731.0000000,736.5000000,17040
SFIN,D,20170224,000000,734.0000000,739.0000000,734.0000000,736.5000000,5490
SFIN,D,20170227,000000,732.5000000,738.0000000,732.5000000,735.0000000,19630
SFIN,D,20170228,000000,735.0000000,735.0000000,731.5000000,733.5000000,14680
SFIN,D,20170301,000000,732.5000000,737.5000000,731.5000000,737.0000000,18930
SFIN,D,20170302,000000,736.5000000,945.0000000,736.5000000,755.5000000,35390
SFIN,D,20170303,000000,750.0000000,762.0000000,748.0000000,754.0000000,46770
SFIN,D,20170306,000000,750.0000000,756.0000000,748.5000000,753.5000000,43510
SFIN,D,20170307,000000,750.0000000,755.0000000,749.0000000,753.0000000,27660
SFIN,D,20170309,000000,749.5000000,780.0000000,749.0000000,750.0000000,67180
SFIN,D,20170310,000000,750.0000000,756.0000000,749.5000000,751.0000000,88600
SFIN,D,20170313,000000,751.0000000,767.0000000,751.0000000,759.0000000,77500
SFIN,D,20170314,000000,759.0000000,762.5000000,753.5000000,758.0000000,56230
SFIN,D,20170315,000000,757.5000000,764.0000000,753.0000000,755.0000000,71770
SFIN,D,20170316,000000,757.5000000,759.5000000,752.0000000,752.5000000,27320
SFIN,D,20170317,000000,755.5000000,758.5000000,715.0000000,715.0000000,246630
SFIN,D,20170320,000000,728.0000000,751.0000000,728.0000000,737.5000000,16440
SFIN,D,20170321,000000,745.0000000,748.0000000,745.0000000,746.0000000,16640
SFIN,D,20170322,000000,747.0000000,747.5000000,742.0000000,742.0000000,14150
SFIN,D,20170323,000000,743.0000000,746.5000000,738.0000000,738.0000000,15180
SFIN,D,20170324,000000,743.0000000,748.5000000,740.5000000,740.5000000,16820
SFIN,D,20170327,000000,745.5000000,746.0000000,742.0000000,742.0000000,13820
SFIN,D,20170328,000000,742.0000000,745.0000000,730.0000000,742.5000000,20280
SFIN,D,20170329,000000,745.0000000,747.0000000,742.5000000,743.5000000,20280
SFIN,D,20170330,000000,743.0000000,750.5000000,743.0000000,749.5000000,21560
SFIN,D,20170331,000000,749.0000000,755.0000000,749.0000000,749.5000000,21290
SFIN,D,20170403,000000,750.0000000,756.0000000,750.0000000,755.0000000,21890
SFIN,D,20170404,000000,754.5000000,757.0000000,740.5000000,740.5000000,36710
SFIN,D,20170405,000000,748.5000000,756.0000000,748.0000000,749.0000000,33990
SFIN,D,20170406,000000,753.5000000,758.0000000,749.5000000,755.0000000,31690
SFIN,D,20170407,000000,757.0000000,759.5000000,755.0000000,755.5000000,20260
SFIN,D,20170410,000000,758.5000000,761.0000000,754.0000000,757.0000000,31610
SFIN,D,20170411,000000,772.0000000,772.0000000,754.5000000,755.0000000,27380
SFIN,D,20170412,000000,757.5000000,760.5000000,737.0000000,737.0000000,27340
SFIN,D,20170413,000000,750.0000000,759.0000000,750.0000000,751.5000000,19500
SFIN,D,20170414,000000,758.0000000,758.5000000,751.0000000,752.5000000,20270
SFIN,D,20170417,000000,755.5000000,758.0000000,752.5000000,755.0000000,26910
SFIN,D,20170418,000000,754.5000000,758.5000000,754.0000000,754.0000000,21640
SFIN,D,20170419,000000,755.5000000,760.0000000,754.5000000,760.0000000,28330
SFIN,D,20170420,000000,757.0000000,760.0000000,756.0000000,759.0000000,36100
SFIN,D,20170421,000000,759.0000000,760.5000000,757.0000000,760.5000000,29320
SFIN,D,20170424,000000,759.5000000,759.5000000,757.0000000,759.0000000,26910
SFIN,D,20170425,000000,758.0000000,760.0000000,755.5000000,759.0000000,28250
SFIN,D,20170426,000000,760.0000000,762.0000000,757.0000000,761.0000000,87230
SFIN,D,20170427,000000,762.0000000,773.0000000,762.0000000,771.5000000,31540
SFIN,D,20170428,000000,772.0000000,776.5000000,767.5000000,767.5000000,25450
SFIN,D,20170502,000000,775.0000000,775.0000000,763.0000000,766.0000000,86930
SFIN,D,20170503,000000,769.0000000,770.0000000,765.5000000,765.5000000,20000
SFIN,D,20170504,000000,766.0000000,767.5000000,763.5000000,766.5000000,24570
SFIN,D,20170505,000000,768.5000000,770.5000000,767.5000000,768.0000000,27150
SFIN,D,20170510,000000,766.0000000,774.0000000,765.5000000,773.5000000,20590
SFIN,D,20170511,000000,773.5000000,773.5000000,765.5000000,765.5000000,32230
SFIN,D,20170512,000000,768.0000000,769.5000000,765.0000000,766.0000000,24560
SFIN,D,20170515,000000,769.0000000,769.5000000,766.0000000,766.5000000,21580
SFIN,D,20170516,000000,766.0000000,770.5000000,763.0000000,766.5000000,19810
SFIN,D,20170517,000000,769.0000000,769.0000000,764.0000000,767.0000000,22870
SFIN,D,20170518,000000,768.0000000,768.0000000,761.0000000,766.5000000,31060
SFIN,D,20170519,000000,767.0000000,769.5000000,763.5000000,764.0000000,23900
SFIN,D,20170522,000000,764.0000000,766.0000000,760.0000000,761.5000000,21070
SFIN,D,20170523,000000,765.0000000,769.5000000,759.0000000,760.5000000,25820
SFIN,D,20170524,000000,763.5000000,771.5000000,753.0000000,753.0000000,22440
SFIN,D,20170525,000000,759.0000000,766.5000000,756.0000000,756.0000000,29220
SFIN,D,20170526,000000,756.0000000,766.5000000,755.5000000,759.5000000,82980
SFIN,D,20170529,000000,762.5000000,771.5000000,762.5000000,771.0000000,20440
SFIN,D,20170530,000000,768.0000000,771.0000000,764.0000000,764.0000000,20630
SFIN,D,20170531,000000,765.0000000,770.0000000,760.0000000,764.0000000,91820
SFIN,D,20170601,000000,766.0000000,770.5000000,757.5000000,767.0000000,32120
SFIN,D,20170602,000000,767.5000000,767.5000000,765.5000000,766.0000000,19880
SFIN,D,20170605,000000,770.5000000,771.0000000,765.0000000,765.0000000,20930
SFIN,D,20170606,000000,766.0000000,766.0000000,759.0000000,762.0000000,24020
SFIN,D,20170607,000000,760.0000000,760.5000000,755.0000000,758.0000000,23620
SFIN,D,20170608,000000,755.0000000,760.5000000,754.5000000,759.0000000,20560
SFIN,D,20170609,000000,756.5000000,757.5000000,754.5000000,756.5000000,20920
SFIN,D,20170613,000000,779.0000000,780.5000000,765.0000000,771.5000000,96580
SFIN,D,20170614,000000,769.0000000,771.0000000,768.5000000,771.0000000,38990
SFIN,D,20170615,000000,771.0000000,779.5000000,770.0000000,770.0000000,211590
SFIN,D,20170616,000000,769.5000000,771.0000000,754.0000000,754.0000000,240600
SFIN,D,20170619,000000,768.0000000,768.0000000,763.0000000,763.5000000,23960
SFIN,D,20170620,000000,763.0000000,768.0000000,759.5000000,766.0000000,37570
SFIN,D,20170621,000000,766.5000000,774.0000000,765.5000000,770.5000000,609660
SFIN,D,20170622,000000,773.5000000,781.5000000,769.5000000,781.5000000,1413480
SFIN,D,20170623,000000,780.0000000,780.5000000,775.0000000,777.0000000,23010
SFIN,D,20170626,000000,775.0000000,786.0000000,771.5000000,780.0000000,1061780
SFIN,D,20170627,000000,776.0000000,781.0000000,772.5000000,778.5000000,278450
SFIN,D,20170628,000000,779.0000000,805.0000000,775.0000000,781.5000000,162710
SFIN,D,20170629,000000,784.0000000,784.0000000,778.0000000,778.0000000,21250
SFIN,D,20170630,000000,778.5000000,782.5000000,778.0000000,780.0000000,22930
SFIN,D,20170703,000000,784.0000000,786.5000000,770.5000000,771.0000000,210110
SFIN,D,20170704,000000,770.5000000,776.5000000,757.0000000,757.0000000,67640
SFIN,D,20170705,000000,758.5000000,775.0000000,757.5000000,775.0000000,74850
SFIN,D,20170706,000000,769.5000000,769.5000000,765.5000000,766.5000000,65960
SFIN,D,20170707,000000,768.5000000,769.0000000,765.0000000,765.0000000,65750
SFIN,D,20170710,000000,769.0000000,784.0000000,767.5000000,784.0000000,78410
SFIN,D,20170711,000000,783.5000000,783.5000000,777.5000000,777.5000000,66750
SFIN,D,20170712,000000,777.5000000,780.5000000,771.5000000,773.5000000,67340
SFIN,D,20170713,000000,775.0000000,777.0000000,773.5000000,773.5000000,70080
SFIN,D,20170714,000000,773.5000000,774.5000000,772.0000000,772.0000000,67130
SFIN,D,20170717,000000,772.5000000,773.5000000,769.5000000,773.5000000,71730
SFIN,D,20170718,000000,774.5000000,776.0000000,771.0000000,772.5000000,64920
SFIN,D,20170719,000000,775.5000000,781.0000000,772.0000000,781.0000000,75700
SFIN,D,20170720,000000,780.5000000,780.5000000,772.5000000,774.5000000,79640
SFIN,D,20170721,000000,776.5000000,784.0000000,774.0000000,784.0000000,93820
SFIN,D,20170724,000000,782.0000000,787.0000000,780.0000000,785.5000000,71070
SFIN,D,20170725,000000,782.0000000,784.0000000,769.0000000,769.0000000,74840
SFIN,D,20170726,000000,772.0000000,775.5000000,768.5000000,769.5000000,66000
SFIN,D,20170727,000000,774.0000000,775.5000000,771.0000000,775.5000000,68250
SFIN,D,20170728,000000,774.5000000,775.0000000,770.5000000,773.5000000,65870
SFIN,D,20170731,000000,770.5000000,784.0000000,769.5000000,780.5000000,242470
SFIN,D,20170801,000000,781.0000000,782.0000000,780.0000000,781.0000000,69670
SFIN,D,20170802,000000,781.5000000,783.5000000,774.5000000,778.5000000,195160
SFIN,D,20170803,000000,780.0000000,795.0000000,780.0000000,795.0000000,74960
SFIN,D,20170804,000000,789.5000000,792.0000000,773.5000000,773.5000000,3321420
SFIN,D,20170807,000000,774.0000000,777.0000000,774.0000000,774.5000000,55210
SFIN,D,20170808,000000,774.5000000,774.5000000,773.0000000,773.0000000,60550
SFIN,D,20170809,000000,775.0000000,775.5000000,773.5000000,774.0000000,59270
SFIN,D,20170810,000000,774.0000000,775.5000000,774.0000000,775.5000000,57210
SFIN,D,20170811,000000,775.5000000,775.5000000,774.0000000,775.0000000,57080
SFIN,D,20170814,000000,774.5000000,775.0000000,771.5000000,771.5000000,57080
SFIN,D,20170815,000000,772.5000000,786.0000000,772.0000000,786.0000000,72050
SFIN,D,20170816,000000,787.5000000,789.0000000,777.0000000,777.5000000,2592390
SFIN,D,20170817,000000,782.5000000,807.0000000,782.0000000,799.0000000,85000
SFIN,D,20170818,000000,804.0000000,804.0000000,793.0000000,793.0000000,60450
SFIN,D,20170821,000000,820.0000000,820.0000000,793.0000000,798.0000000,185730
SFIN,D,20170822,000000,800.5000000,801.5000000,790.0000000,793.5000000,7551520
SFIN,D,20170823,000000,796.5000000,799.5000000,777.0000000,786.0000000,61730
SFIN,D,20170824,000000,785.5000000,790.5000000,779.0000000,779.5000000,56610
SFIN,D,20170825,000000,778.5000000,786.0000000,778.5000000,781.0000000,63270
SFIN,D,20170828,000000,783.0000000,787.0000000,780.0000000,780.0000000,60690
SFIN,D,20170829,000000,781.0000000,781.0000000,761.0000000,761.0000000,902690
SFIN,D,20170830,000000,767.5000000,776.5000000,762.0000000,766.0000000,2172530
SFIN,D,20170831,000000,768.5000000,786.0000000,766.0000000,782.5000000,82100
SFIN,D,20170901,000000,773.0000000,783.5000000,773.0000000,777.0000000,76500
SFIN,D,20170904,000000,776.0000000,783.5000000,776.0000000,782.5000000,129710
SFIN,D,20170905,000000,782.0000000,783.5000000,778.5000000,782.5000000,69050
SFIN,D,20170906,000000,781.5000000,784.0000000,778.0000000,781.5000000,73810
SFIN,D,20170907,000000,784.5000000,786.5000000,781.0000000,786.0000000,77740
SFIN,D,20170908,000000,785.0000000,786.5000000,781.5000000,781.5000000,83400
SFIN,D,20170911,000000,783.0000000,788.5000000,783.0000000,788.0000000,74210
SFIN,D,20170912,000000,788.0000000,789.5000000,784.0000000,789.5000000,74230
SFIN,D,20170913,000000,788.5000000,790.0000000,784.0000000,787.5000000,90280
SFIN,D,20170914,000000,788.5000000,789.0000000,701.0000000,733.0000000,86170
SFIN,D,20170915,000000,760.0000000,780.0000000,720.0000000,743.5000000,198370
SFIN,D,20170918,000000,758.5000000,762.5000000,720.0000000,759.0000000,265540
SFIN,D,20170919,000000,736.5000000,752.0000000,726.0000000,745.0000000,106900
SFIN,D,20170920,000000,721.5000000,732.0000000,671.0000000,686.0000000,84410
SFIN,D,20170921,000000,684.0000000,770.0000000,603.0000000,709.5000000,114120
SFIN,D,20170922,000000,709.5000000,769.5000000,709.5000000,759.5000000,45910
SFIN,D,20170925,000000,753.0000000,755.5000000,711.0000000,715.0000000,58130
SFIN,D,20170926,000000,712.5000000,729.0000000,676.0000000,677.0000000,65050
SFIN,D,20170927,000000,676.5000000,720.0000000,641.5000000,641.5000000,65100
SFIN,D,20170928,000000,639.0000000,716.5000000,639.0000000,690.0000000,84550
SFIN,D,20170929,000000,696.5000000,712.0000000,656.5000000,712.0000000,63860
SFIN,D,20171002,000000,676.0000000,715.5000000,676.0000000,706.0000000,62180
SFIN,D,20171003,000000,702.5000000,703.0000000,695.5000000,698.0000000,55570
SFIN,D,20171004,000000,690.5000000,699.0000000,685.0000000,690.0000000,57980
SFIN,D,20171005,000000,682.0000000,709.5000000,682.0000000,699.5000000,51220
SFIN,D,20171006,000000,691.5000000,707.5000000,688.0000000,700.0000000,49790
SFIN,D,20171009,000000,689.5000000,700.5000000,687.0000000,696.5000000,64920
SFIN,D,20171010,000000,698.0000000,712.5000000,697.0000000,711.0000000,50670
SFIN,D,20171011,000000,704.5000000,708.0000000,689.5000000,696.0000000,62480
SFIN,D,20171012,000000,691.0000000,710.0000000,690.0000000,695.0000000,57710
SFIN,D,20171013,000000,706.5000000,709.0000000,697.5000000,702.0000000,57100
SFIN,D,20171016,000000,696.0000000,729.0000000,696.0000000,707.0000000,83040
SFIN,D,20171017,000000,701.5000000,777.0000000,700.0000000,710.5000000,60450
SFIN,D,20171018,000000,715.5000000,727.5000000,705.0000000,727.0000000,57000
SFIN,D,20171019,000000,721.0000000,729.0000000,710.0000000,728.0000000,58010
SFIN,D,20171020,000000,721.5000000,761.0000000,720.5000000,748.0000000,90820
SFIN,D,20171023,000000,755.0000000,755.0000000,721.0000000,736.5000000,54610
SFIN,D,20171024,000000,737.5000000,740.0000000,697.5000000,708.0000000,60130
SFIN,D,20171025,000000,707.5000000,726.0000000,690.0000000,705.0000000,56620
SFIN,D,20171026,000000,712.0000000,755.0000000,709.5000000,755.0000000,57680
SFIN,D,20171027,000000,744.0000000,800.0000000,744.0000000,762.0000000,56020
SFIN,D,20171030,000000,764.5000000,770.0000000,758.0000000,764.5000000,56600
SFIN,D,20171031,000000,765.0000000,767.0000000,762.0000000,767.0000000,61160
SFIN,D,20171101,000000,757.0000000,757.0000000,729.0000000,729.0000000,54210
SFIN,D,20171102,000000,732.0000000,754.0000000,726.5000000,731.0000000,59080
SFIN,D,20171103,000000,732.5000000,744.0000000,727.5000000,738.0000000,54690
SFIN,D,20171107,000000,737.0000000,740.0000000,701.0000000,701.5000000,58010
SFIN,D,20171108,000000,701.5000000,719.0000000,699.0000000,707.0000000,56630
SFIN,D,20171109,000000,710.0000000,719.5000000,704.0000000,712.5000000,57650
SFIN,D,20171110,000000,718.5000000,718.5000000,703.5000000,707.5000000,57270
SFIN,D,20171113,000000,696.5000000,710.0000000,696.5000000,707.5000000,56630
SFIN,D,20171114,000000,704.0000000,712.0000000,701.0000000,708.5000000,57710
SFIN,D,20171115,000000,700.0000000,712.0000000,700.0000000,701.0000000,59300
SFIN,D,20171116,000000,701.5000000,714.5000000,685.0000000,714.5000000,58270
SFIN,D,20171117,000000,704.5000000,713.5000000,690.0000000,695.0000000,58870
SFIN,D,20171120,000000,695.0000000,708.0000000,695.0000000,698.0000000,57330
SFIN,D,20171121,000000,706.0000000,706.0000000,685.5000000,687.5000000,725420
SFIN,D,20171122,000000,702.5000000,703.0000000,688.0000000,695.5000000,57510
SFIN,D,20171123,000000,693.5000000,698.5000000,667.5000000,676.5000000,59060
SFIN,D,20171124,000000,679.0000000,679.5000000,650.0000000,658.5000000,62660
SFIN,D,20171127,000000,659.5000000,659.5000000,635.5000000,637.0000000,342270
SFIN,D,20171128,000000,655.0000000,658.5000000,630.0000000,634.5000000,66640
SFIN,D,20171129,000000,653.0000000,653.0000000,625.0000000,629.5000000,64530
SFIN,D,20171130,000000,634.5000000,676.5000000,615.0000000,619.5000000,63740
SFIN,D,20171201,000000,621.5000000,636.0000000,620.0000000,625.0000000,67220
SFIN,D,20171204,000000,626.5000000,646.0000000,626.5000000,640.0000000,63050
SFIN,D,20171205,000000,637.0000000,722.0000000,636.0000000,722.0000000,64530
SFIN,D,20171206,000000,713.0000000,715.0000000,670.0000000,676.0000000,63270
SFIN,D,20171207,000000,676.0000000,708.0000000,676.0000000,708.0000000,51650
SFIN,D,20171208,000000,687.5000000,705.0000000,687.5000000,696.0000000,51530
SFIN,D,20171211,000000,700.5000000,719.0000000,700.0000000,717.0000000,124340
SFIN,D,20171212,000000,717.5000000,735.0000000,717.5000000,731.5000000,50100
SFIN,D,20171213,000000,731.0000000,749.0000000,731.0000000,747.0000000,48460
SFIN,D,20171214,000000,747.0000000,762.5000000,700.0000000,731.5000000,54870
SFIN,D,20171215,000000,703.0000000,744.5000000,684.5000000,710.0000000,56130
SFIN,D,20171218,000000,704.5000000,743.5000000,700.0000000,719.0000000,48420
SFIN,D,20171219,000000,724.0000000,724.5000000,713.0000000,722.5000000,48940
SFIN,D,20171220,000000,721.5000000,765.0000000,718.0000000,765.0000000,49580
SFIN,D,20171221,000000,750.0000000,750.0000000,748.0000000,749.0000000,50390
SFIN,D,20171222,000000,750.0000000,779.0000000,749.5000000,768.0000000,47460
SFIN,D,20171225,000000,778.5000000,785.0000000,737.0000000,785.0000000,47250
SFIN,D,20171226,000000,785.5000000,785.5000000,756.0000000,784.5000000,48160
SFIN,D,20171227,000000,760.0000000,760.0000000,758.0000000,759.0000000,48390
SFIN,D,20171228,000000,784.0000000,785.0000000,743.5000000,785.0000000,17730
SFIN,D,20171229,000000,759.5000000,759.5000000,737.0000000,737.0000000,3460
SFIN,D,20180103,000000,773.0000000,781.5000000,762.0000000,780.0000000,21490
SFIN,D,20180104,000000,770.0000000,790.0000000,770.0000000,789.0000000,20870
SFIN,D,20180105,000000,800.0000000,820.0000000,776.0000000,776.5000000,29620
SFIN,D,20180109,000000,762.0000000,783.5000000,762.0000000,770.0000000,151360
SFIN,D,20180110,000000,773.0000000,780.0000000,765.5000000,780.0000000,75160
SFIN,D,20180111,000000,765.0000000,783.5000000,765.0000000,770.5000000,45180
SFIN,D,20180112,000000,782.5000000,782.5000000,770.0000000,779.0000000,46660
SFIN,D,20180115,000000,755.0000000,784.5000000,746.0000000,779.5000000,45720
SFIN,D,20180116,000000,780.0000000,780.0000000,772.0000000,778.0000000,46180
SFIN,D,20180117,000000,752.0000000,785.5000000,649.5000000,761.5000000,46850
SFIN,D,20180118,000000,763.5000000,765.0000000,751.0000000,765.0000000,53480
SFIN,D,20180119,000000,767.0000000,773.0000000,767.0000000,767.0000000,45560
SFIN,D,20180122,000000,769.0000000,770.0000000,749.5000000,749.5000000,45720
SFIN,D,20180123,000000,769.5000000,770.0000000,767.0000000,769.0000000,46270
SFIN,D,20180124,000000,765.5000000,765.5000000,753.0000000,764.0000000,46060
SFIN,D,20180125,000000,769.0000000,770.0000000,750.0000000,750.0000000,46810
SFIN,D,20180126,000000,753.0000000,754.0000000,735.0000000,735.0000000,48120
SFIN,D,20180129,000000,725.5000000,739.5000000,720.0000000,722.0000000,41230
SFIN,D,20180130,000000,724.0000000,754.0000000,724.0000000,754.0000000,48770
SFIN,D,20180131,000000,759.0000000,760.0000000,751.0000000,751.0000000,65220
SFIN,D,20180201,000000,758.5000000,759.5000000,757.5000000,758.0000000,46150
SFIN,D,20180202,000000,757.5000000,762.0000000,757.5000000,762.0000000,46960
SFIN,D,20180205,000000,763.0000000,763.0000000,739.5000000,759.0000000,46590
SFIN,D,20180206,000000,759.0000000,760.0000000,748.0000000,760.0000000,46890
SFIN,D,20180207,000000,759.0000000,775.0000000,748.0000000,775.0000000,46350
SFIN,D,20180208,000000,758.5000000,759.5000000,755.5000000,759.0000000,46600
SFIN,D,20180209,000000,760.5000000,762.5000000,740.0000000,749.5000000,46420
SFIN,D,20180212,000000,746.0000000,768.5000000,746.0000000,766.5000000,44810
SFIN,D,20180213,000000,759.0000000,760.0000000,750.0000000,759.0000000,44650
SFIN,D,20180214,000000,760.0000000,760.5000000,746.5000000,754.5000000,44730
SFIN,D,20180215,000000,754.0000000,754.5000000,744.5000000,754.5000000,44180
SFIN,D,20180216,000000,754.5000000,754.5000000,746.5000000,749.5000000,49340
SFIN,D,20180219,000000,736.0000000,748.5000000,730.0000000,730.0000000,49150
SFIN,D,20180220,000000,748.0000000,748.0000000,745.0000000,747.0000000,47670
SFIN,D,20180221,000000,747.0000000,751.0000000,737.5000000,751.0000000,51850
SFIN,D,20180222,000000,747.5000000,748.0000000,738.0000000,748.0000000,64660
SFIN,D,20180226,000000,747.0000000,748.0000000,745.5000000,748.0000000,41150
SFIN,D,20180227,000000,747.5000000,749.0000000,742.5000000,748.0000000,185780
SFIN,D,20180228,000000,748.0000000,751.0000000,737.5000000,751.0000000,183220
SFIN,D,20180301,000000,748.5000000,749.0000000,746.0000000,748.5000000,183590
SFIN,D,20180302,000000,748.5000000,751.0000000,746.0000000,748.0000000,181850
SFIN,D,20180305,000000,748.0000000,751.0000000,737.0000000,737.5000000,176290
SFIN,D,20180306,000000,741.0000000,748.0000000,733.0000000,737.5000000,186070
SFIN,D,20180307,000000,737.5000000,738.0000000,736.0000000,737.5000000,184040
SFIN,D,20180309,000000,736.5000000,737.5000000,736.5000000,736.5000000,34510
SFIN,D,20180312,000000,739.5000000,739.5000000,720.5000000,725.0000000,186730
SFIN,D,20180313,000000,736.0000000,751.5000000,702.0000000,751.5000000,186870
SFIN,D,20180314,000000,739.5000000,743.0000000,729.5000000,731.0000000,182920
SFIN,D,20180315,000000,740.0000000,740.0000000,736.5000000,739.0000000,184090
SFIN,D,20180316,000000,738.0000000,764.5000000,726.5000000,764.5000000,184100
SFIN,D,20180319,000000,734.0000000,740.0000000,731.0000000,735.0000000,43670
SFIN,D,20180320,000000,739.0000000,740.0000000,737.5000000,739.5000000,43480
SFIN,D,20180321,000000,738.0000000,765.0000000,735.0000000,765.0000000,46220
SFIN,D,20180322,000000,736.5000000,736.5000000,727.0000000,729.5000000,47170
SFIN,D,20180323,000000,727.0000000,735.0000000,726.0000000,730.5000000,45960
SFIN,D,20180326,000000,730.0000000,731.5000000,720.0000000,720.0000000,47190
SFIN,D,20180327,000000,720.0000000,729.0000000,715.5000000,720.5000000,43080
SFIN,D,20180328,000000,725.0000000,728.5000000,718.0000000,718.0000000,46340
SFIN,D,20180329,000000,717.0000000,725.0000000,715.0000000,724.0000000,46260
SFIN,D,20180330,000000,723.0000000,742.0000000,720.5000000,742.0000000,44830
SFIN,D,20180402,000000,720.5000000,720.5000000,711.0000000,712.5000000,44130
SFIN,D,20180403,000000,706.5000000,712.0000000,700.0000000,703.5000000,44440
SFIN,D,20180404,000000,703.0000000,705.5000000,683.0000000,686.0000000,45000
SFIN,D,20180405,000000,686.5000000,695.0000000,645.0000000,693.5000000,70990
SFIN,D,20180406,000000,702.5000000,725.0000000,700.0000000,710.0000000,43820
SFIN,D,20180409,000000,714.5000000,715.0000000,514.5000000,525.0000000,59050
SFIN,D,20180410,000000,647.5000000,647.5000000,560.0000000,594.5000000,58120
SFIN,D,20180411,000000,544.0000000,626.0000000,544.0000000,600.0000000,52500
SFIN,D,20180412,000000,649.5000000,649.5000000,615.5000000,639.5000000,52170
SFIN,D,20180413,000000,641.0000000,644.0000000,566.0000000,577.5000000,59240
SFIN,D,20180416,000000,576.5000000,576.5000000,560.0000000,562.0000000,55120
SFIN,D,20180417,000000,570.0000000,572.5000000,565.5000000,572.5000000,54390
SFIN,D,20180418,000000,574.0000000,577.5000000,565.5000000,566.0000000,57250
SFIN,D,20180419,000000,574.5000000,574.5000000,566.0000000,567.0000000,53550
SFIN,D,20180420,000000,576.0000000,576.0000000,565.0000000,572.5000000,53090
SFIN,D,20180423,000000,565.5000000,577.0000000,555.0000000,555.0000000,54840
SFIN,D,20180424,000000,562.5000000,571.5000000,559.0000000,562.0000000,55020
SFIN,D,20180425,000000,561.5000000,562.5000000,555.0000000,555.0000000,58510
SFIN,D,20180426,000000,562.0000000,599.0000000,557.0000000,590.0000000,56090
SFIN,D,20180427,000000,600.0000000,638.0000000,600.0000000,617.5000000,51130
SFIN,D,20180428,000000,622.0000000,650.0000000,622.0000000,642.0000000,33890
SFIN,D,20180430,000000,649.0000000,660.5000000,638.0000000,650.0000000,29780
SFIN,D,20180502,000000,675.0000000,700.0000000,656.0000000,700.0000000,26770
SFIN,D,20180503,000000,700.0000000,701.0000000,679.0000000,680.0000000,37380
SFIN,D,20180504,000000,705.0000000,705.0000000,672.0000000,689.0000000,33020
SFIN,D,20180507,000000,686.0000000,691.0000000,685.0000000,685.0000000,32300
SFIN,D,20180508,000000,690.0000000,704.0000000,688.0000000,704.0000000,33440
SFIN,D,20180510,000000,725.0000000,738.0000000,720.0000000,730.0000000,28040
SFIN,D,20180511,000000,734.0000000,743.0000000,724.0000000,735.0000000,164760
SFIN,D,20180514,000000,736.0000000,746.0000000,730.0000000,738.0000000,162290
SFIN,D,20180515,000000,740.0000000,765.0000000,735.0000000,743.0000000,182460
SFIN,D,20180516,000000,742.0000000,750.0000000,735.0000000,743.0000000,171040
SFIN,D,20180517,000000,743.0000000,750.0000000,740.0000000,743.0000000,173480
SFIN,D,20180518,000000,742.0000000,770.0000000,740.0000000,770.0000000,183110
SFIN,D,20180521,000000,745.0000000,757.0000000,745.0000000,749.0000000,170630
SFIN,D,20180522,000000,748.0000000,759.0000000,748.0000000,752.0000000,185790
SFIN,D,20180523,000000,755.0000000,758.0000000,750.0000000,755.0000000,173500
SFIN,D,20180524,000000,753.0000000,755.0000000,725.0000000,748.0000000,176560
SFIN,D,20180525,000000,744.0000000,746.0000000,737.0000000,745.0000000,185320
SFIN,D,20180528,000000,742.0000000,753.0000000,742.0000000,750.0000000,184760
SFIN,D,20180529,000000,750.0000000,761.0000000,749.0000000,751.0000000,183080
SFIN,D,20180530,000000,750.0000000,761.0000000,749.0000000,760.0000000,186500
SFIN,D,20180531,000000,754.0000000,767.0000000,683.0000000,743.0000000,577630
SFIN,D,20180601,000000,741.0000000,748.0000000,700.0000000,737.0000000,514290
SFIN,D,20180604,000000,725.0000000,742.0000000,692.0000000,705.0000000,72590
SFIN,D,20180605,000000,696.0000000,703.0000000,687.0000000,699.0000000,39340
SFIN,D,20180606,000000,700.0000000,702.0000000,683.0000000,702.0000000,35700
SFIN,D,20180607,000000,681.0000000,688.0000000,679.0000000,679.0000000,32480
SFIN,D,20180608,000000,681.0000000,704.0000000,680.0000000,700.0000000,43820
SFIN,D,20180609,000000,683.0000000,696.0000000,683.0000000,689.0000000,25770
SFIN,D,20180611,000000,684.0000000,690.0000000,682.0000000,690.0000000,20620
SFIN,D,20180613,000000,686.0000000,720.0000000,683.0000000,703.0000000,31580
SFIN,D,20180614,000000,701.0000000,724.0000000,701.0000000,724.0000000,33190
SFIN,D,20180615,000000,715.0000000,765.0000000,706.0000000,755.0000000,47380
SFIN,D,20180618,000000,752.0000000,754.0000000,717.0000000,720.0000000,29890
SFIN,D,20180619,000000,717.0000000,725.0000000,715.0000000,723.0000000,28480
SFIN,D,20180620,000000,727.0000000,728.0000000,705.0000000,717.0000000,31480
SFIN,D,20180621,000000,720.0000000,747.0000000,719.0000000,733.0000000,31850
SFIN,D,20180622,000000,731.0000000,750.0000000,724.0000000,750.0000000,32010
SFIN,D,20180625,000000,748.0000000,750.0000000,743.0000000,747.0000000,53470
SFIN,D,20180626,000000,751.0000000,785.0000000,740.0000000,741.0000000,40340
SFIN,D,20180627,000000,750.0000000,750.0000000,734.0000000,744.0000000,36100
SFIN,D,20180628,000000,745.0000000,750.0000000,740.0000000,740.0000000,29460
SFIN,D,20180629,000000,746.0000000,750.0000000,718.0000000,718.0000000,32780
SFIN,D,20180702,000000,730.0000000,740.0000000,703.0000000,707.0000000,32970
SFIN,D,20180703,000000,715.0000000,728.0000000,694.0000000,707.0000000,29410
SFIN,D,20180704,000000,705.0000000,711.0000000,688.0000000,703.0000000,32350
SFIN,D,20180705,000000,703.0000000,704.0000000,692.0000000,703.0000000,27460
SFIN,D,20180706,000000,706.0000000,709.0000000,694.0000000,700.0000000,28870
SFIN,D,20180709,000000,694.0000000,700.0000000,680.0000000,698.0000000,37810
SFIN,D,20180710,000000,688.0000000,730.0000000,683.0000000,724.0000000,40850
SFIN,D,20180711,000000,723.0000000,723.0000000,711.0000000,711.0000000,28840
SFIN,D,20180712,000000,716.0000000,721.0000000,713.0000000,716.0000000,28210
SFIN,D,20180713,000000,718.0000000,718.0000000,701.0000000,705.0000000,28770
SFIN,D,20180716,000000,722.0000000,722.0000000,693.0000000,700.0000000,28880
SFIN,D,20180717,000000,695.0000000,720.0000000,694.0000000,707.0000000,28730
SFIN,D,20180718,000000,708.0000000,715.0000000,704.0000000,704.0000000,28630
SFIN,D,20180719,000000,701.0000000,706.0000000,693.0000000,693.0000000,1967970
SFIN,D,20180720,000000,696.0000000,698.0000000,688.0000000,688.0000000,29320
SFIN,D,20180723,000000,696.0000000,696.0000000,665.0000000,667.0000000,30770
SFIN,D,20180724,000000,674.0000000,676.0000000,656.0000000,675.0000000,32830
SFIN,D,20180725,000000,669.0000000,670.0000000,652.0000000,658.0000000,30970
SFIN,D,20180726,000000,660.0000000,693.0000000,655.0000000,693.0000000,34680
SFIN,D,20180727,000000,694.0000000,740.0000000,693.0000000,714.0000000,40320
SFIN,D,20180730,000000,716.0000000,774.0000000,716.0000000,748.0000000,29330
SFIN,D,20180731,000000,750.0000000,750.0000000,728.0000000,728.0000000,29050
SFIN,D,20180801,000000,727.0000000,786.0000000,674.0000000,678.0000000,51800
SFIN,D,20180802,000000,677.0000000,679.0000000,604.0000000,612.0000000,195690
SFIN,D,20180803,000000,625.0000000,681.0000000,610.0000000,670.0000000,87060
SFIN,D,20180806,000000,668.0000000,741.0000000,668.0000000,716.0000000,57850
SFIN,D,20180807,000000,722.0000000,751.0000000,722.0000000,726.0000000,30890
SFIN,D,20180808,000000,707.0000000,740.0000000,691.0000000,720.0000000,29130
SFIN,D,20180809,000000,744.0000000,744.0000000,723.0000000,725.0000000,27840
SFIN,D,20180810,000000,732.0000000,732.0000000,680.0000000,680.0000000,34880
SFIN,D,20180813,000000,683.0000000,760.0000000,630.0000000,655.0000000,52810
SFIN,D,20180814,000000,666.0000000,673.0000000,638.0000000,639.0000000,32520
SFIN,D,20180815,000000,650.0000000,650.0000000,613.4000000,617.6000000,66110
SFIN,D,20180816,000000,622.2000000,628.8000000,607.0000000,615.6000000,50210
SFIN,D,20180817,000000,617.6000000,644.6000000,615.0000000,644.6000000,38120
SFIN,D,20180820,000000,656.0000000,656.0000000,610.0000000,615.0000000,65230
SFIN,D,20180821,000000,619.6000000,622.8000000,610.2000000,617.8000000,35360
SFIN,D,20180822,000000,617.4000000,622.6000000,613.0000000,621.8000000,33970
SFIN,D,20180823,000000,621.4000000,639.4000000,619.0000000,627.4000000,42350
SFIN,D,20180824,000000,629.8000000,646.2000000,627.6000000,635.8000000,59010
SFIN,D,20180827,000000,639.4000000,730.0000000,638.8000000,724.2000000,52220
SFIN,D,20180828,000000,727.0000000,741.0000000,727.0000000,740.0000000,40140
SFIN,D,20180829,000000,740.0000000,785.0000000,740.0000000,785.0000000,61090
SFIN,D,20180830,000000,786.0000000,799.8000000,745.8000000,760.0000000,59910
SFIN,D,20180831,000000,761.6000000,803.4000000,754.8000000,803.4000000,51770
SFIN,D,20180903,000000,788.8000000,805.0000000,769.0000000,783.0000000,52150
SFIN,D,20180904,000000,789.8000000,799.0000000,752.0000000,779.0000000,57400
SFIN,D,20180905,000000,769.8000000,802.4000000,758.6000000,790.0000000,48990
SFIN,D,20180906,000000,800.0000000,803.0000000,711.0000000,740.6000000,30260
SFIN,D,20180907,000000,749.8000000,783.0000000,749.8000000,783.0000000,28510
SFIN,D,20180910,000000,778.4000000,793.0000000,755.8000000,770.0000000,55560
SFIN,D,20180911,000000,766.0000000,790.0000000,736.6000000,760.4000000,277960
SFIN,D,20180912,000000,764.4000000,776.0000000,757.2000000,776.0000000,22540
SFIN,D,20180913,000000,767.6000000,795.0000000,749.8000000,777.0000000,24730
SFIN,D,20180914,000000,782.6000000,803.0000000,770.8000000,775.0000000,33550
SFIN,D,20180917,000000,782.8000000,800.0000000,754.4000000,756.0000000,29800
SFIN,D,20180918,000000,760.0000000,760.0000000,748.0000000,759.0000000,25740
SFIN,D,20180919,000000,758.0000000,769.6000000,741.0000000,760.0000000,27480
SFIN,D,20180920,000000,753.0000000,756.8000000,746.6000000,750.0000000,33020
SFIN,D,20180921,000000,752.0000000,761.6000000,734.6000000,734.6000000,1149330
SFIN,D,20180924,000000,735.2000000,743.0000000,721.0000000,721.0000000,18350
SFIN,D,20180925,000000,737.8000000,737.8000000,692.0000000,699.0000000,5180
SFIN,D,20180926,000000,699.0000000,702.8000000,698.0000000,698.6000000,1210
SFIN,D,20180927,000000,712.4000000,730.0000000,661.0000000,661.0000000,5390
SFIN,D,20180928,000000,662.2000000,712.0000000,660.0000000,712.0000000,8180
SFIN,D,20181001,000000,715.0000000,720.0000000,681.0000000,720.0000000,10900
SFIN,D,20181002,000000,701.2000000,724.4000000,685.0000000,706.0000000,9060
SFIN,D,20181003,000000,697.6000000,705.0000000,686.6000000,704.4000000,9760
SFIN,D,20181004,000000,697.2000000,740.0000000,692.2000000,740.0000000,11220
SFIN,D,20181005,000000,737.0000000,739.0000000,709.8000000,714.2000000,7730
SFIN,D,20181008,000000,715.0000000,715.0000000,695.2000000,700.2000000,7420
SFIN,D,20181009,000000,706.0000000,706.6000000,692.4000000,692.4000000,7390
SFIN,D,20181010,000000,717.8000000,726.0000000,701.2000000,726.0000000,40960
SFIN,D,20181011,000000,716.2000000,724.8000000,703.6000000,724.8000000,43590
SFIN,D,20181012,000000,725.8000000,735.0000000,719.8000000,735.0000000,39750
SFIN,D,20181015,000000,723.2000000,723.2000000,703.6000000,721.6000000,35590
SFIN,D,20181016,000000,715.6000000,721.0000000,705.2000000,721.0000000,25030
SFIN,D,20181017,000000,714.2000000,718.0000000,700.4000000,718.0000000,38750
SFIN,D,20181018,000000,707.4000000,716.6000000,707.4000000,716.6000000,36070
SFIN,D,20181019,000000,712.6000000,714.6000000,703.0000000,703.0000000,50770
SFIN,D,20181022,000000,705.6000000,717.4000000,692.2000000,717.4000000,31780
SFIN,D,20181023,000000,717.6000000,717.6000000,685.0000000,707.8000000,32000
SFIN,D,20181024,000000,691.6000000,694.4000000,671.0000000,676.6000000,47810
SFIN,D,20181025,000000,670.4000000,681.4000000,650.2000000,650.2000000,44140
SFIN,D,20181026,000000,656.0000000,656.0000000,631.2000000,640.0000000,41650
SFIN,D,20181029,000000,652.0000000,659.4000000,635.6000000,640.0000000,42450
SFIN,D,20181030,000000,641.0000000,646.8000000,617.0000000,617.0000000,47000
SFIN,D,20181031,000000,627.6000000,634.8000000,600.8000000,603.8000000,59760
SFIN,D,20181101,000000,602.6000000,627.2000000,587.8000000,600.4000000,54210
SFIN,D,20181102,000000,609.6000000,616.0000000,588.2000000,604.0000000,58360
SFIN,D,20181106,000000,615.0000000,619.6000000,592.4000000,605.0000000,56230
SFIN,D,20181107,000000,605.0000000,615.0000000,597.0000000,610.0000000,54980
SFIN,D,20181108,000000,614.8000000,617.8000000,588.2000000,599.4000000,48380
SFIN,D,20181109,000000,600.8000000,605.2000000,590.0000000,603.0000000,44360
SFIN,D,20181112,000000,592.0000000,602.6000000,581.0000000,593.0000000,49870
SFIN,D,20181113,000000,593.2000000,598.0000000,584.2000000,593.0000000,49650
SFIN,D,20181114,000000,595.0000000,603.0000000,582.8000000,603.0000000,52080
SFIN,D,20181115,000000,604.0000000,604.6000000,597.0000000,603.0000000,42200
SFIN,D,20181116,000000,606.6000000,607.0000000,599.2000000,606.0000000,40330
SFIN,D,20181119,000000,605.0000000,606.4000000,595.0000000,602.8000000,43230
SFIN,D,20181120,000000,601.8000000,619.0000000,601.8000000,612.0000000,47270
SFIN,D,20181121,000000,617.0000000,663.0000000,617.0000000,655.4000000,48950
SFIN,D,20181122,000000,657.0000000,665.0000000,642.6000000,649.6000000,43050
SFIN,D,20181123,000000,640.0000000,640.0000000,601.4000000,601.4000000,52250
SFIN,D,20181126,000000,601.0000000,608.2000000,581.2000000,595.6000000,55900
SFIN,D,20181127,000000,601.8000000,602.0000000,585.0000000,588.4000000,142820
SFIN,D,20181128,000000,592.0000000,592.4000000,581.0000000,586.0000000,163450
SFIN,D,20181129,000000,589.6000000,590.0000000,579.0000000,582.0000000,255980
SFIN,D,20181130,000000,583.8000000,588.6000000,578.4000000,585.6000000,634830
SFIN,D,20181203,000000,586.2000000,589.0000000,570.0000000,570.0000000,110210
SFIN,D,20181204,000000,571.8000000,588.8000000,552.6000000,560.8000000,136440
SFIN,D,20181205,000000,558.2000000,570.0000000,553.0000000,555.0000000,700960
SFIN,D,20181206,000000,559.4000000,565.2000000,542.0000000,543.8000000,205070
SFIN,D,20181207,000000,545.0000000,548.8000000,531.0000000,538.0000000,133050
SFIN,D,20181210,000000,540.2000000,555.0000000,529.4000000,555.0000000,145780
SFIN,D,20181211,000000,555.0000000,568.2000000,555.0000000,561.6000000,165740
SFIN,D,20181212,000000,561.0000000,571.8000000,560.2000000,569.6000000,274200
SFIN,D,20181213,000000,569.8000000,581.0000000,569.8000000,581.0000000,393640
SFIN,D,20181214,000000,586.2000000,592.8000000,567.0000000,592.8000000,69880
SFIN,D,20181217,000000,590.0000000,590.0000000,552.8000000,562.8000000,57290
SFIN,D,20181218,000000,562.0000000,569.0000000,555.0000000,558.8000000,39480
SFIN,D,20181219,000000,565.0000000,579.4000000,559.2000000,579.4000000,40420
SFIN,D,20181220,000000,574.4000000,576.0000000,558.4000000,574.8000000,41170
SFIN,D,20181221,000000,575.0000000,577.0000000,557.2000000,574.2000000,45180
SFIN,D,20181224,000000,560.6000000,574.8000000,548.4000000,551.6000000,58090
SFIN,D,20181225,000000,554.8000000,554.8000000,514.0000000,521.2000000,73120
SFIN,D,20181226,000000,523.6000000,526.0000000,516.8000000,522.0000000,44660
SFIN,D,20181227,000000,520.2000000,534.4000000,511.6000000,534.4000000,59600
SFIN,D,20181228,000000,526.4000000,564.6000000,526.4000000,560.0000000,55610
SFIN,D,20181229,000000,580.0000000,584.8000000,580.0000000,580.2000000,45940
SFIN,D,20190103,000000,583.4000000,592.0000000,569.8000000,592.0000000,14910
SFIN,D,20190104,000000,580.2000000,583.8000000,569.2000000,579.2000000,14130
SFIN,D,20190108,000000,569.8000000,578.4000000,552.0000000,560.8000000,28070
SFIN,D,20190109,000000,568.0000000,570.0000000,557.4000000,565.8000000,42080
SFIN,D,20190110,000000,561.8000000,567.2000000,553.6000000,567.2000000,40480
SFIN,D,20190111,000000,574.8000000,574.8000000,557.0000000,571.6000000,37380
SFIN,D,20190114,000000,574.2000000,574.2000000,565.8000000,570.0000000,39760
SFIN,D,20190115,000000,574.6000000,574.8000000,560.0000000,573.8000000,42670
SFIN,D,20190116,000000,564.0000000,573.6000000,564.0000000,567.6000000,39080
SFIN,D,20190117,000000,565.4000000,569.8000000,565.0000000,565.6000000,42110
SFIN,D,20190118,000000,560.0000000,568.0000000,555.0000000,566.0000000,40680
SFIN,D,20190121,000000,568.8000000,568.8000000,559.6000000,562.4000000,36760
SFIN,D,20190122,000000,559.2000000,560.8000000,555.0000000,556.2000000,42540
SFIN,D,20190123,000000,554.2000000,559.0000000,540.0000000,551.8000000,62910
SFIN,D,20190124,000000,551.0000000,555.2000000,545.8000000,555.2000000,1041170
SFIN,D,20190125,000000,547.4000000,560.0000000,546.2000000,547.6000000,44290
SFIN,D,20190128,000000,551.0000000,552.8000000,546.0000000,549.6000000,39100
SFIN,D,20190129,000000,548.2000000,557.2000000,548.2000000,554.4000000,50630
SFIN,D,20190130,000000,551.4000000,572.6000000,548.8000000,560.0000000,174530
SFIN,D,20190131,000000,560.4000000,563.0000000,549.0000000,557.2000000,55260
SFIN,D,20190201,000000,550.8000000,560.0000000,550.4000000,560.0000000,314870
SFIN,D,20190204,000000,560.0000000,561.0000000,556.0000000,559.6000000,48270
SFIN,D,20190205,000000,557.0000000,560.0000000,556.2000000,559.0000000,45440
SFIN,D,20190206,000000,560.0000000,560.0000000,556.2000000,559.0000000,44730
SFIN,D,20190207,000000,560.0000000,560.0000000,550.4000000,558.2000000,47290
SFIN,D,20190208,000000,557.0000000,559.2000000,554.0000000,559.2000000,46630
SFIN,D,20190211,000000,554.4000000,558.4000000,553.6000000,558.0000000,44430
SFIN,D,20190212,000000,555.6000000,557.6000000,550.0000000,557.6000000,52280
SFIN,D,20190213,000000,552.2000000,555.6000000,550.4000000,554.4000000,50960
SFIN,D,20190214,000000,552.2000000,555.0000000,547.0000000,547.8000000,47990
SFIN,D,20190215,000000,548.6000000,551.8000000,545.8000000,551.2000000,48650
SFIN,D,20190218,000000,546.0000000,554.0000000,545.2000000,551.8000000,47560
SFIN,D,20190219,000000,546.2000000,549.8000000,545.4000000,546.0000000,9600
SFIN,D,20190220,000000,545.2000000,553.4000000,545.0000000,549.0000000,53440
SFIN,D,20190221,000000,551.0000000,559.0000000,546.0000000,546.0000000,53060
SFIN,D,20190222,000000,552.8000000,552.8000000,540.2000000,546.0000000,56040
SFIN,D,20190225,000000,542.6000000,550.0000000,542.2000000,550.0000000,51210
SFIN,D,20190226,000000,550.0000000,550.0000000,536.8000000,539.2000000,53260
SFIN,D,20190227,000000,542.0000000,542.0000000,538.2000000,539.4000000,46920
SFIN,D,20190228,000000,539.4000000,541.0000000,518.8000000,518.8000000,65650
SFIN,D,20190301,000000,523.6000000,530.0000000,521.2000000,528.2000000,49590
SFIN,D,20190304,000000,533.2000000,538.0000000,525.6000000,534.6000000,49580
SFIN,D,20190305,000000,532.2000000,536.6000000,530.0000000,536.4000000,49080
SFIN,D,20190306,000000,538.0000000,545.0000000,531.2000000,544.0000000,49550
SFIN,D,20190307,000000,537.2000000,554.0000000,536.0000000,551.2000000,51380
SFIN,D,20190311,000000,541.0000000,564.2000000,541.0000000,557.0000000,59240
SFIN,D,20190312,000000,557.6000000,560.0000000,545.0000000,550.0000000,56420
SFIN,D,20190313,000000,551.8000000,565.4000000,549.8000000,557.0000000,55970
SFIN,D,20190314,000000,557.0000000,558.8000000,541.0000000,546.6000000,53730
SFIN,D,20190315,000000,547.2000000,649.0000000,528.6000000,607.0000000,127180
SFIN,D,20190318,000000,571.0000000,592.6000000,554.2000000,560.4000000,51980
SFIN,D,20190319,000000,557.8000000,557.8000000,540.6000000,540.6000000,54030
SFIN,D,20190320,000000,544.8000000,544.8000000,528.0000000,530.8000000,57300
SFIN,D,20190321,000000,535.2000000,536.0000000,525.0000000,525.2000000,56320
SFIN,D,20190322,000000,527.6000000,530.0000000,523.4000000,527.0000000,56430
SFIN,D,20190325,000000,523.8000000,528.2000000,521.4000000,526.0000000,59720
SFIN,D,20190326,000000,526.6000000,526.6000000,511.0000000,513.8000000,70870
SFIN,D,20190327,000000,514.0000000,514.0000000,492.2000000,495.0000000,79070
SFIN,D,20190328,000000,499.0000000,503.8000000,492.2000000,501.0000000,57980
SFIN,D,20190329,000000,499.2000000,502.0000000,490.2000000,502.0000000,62420
SFIN,D,20190401,000000,493.2000000,497.2000000,480.0000000,490.0000000,68230
SFIN,D,20190402,000000,490.2000000,504.2000000,475.2000000,504.2000000,98200
SFIN,D,20190403,000000,505.0000000,507.0000000,485.2000000,498.4000000,109550
SFIN,D,20190404,000000,500.8000000,500.8000000,496.0000000,498.0000000,50030
SFIN,D,20190405,000000,495.6000000,500.0000000,489.0000000,492.2000000,54720
SFIN,D,20190408,000000,489.4000000,492.2000000,477.0000000,478.0000000,64180
SFIN,D,20190409,000000,480.2000000,483.2000000,470.4000000,472.2000000,60530
SFIN,D,20190410,000000,476.0000000,476.0000000,470.0000000,471.0000000,54380
SFIN,D,20190411,000000,472.0000000,473.4000000,466.0000000,469.8000000,57510
SFIN,D,20190412,000000,469.6000000,469.6000000,447.0000000,451.0000000,75740
SFIN,D,20190415,000000,452.2000000,465.0000000,450.4000000,455.0000000,56970
SFIN,D,20190416,000000,456.4000000,508.0000000,456.4000000,508.0000000,87740
SFIN,D,20190417,000000,497.8000000,506.0000000,480.0000000,491.0000000,60630
SFIN,D,20190418,000000,490.2000000,492.4000000,481.0000000,489.0000000,54250
SFIN,D,20190419,000000,481.2000000,503.0000000,481.2000000,496.0000000,59430
SFIN,D,20190422,000000,496.2000000,497.2000000,485.0000000,490.0000000,53650
SFIN,D,20190423,000000,492.8000000,495.0000000,487.0000000,493.8000000,50400
SFIN,D,20190424,000000,494.0000000,494.4000000,487.0000000,488.8000000,50480
SFIN,D,20190425,000000,492.6000000,492.6000000,480.0000000,485.6000000,62190
SFIN,D,20190426,000000,485.4000000,499.8000000,480.0000000,483.0000000,51200
SFIN,D,20190429,000000,490.0000000,492.4000000,484.6000000,491.0000000,52090
SFIN,D,20190430,000000,493.0000000,493.0000000,480.2000000,480.2000000,36730
SFIN,D,20190502,000000,483.2000000,498.6000000,476.4000000,498.0000000,40740
SFIN,D,20190503,000000,497.0000000,500.0000000,477.2000000,480.0000000,29330
SFIN,D,20190506,000000,478.8000000,490.0000000,478.8000000,483.0000000,54200
SFIN,D,20190507,000000,486.2000000,487.6000000,480.0000000,481.2000000,56780
SFIN,D,20190508,000000,480.4000000,489.0000000,471.6000000,480.6000000,50850
SFIN,D,20190510,000000,484.6000000,484.8000000,478.6000000,478.6000000,26120
SFIN,D,20190513,000000,477.2000000,499.2000000,456.0000000,481.0000000,72020
SFIN,D,20190514,000000,483.4000000,507.0000000,483.2000000,499.2000000,107470
SFIN,D,20190515,000000,499.6000000,512.0000000,497.0000000,512.0000000,70450
SFIN,D,20190516,000000,510.0000000,524.0000000,508.2000000,512.4000000,62230
SFIN,D,20190517,000000,515.0000000,535.0000000,510.0000000,519.8000000,64230
SFIN,D,20190520,000000,526.8000000,527.0000000,519.2000000,524.8000000,53430
SFIN,D,20190521,000000,526.2000000,530.0000000,512.0000000,519.2000000,75790
SFIN,D,20190522,000000,514.0000000,524.0000000,514.0000000,518.0000000,70320
SFIN,D,20190523,000000,520.8000000,521.0000000,496.2000000,496.2000000,55400
SFIN,D,20190524,000000,506.0000000,517.8000000,505.8000000,513.0000000,58260
SFIN,D,20190527,000000,511.8000000,518.0000000,510.0000000,517.0000000,60010
SFIN,D,20190528,000000,522.2000000,523.0000000,503.6000000,503.6000000,185510
SFIN,D,20190529,000000,508.6000000,514.8000000,501.8000000,509.6000000,63730
SFIN,D,20190530,000000,512.0000000,523.0000000,509.4000000,513.0000000,73570
SFIN,D,20190531,000000,513.2000000,515.8000000,505.2000000,505.8000000,49560
SFIN,D,20190603,000000,510.6000000,510.6000000,505.8000000,505.8000000,50810
SFIN,D,20190604,000000,509.0000000,511.8000000,505.8000000,511.4000000,50230
SFIN,D,20190605,000000,508.8000000,522.2000000,508.8000000,518.0000000,57250
SFIN,D,20190606,000000,504.8000000,509.6000000,501.6000000,505.0000000,15460
SFIN,D,20190607,000000,504.0000000,506.8000000,495.2000000,497.0000000,14120
SFIN,D,20190610,000000,487.2000000,500.6000000,487.2000000,499.8000000,11800
SFIN,D,20190611,000000,500.4000000,500.4000000,490.4000000,491.0000000,12020
SFIN,D,20190613,000000,488.0000000,500.2000000,478.0000000,493.4000000,12300
SFIN,D,20190614,000000,488.4000000,489.6000000,483.6000000,487.0000000,12430
SFIN,D,20190617,000000,490.8000000,492.6000000,478.4000000,480.0000000,19860
SFIN,D,20190618,000000,484.0000000,484.0000000,476.0000000,483.8000000,12760
SFIN,D,20190619,000000,483.8000000,484.6000000,480.2000000,483.4000000,10860
SFIN,D,20190620,000000,478.6000000,500.6000000,475.0000000,478.0000000,23090
SFIN,D,20190621,000000,482.0000000,496.4000000,474.0000000,496.4000000,24580
SFIN,D,20190624,000000,486.4000000,495.0000000,480.4000000,492.4000000,15030
SFIN,D,20190625,000000,494.0000000,500.6000000,494.0000000,500.6000000,19990
SFIN,D,20190626,000000,500.4000000,504.8000000,495.4000000,500.0000000,24150
SFIN,D,20190627,000000,499.0000000,500.4000000,491.0000000,496.4000000,11120
SFIN,D,20190628,000000,495.0000000,503.4000000,489.0000000,503.4000000,19330
SFIN,D,20190701,000000,496.8000000,500.2000000,488.6000000,498.4000000,15960
SFIN,D,20190702,000000,500.0000000,503.0000000,490.2000000,503.0000000,19850
SFIN,D,20190703,000000,500.0000000,500.0000000,493.6000000,500.0000000,14080
SFIN,D,20190704,000000,499.8000000,500.0000000,494.2000000,494.2000000,10290
SFIN,D,20190705,000000,494.0000000,500.6000000,494.0000000,497.0000000,15560
SFIN,D,20190708,000000,497.2000000,503.0000000,494.8000000,503.0000000,9380
SFIN,D,20190709,000000,500.6000000,500.6000000,494.4000000,497.8000000,16850
SFIN,D,20190710,000000,499.8000000,500.0000000,495.0000000,495.0000000,15190
SFIN,D,20190711,000000,495.6000000,499.8000000,495.0000000,495.2000000,10810
SFIN,D,20190712,000000,497.8000000,499.4000000,495.6000000,498.0000000,8980
SFIN,D,20190715,000000,491.2000000,498.8000000,480.0000000,496.8000000,9910
SFIN,D,20190716,000000,497.8000000,499.2000000,495.2000000,496.0000000,12400
SFIN,D,20190717,000000,495.0000000,500.0000000,492.2000000,499.4000000,13430
SFIN,D,20190718,000000,492.2000000,496.4000000,481.6000000,485.0000000,15250
SFIN,D,20190719,000000,486.0000000,489.0000000,480.4000000,483.0000000,13560
SFIN,D,20190722,000000,481.6000000,486.6000000,480.0000000,482.8000000,12240
SFIN,D,20190723,000000,482.0000000,482.4000000,477.0000000,480.0000000,12130
SFIN,D,20190724,000000,481.4000000,482.6000000,479.0000000,480.4000000,10590
SFIN,D,20190725,000000,482.4000000,482.8000000,477.0000000,482.8000000,12100
SFIN,D,20190726,000000,482.4000000,482.4000000,478.6000000,479.8000000,13100
SFIN,D,20190729,000000,480.0000000,481.6000000,478.2000000,478.2000000,11130
SFIN,D,20190730,000000,481.6000000,482.0000000,479.4000000,479.8000000,11550
SFIN,D,20190731,000000,481.4000000,481.8000000,476.0000000,476.0000000,15070
SFIN,D,20190801,000000,480.2000000,489.0000000,478.2000000,480.4000000,12810
SFIN,D,20190802,000000,482.6000000,483.8000000,471.6000000,480.2000000,13780
SFIN,D,20190805,000000,471.4000000,486.4000000,471.4000000,482.8000000,11730
SFIN,D,20190806,000000,486.4000000,486.4000000,480.0000000,485.2000000,12110
SFIN,D,20190807,000000,484.0000000,493.0000000,480.8000000,482.8000000,12750
SFIN,D,20190808,000000,487.4000000,487.4000000,481.2000000,484.2000000,14970
SFIN,D,20190809,000000,482.6000000,491.4000000,475.0000000,475.0000000,21470
SFIN,D,20190812,000000,475.4000000,499.2000000,472.0000000,488.6000000,15740
SFIN,D,20190813,000000,490.6000000,495.0000000,466.4000000,470.6000000,28870
SFIN,D,20190814,000000,472.6000000,473.2000000,468.0000000,470.0000000,12740
SFIN,D,20190815,000000,470.2000000,474.8000000,460.8000000,466.2000000,16000
SFIN,D,20190816,000000,468.2000000,471.0000000,456.0000000,456.0000000,17720
SFIN,D,20190819,000000,463.4000000,474.0000000,457.4000000,470.0000000,8100
SFIN,D,20190820,000000,472.8000000,481.8000000,463.8000000,472.8000000,18540
SFIN,D,20190821,000000,473.2000000,479.4000000,461.4000000,470.0000000,37580
SFIN,D,20190822,000000,469.4000000,469.4000000,456.2000000,460.8000000,15880
SFIN,D,20190823,000000,458.8000000,500.2000000,448.0000000,480.0000000,53450
SFIN,D,20190826,000000,484.4000000,491.8000000,479.2000000,481.2000000,11620
SFIN,D,20190827,000000,473.4000000,505.2000000,473.4000000,505.2000000,14600
SFIN,D,20190828,000000,495.0000000,498.0000000,485.8000000,486.0000000,11880
SFIN,D,20190829,000000,478.2000000,494.0000000,478.2000000,488.2000000,13370
SFIN,D,20190830,000000,489.6000000,497.6000000,489.2000000,489.4000000,12010
SFIN,D,20190902,000000,493.6000000,506.0000000,493.6000000,506.0000000,14160
SFIN,D,20190903,000000,500.6000000,500.6000000,490.0000000,490.0000000,13130
SFIN,D,20190904,000000,499.8000000,500.6000000,492.0000000,499.4000000,12300
SFIN,D,20190905,000000,499.2000000,500.4000000,492.0000000,492.6000000,11890
SFIN,D,20190906,000000,499.6000000,500.4000000,494.2000000,500.0000000,11130
SFIN,D,20190909,000000,500.4000000,500.4000000,497.2000000,500.0000000,10820
SFIN,D,20190910,000000,500.4000000,500.6000000,499.4000000,500.4000000,11340
SFIN,D,20190911,000000,500.6000000,501.2000000,496.4000000,499.6000000,18790
SFIN,D,20190912,000000,497.0000000,500.6000000,496.6000000,500.6000000,10820
SFIN,D,20190913,000000,500.2000000,500.6000000,496.6000000,500.0000000,11850
SFIN,D,20190916,000000,499.8000000,500.6000000,495.4000000,495.4000000,13380
SFIN,D,20190917,000000,500.4000000,500.6000000,498.0000000,500.6000000,14430
SFIN,D,20190918,000000,504.6000000,504.6000000,400.0000000,500.4000000,15510
SFIN,D,20190919,000000,499.8000000,500.6000000,494.2000000,494.2000000,12490
SFIN,D,20190920,000000,499.2000000,500.2000000,475.2000000,479.4000000,27460
SFIN,D,20190923,000000,485.2000000,490.8000000,472.0000000,480.0000000,13760
SFIN,D,20190924,000000,474.4000000,484.8000000,474.4000000,480.8000000,11080
SFIN,D,20190925,000000,479.6000000,487.6000000,470.0000000,470.0000000,15910
SFIN,D,20190926,000000,478.0000000,480.0000000,462.4000000,470.0000000,15980
SFIN,D,20190927,000000,468.6000000,470.0000000,460.0000000,466.0000000,20330
SFIN,D,20190930,000000,462.2000000,465.8000000,457.8000000,460.0000000,13990
SFIN,D,20191001,000000,462.0000000,462.0000000,452.0000000,459.4000000,15420
SFIN,D,20191002,000000,468.8000000,469.2000000,452.2000000,454.2000000,15110
SFIN,D,20191003,000000,455.0000000,459.0000000,452.0000000,452.0000000,11250
SFIN,D,20191004,000000,465.8000000,466.0000000,452.0000000,452.0000000,12910
SFIN,D,20191007,000000,456.8000000,470.0000000,456.8000000,469.0000000,14170
SFIN,D,20191008,000000,460.2000000,468.4000000,458.0000000,458.0000000,10500
SFIN,D,20191009,000000,461.4000000,467.8000000,456.0000000,458.6000000,11430
SFIN,D,20191010,000000,457.0000000,469.6000000,457.0000000,469.6000000,15120
SFIN,D,20191011,000000,465.0000000,471.8000000,457.2000000,460.0000000,11420
SFIN,D,20191014,000000,458.0000000,465.0000000,455.6000000,457.4000000,11170
SFIN,D,20191015,000000,460.2000000,467.2000000,455.0000000,467.2000000,11820
SFIN,D,20191016,000000,460.0000000,468.0000000,460.0000000,464.2000000,12620
SFIN,D,20191017,000000,471.4000000,472.6000000,462.8000000,466.0000000,11700
SFIN,D,20191018,000000,463.0000000,468.6000000,460.2000000,462.0000000,11260
SFIN,D,20191021,000000,457.4000000,474.2000000,457.2000000,461.0000000,11920
SFIN,D,20191022,000000,462.2000000,464.2000000,460.0000000,460.0000000,11140
SFIN,D,20191023,000000,459.0000000,460.0000000,454.4000000,460.0000000,12880
SFIN,D,20191024,000000,461.2000000,462.0000000,458.0000000,460.2000000,11050
SFIN,D,20191025,000000,459.4000000,459.6000000,458.0000000,458.4000000,11630
SFIN,D,20191028,000000,461.4000000,461.8000000,458.0000000,458.0000000,11050
SFIN,D,20191029,000000,460.0000000,463.6000000,458.0000000,463.6000000,12930
SFIN,D,20191030,000000,466.0000000,489.2000000,464.0000000,489.2000000,16870
SFIN,D,20191031,000000,473.0000000,498.2000000,470.0000000,470.0000000,12620
SFIN,D,20191101,000000,460.2000000,474.0000000,460.0000000,470.2000000,15650
SFIN,D,20191105,000000,471.4000000,485.8000000,470.0000000,482.8000000,17620
SFIN,D,20191106,000000,487.0000000,492.0000000,476.4000000,478.0000000,11120
SFIN,D,20191107,000000,475.2000000,477.0000000,470.0000000,474.6000000,12080
SFIN,D,20191108,000000,476.8000000,478.0000000,465.0000000,470.0000000,13880
SFIN,D,20191111,000000,469.8000000,470.0000000,461.6000000,469.0000000,12680
SFIN,D,20191112,000000,465.6000000,471.8000000,463.4000000,471.8000000,13070
SFIN,D,20191113,000000,470.2000000,476.0000000,462.8000000,476.0000000,13070
SFIN,D,20191114,000000,465.8000000,481.2000000,462.6000000,469.4000000,11900
SFIN,D,20191115,000000,472.2000000,473.4000000,467.0000000,467.0000000,11670
SFIN,D,20191118,000000,471.6000000,474.2000000,467.0000000,467.4000000,11260
SFIN,D,20191119,000000,473.4000000,473.4000000,467.6000000,469.8000000,12110
SFIN,D,20191120,000000,469.8000000,471.0000000,468.2000000,468.2000000,11630
SFIN,D,20191121,000000,468.4000000,470.8000000,463.2000000,466.2000000,12810
SFIN,D,20191122,000000,466.6000000,466.6000000,464.8000000,465.2000000,12030
SFIN,D,20191125,000000,469.6000000,477.0000000,467.0000000,467.4000000,10810
SFIN,D,20191126,000000,469.8000000,484.4000000,467.0000000,484.4000000,15640
SFIN,D,20191127,000000,477.0000000,500.0000000,477.0000000,496.0000000,20910
SFIN,D,20191128,000000,498.4000000,515.0000000,485.0000000,501.0000000,73020
SFIN,D,20191129,000000,504.4000000,509.4000000,495.6000000,502.0000000,20470
SFIN,D,20191202,000000,472.4000000,517.0000000,471.8000000,497.2000000,10760
SFIN,D,20191203,000000,500.2000000,507.0000000,500.0000000,504.0000000,28740
SFIN,D,20191204,000000,501.4000000,501.4000000,488.6000000,495.0000000,12430
SFIN,D,20191205,000000,490.4000000,493.0000000,490.2000000,490.2000000,10520
SFIN,D,20191206,000000,493.6000000,493.6000000,480.8000000,480.8000000,15070
SFIN,D,20191209,000000,480.0000000,480.0000000,477.0000000,477.6000000,10840
SFIN,D,20191210,000000,482.2000000,482.2000000,477.0000000,481.8000000,11920
SFIN,D,20191211,000000,483.8000000,484.4000000,477.6000000,477.8000000,11770
SFIN,D,20191212,000000,477.2000000,509.0000000,477.2000000,490.4000000,37090
SFIN,D,20191213,000000,497.2000000,497.2000000,477.2000000,483.8000000,12330
SFIN,D,20191216,000000,484.6000000,486.8000000,476.0000000,479.8000000,18190
SFIN,D,20191217,000000,478.6000000,510.0000000,477.0000000,510.0000000,35300
SFIN,D,20191218,000000,509.0000000,534.4000000,508.0000000,527.0000000,100380
SFIN,D,20191219,000000,520.0000000,538.8000000,503.2000000,505.2000000,25560
SFIN,D,20191220,000000,520.4000000,540.2000000,490.0000000,495.2000000,39710
SFIN,D,20191223,000000,500.0000000,509.8000000,497.0000000,507.6000000,10150
SFIN,D,20191224,000000,505.2000000,522.0000000,505.2000000,514.0000000,390550
SFIN,D,20191225,000000,514.8000000,519.8000000,505.0000000,513.0000000,402260
SFIN,D,20191226,000000,506.2000000,513.8000000,506.2000000,511.0000000,12190
SFIN,D,20191227,000000,512.6000000,517.0000000,510.0000000,515.0000000,3117300
SFIN,D,20191230,000000,518.0000000,519.2000000,511.0000000,514.0000000,17240
SFIN,D,20200103,000000,505.2000000,535.0000000,505.0000000,535.0000000,11300
SFIN,D,20200106,000000,527.8000000,538.0000000,525.2000000,536.8000000,10070
SFIN,D,20200108,000000,538.8000000,541.4000000,537.4000000,539.0000000,12370
SFIN,D,20200109,000000,538.6000000,538.6000000,515.2000000,524.0000000,11630
SFIN,D,20200110,000000,534.6000000,539.6000000,514.0000000,514.0000000,18510
SFIN,D,20200113,000000,523.0000000,523.0000000,508.0000000,509.0000000,16750
SFIN,D,20200114,000000,512.8000000,520.0000000,512.8000000,513.6000000,21050
SFIN,D,20200115,000000,520.0000000,521.4000000,496.0000000,496.8000000,22490
SFIN,D,20200116,000000,504.4000000,508.0000000,488.0000000,501.6000000,16800
SFIN,D,20200117,000000,503.2000000,507.4000000,497.2000000,497.2000000,15370
SFIN,D,20200120,000000,503.6000000,509.8000000,501.0000000,501.0000000,14670
SFIN,D,20200121,000000,511.8000000,511.8000000,500.0000000,505.2000000,11020
SFIN,D,20200122,000000,515.0000000,515.0000000,499.0000000,500.8000000,10850
SFIN,D,20200123,000000,495.0000000,515.0000000,493.0000000,515.0000000,15620
SFIN,D,20200124,000000,505.4000000,515.0000000,502.0000000,506.0000000,9280
SFIN,D,20200127,000000,502.6000000,516.8000000,500.0000000,500.0000000,12550
SFIN,D,20200128,000000,507.2000000,507.6000000,495.4000000,496.2000000,14740
SFIN,D,20200129,000000,505.8000000,508.2000000,494.2000000,508.2000000,13280
SFIN,D,20200130,000000,501.0000000,506.6000000,499.4000000,505.0000000,7710
SFIN,D,20200131,000000,506.6000000,506.6000000,475.0000000,478.8000000,17530
SFIN,D,20200203,000000,470.0000000,489.2000000,470.0000000,482.0000000,15880
SFIN,D,20200204,000000,486.4000000,491.6000000,485.0000000,488.4000000,11490
SFIN,D,20200205,000000,489.0000000,498.8000000,485.8000000,498.8000000,12540
SFIN,D,20200206,000000,497.0000000,497.2000000,487.2000000,496.4000000,11100
SFIN,D,20200207,000000,500.8000000,500.8000000,487.2000000,489.6000000,11220
SFIN,D,20200210,000000,490.6000000,491.6000000,482.2000000,483.2000000,12540
SFIN,D,20200211,000000,492.0000000,500.8000000,484.8000000,500.8000000,15800
SFIN,D,20200212,000000,504.0000000,504.6000000,496.2000000,498.2000000,13430
SFIN,D,20200213,000000,499.4000000,500.0000000,490.2000000,496.4000000,10610
SFIN,D,20200214,000000,500.4000000,500.4000000,493.0000000,497.8000000,10510
SFIN,D,20200217,000000,496.4000000,499.8000000,495.6000000,496.2000000,10360
SFIN,D,20200218,000000,499.8000000,501.0000000,495.6000000,498.0000000,10520
SFIN,D,20200219,000000,499.6000000,500.0000000,497.6000000,499.8000000,10540
SFIN,D,20200220,000000,495.2000000,510.2000000,495.2000000,505.2000000,24590
SFIN,D,20200221,000000,501.8000000,501.8000000,492.6000000,497.8000000,24610
SFIN,D,20200225,000000,490.0000000,509.2000000,490.0000000,503.2000000,10310
SFIN,D,20200226,000000,495.0000000,520.0000000,495.0000000,513.0000000,17380
SFIN,D,20200227,000000,496.8000000,520.0000000,496.8000000,513.4000000,18370
SFIN,D,20200228,000000,504.6000000,515.8000000,480.0000000,509.2000000,18210
SFIN,D,20200302,000000,509.2000000,511.8000000,494.4000000,509.8000000,11050
SFIN,D,20200303,000000,496.2000000,506.0000000,496.2000000,502.8000000,12160
SFIN,D,20200304,000000,497.8000000,515.0000000,497.8000000,514.6000000,9780
SFIN,D,20200305,000000,500.2000000,515.2000000,500.2000000,502.2000000,15800
SFIN,D,20200306,000000,503.8000000,515.0000000,498.0000000,515.0000000,14330
SFIN,D,20200310,000000,483.0000000,503.0000000,482.4000000,491.8000000,10190
SFIN,D,20200311,000000,495.8000000,499.6000000,491.0000000,491.0000000,10730
SFIN,D,20200312,000000,475.2000000,481.0000000,471.8000000,478.0000000,10780
SFIN,D,20200313,000000,476.2000000,477.0000000,468.0000000,468.0000000,7240
SFIN,D,20200316,000000,465.2000000,473.6000000,423.8000000,450.6000000,16080
SFIN,D,20200317,000000,458.4000000,500.2000000,458.4000000,490.0000000,7160
SFIN,D,20200318,000000,485.0000000,499.0000000,453.0000000,481.6000000,2800
SFIN,D,20200319,000000,491.0000000,491.0000000,470.6000000,470.6000000,800
SFIN,D,20200320,000000,447.2000000,492.0000000,447.2000000,451.8000000,396470
SFIN,D,20200323,000000,452.8000000,478.8000000,451.2000000,451.2000000,11230
SFIN,D,20200324,000000,459.8000000,479.8000000,459.8000000,461.0000000,11670
SFIN,D,20200325,000000,473.6000000,479.4000000,460.6000000,477.0000000,11120
SFIN,D,20200326,000000,462.4000000,470.0000000,462.4000000,464.2000000,11690
SFIN,D,20200327,000000,477.0000000,477.0000000,453.0000000,453.0000000,13990
SFIN,D,20200330,000000,459.6000000,468.2000000,453.0000000,462.0000000,11740
SFIN,D,20200331,000000,462.2000000,469.6000000,458.0000000,469.6000000,17810
SFIN,D,20200401,000000,470.2000000,470.2000000,453.4000000,457.0000000,12320
SFIN,D,20200402,000000,461.8000000,469.0000000,453.4000000,454.0000000,13700
SFIN,D,20200403,000000,460.6000000,460.6000000,452.4000000,452.4000000,12210
SFIN,D,20200406,000000,455.0000000,458.8000000,452.0000000,453.0000000,14700
SFIN,D,20200407,000000,459.0000000,459.0000000,451.4000000,452.0000000,13870
SFIN,D,20200408,000000,458.6000000,458.6000000,451.2000000,455.8000000,14230
SFIN,D,20200409,000000,453.0000000,461.0000000,451.4000000,452.8000000,12900
SFIN,D,20200410,000000,455.0000000,458.0000000,452.8000000,457.6000000,14430
SFIN,D,20200413,000000,459.4000000,459.4000000,452.2000000,452.6000000,12060
SFIN,D,20200414,000000,452.4000000,453.0000000,446.0000000,446.4000000,13330
SFIN,D,20200415,000000,449.0000000,454.2000000,446.2000000,446.2000000,12050
SFIN,D,20200416,000000,447.0000000,457.0000000,446.0000000,451.4000000,12590
SFIN,D,20200417,000000,455.8000000,455.8000000,445.2000000,448.4000000,12050
SFIN,D,20200420,000000,445.0000000,449.8000000,437.0000000,441.8000000,12980
SFIN,D,20200421,000000,447.2000000,447.2000000,425.8000000,429.8000000,13460
SFIN,D,20200422,000000,433.0000000,443.6000000,433.0000000,438.0000000,11810
SFIN,D,20200423,000000,437.2000000,438.0000000,433.0000000,434.0000000,11390
SFIN,D,20200424,000000,435.2000000,440.0000000,431.8000000,432.2000000,12580
SFIN,D,20200427,000000,439.4000000,439.6000000,430.0000000,430.0000000,14260
SFIN,D,20200428,000000,435.0000000,435.4000000,430.0000000,430.0000000,12760
SFIN,D,20200429,000000,428.2000000,435.8000000,417.0000000,430.0000000,13150
SFIN,D,20200430,000000,434.0000000,435.2000000,426.0000000,426.0000000,15070
SFIN,D,20200504,000000,430.2000000,431.8000000,427.4000000,430.2000000,12050
SFIN,D,20200505,000000,430.0000000,435.8000000,430.0000000,430.4000000,11270
SFIN,D,20200506,000000,434.6000000,435.2000000,425.0000000,425.0000000,14320
SFIN,D,20200507,000000,440.0000000,484.0000000,436.0000000,469.8000000,131610
SFIN,D,20200508,000000,470.6000000,470.6000000,455.6000000,465.2000000,22040
SFIN,D,20200512,000000,473.6000000,473.6000000,453.6000000,464.4000000,15190
SFIN,D,20200513,000000,462.4000000,467.8000000,462.4000000,467.2000000,11770
SFIN,D,20200514,000000,465.2000000,465.2000000,443.2000000,446.2000000,15350
SFIN,D,20200515,000000,450.0000000,452.8000000,440.0000000,440.4000000,11300
SFIN,D,20200518,000000,432.8000000,447.2000000,423.0000000,424.0000000,31450
SFIN,D,20200519,000000,424.0000000,428.0000000,405.0000000,405.0000000,50450
SFIN,D,20200520,000000,409.8000000,413.8000000,405.0000000,407.0000000,18090
SFIN,D,20200521,000000,410.0000000,423.4000000,406.0000000,406.0000000,27260
SFIN,D,20200522,000000,408.6000000,419.0000000,404.0000000,406.8000000,19810
SFIN,D,20200525,000000,414.6000000,415.0000000,409.0000000,411.8000000,13150
SFIN,D,20200526,000000,411.2000000,412.4000000,402.2000000,408.0000000,591690
SFIN,D,20200527,000000,412.6000000,415.6000000,406.6000000,408.4000000,16650
SFIN,D,20200528,000000,409.4000000,414.0000000,407.0000000,408.8000000,55540
SFIN,D,20200529,000000,411.0000000,414.2000000,396.4000000,396.4000000,322530
SFIN,D,20200601,000000,405.0000000,423.8000000,405.0000000,416.0000000,42080
SFIN,D,20200602,000000,419.0000000,419.0000000,409.2000000,409.8000000,164320
SFIN,D,20200603,000000,410.6000000,453.0000000,410.0000000,450.0000000,285960
SFIN,D,20200604,000000,465.4000000,465.4000000,453.0000000,453.0000000,202010
SFIN,D,20200605,000000,461.8000000,464.6000000,453.6000000,455.0000000,32970
SFIN,D,20200608,000000,460.0000000,473.6000000,459.2000000,467.6000000,62560
SFIN,D,20200609,000000,467.0000000,469.0000000,463.0000000,463.2000000,51950
SFIN,D,20200610,000000,474.0000000,474.0000000,461.0000000,461.0000000,27590
SFIN,D,20200611,000000,468.0000000,468.0000000,461.0000000,462.0000000,100780
SFIN,D,20200615,000000,476.0000000,476.0000000,462.4000000,462.6000000,11350
SFIN,D,20200616,000000,469.4000000,469.4000000,462.6000000,462.8000000,11150
SFIN,D,20200617,000000,463.2000000,470.2000000,460.8000000,460.8000000,43780
SFIN,D,20200618,000000,459.4000000,467.0000000,458.4000000,459.0000000,12270
SFIN,D,20200619,000000,458.4000000,464.0000000,443.0000000,452.6000000,50580
SFIN,D,20200622,000000,465.8000000,466.0000000,450.0000000,452.6000000,41820
SFIN,D,20200623,000000,465.2000000,465.2000000,453.0000000,454.0000000,10410
SFIN,D,20200625,000000,458.6000000,458.8000000,453.8000000,454.4000000,21730
SFIN,D,20200626,000000,462.4000000,462.6000000,453.2000000,459.0000000,12410
SFIN,D,20200629,000000,463.6000000,465.0000000,456.0000000,456.0000000,15240
SFIN,D,20200630,000000,463.8000000,463.8000000,456.0000000,456.0000000,21000
SFIN,D,20200702,000000,457.0000000,466.6000000,457.0000000,460.0000000,11350
SFIN,D,20200703,000000,467.8000000,467.8000000,458.4000000,459.0000000,12870
SFIN,D,20200706,000000,464.8000000,465.8000000,460.0000000,461.0000000,30780
SFIN,D,20200707,000000,466.0000000,466.0000000,458.0000000,458.0000000,30620
SFIN,D,20200708,000000,463.8000000,463.8000000,456.6000000,456.8000000,29650
SFIN,D,20200709,000000,456.6000000,466.6000000,456.6000000,465.4000000,98270
SFIN,D,20200710,000000,457.4000000,462.0000000,456.8000000,457.0000000,40090
SFIN,D,20200713,000000,461.6000000,462.0000000,455.8000000,458.0000000,33580
SFIN,D,20200714,000000,462.0000000,532.6000000,459.8000000,512.8000000,383650
SFIN,D,20200715,000000,512.8000000,514.4000000,510.0000000,512.0000000,243890
SFIN,D,20200716,000000,514.0000000,514.0000000,512.0000000,512.6000000,123880
SFIN,D,20200717,000000,512.8000000,514.0000000,512.4000000,512.8000000,260210
SFIN,D,20200720,000000,513.6000000,515.8000000,512.4000000,512.6000000,78710
SFIN,D,20200721,000000,513.4000000,514.0000000,512.6000000,513.0000000,128450
SFIN,D,20200722,000000,514.6000000,515.8000000,513.0000000,513.0000000,120750
SFIN,D,20200723,000000,515.4000000,516.8000000,514.0000000,516.8000000,54820
SFIN,D,20200724,000000,516.8000000,519.4000000,514.6000000,519.4000000,18050
SFIN,D,20200727,000000,518.2000000,520.8000000,518.0000000,518.0000000,156990
SFIN,D,20200728,000000,518.4000000,519.2000000,518.4000000,518.4000000,131050
SFIN,D,20200729,000000,519.0000000,519.2000000,518.0000000,519.0000000,70530
SFIN,D,20200730,000000,519.6000000,519.6000000,518.0000000,518.8000000,69110
SFIN,D,20200731,000000,518.2000000,520.4000000,518.2000000,519.2000000,34620
SFIN,D,20200803,000000,520.2000000,521.4000000,519.8000000,521.0000000,12940
SFIN,D,20200804,000000,521.2000000,523.0000000,521.0000000,522.4000000,37540
SFIN,D,20200805,000000,523.4000000,523.6000000,522.0000000,523.6000000,46650
SFIN,D,20200806,000000,522.4000000,523.6000000,522.4000000,523.2000000,1280
SFIN,D,20200807,000000,523.6000000,524.6000000,523.4000000,524.0000000,39530
SFIN,D,20200810,000000,524.6000000,524.6000000,523.4000000,524.6000000,9610
SFIN,D,20200811,000000,523.4000000,524.2000000,520.0000000,524.0000000,24600
SFIN,D,20200812,000000,523.0000000,524.6000000,522.6000000,524.4000000,12790
SFIN,D,20200813,000000,524.0000000,525.6000000,524.0000000,525.4000000,132880
SFIN,D,20200814,000000,525.0000000,525.8000000,524.2000000,525.8000000,17170
SFIN,D,20200817,000000,524.4000000,526.0000000,524.4000000,526.0000000,11590
SFIN,D,20200818,000000,525.4000000,526.8000000,525.4000000,526.6000000,19380
SFIN,D,20200819,000000,526.8000000,527.4000000,526.0000000,527.4000000,49770
SFIN,D,20200820,000000,528.8000000,530.0000000,526.4000000,527.6000000,9140
SFIN,D,20200821,000000,527.4000000,528.8000000,527.0000000,528.6000000,54180
SFIN,D,20200824,000000,528.4000000,528.8000000,528.0000000,528.8000000,14970
SFIN,D,20200825,000000,528.2000000,530.0000000,528.2000000,529.6000000,43460
SFIN,D,20200826,000000,529.8000000,529.8000000,528.6000000,529.0000000,12340
SFIN,D,20200827,000000,528.8000000,529.2000000,528.8000000,529.0000000,3970
SFIN,D,20200828,000000,527.0000000,529.2000000,527.0000000,529.0000000,1570
SFIN,D,20200831,000000,529.2000000,529.4000000,527.0000000,528.2000000,11510
SFIN,D,20200901,000000,528.8000000,529.2000000,528.0000000,528.6000000,5760
SFIN,D,20200902,000000,528.2000000,528.8000000,527.8000000,528.2000000,135230
SFIN,D,20200903,000000,527.2000000,528.2000000,522.4000000,528.0000000,13410
SFIN,D,20200904,000000,524.2000000,528.8000000,524.2000000,528.4000000,7820
SFIN,D,20200907,000000,528.8000000,529.0000000,528.0000000,529.0000000,5910
SFIN,D,20200908,000000,527.4000000,529.2000000,527.4000000,528.2000000,68150
SFIN,D,20200909,000000,528.8000000,528.8000000,528.2000000,528.2000000,60490
SFIN,D,20200910,000000,527.0000000,529.0000000,527.0000000,528.6000000,58890
SFIN,D,20200911,000000,528.2000000,529.0000000,528.2000000,528.8000000,178880
SFIN,D,20200914,000000,529.8000000,529.8000000,528.2000000,528.4000000,14290
SFIN,D,20200915,000000,525.0000000,531.4000000,525.0000000,530.2000000,310520
SFIN,D,20200916,000000,530.4000000,530.4000000,529.2000000,529.8000000,94890
SFIN,D,20200917,000000,525.0000000,529.4000000,525.0000000,529.0000000,6160
SFIN,D,20200918,000000,526.0000000,529.4000000,511.2000000,511.2000000,7560
SFIN,D,20200921,000000,523.2000000,530.2000000,498.2000000,505.8000000,6160
SFIN,D,20200922,000000,503.8000000,520.4000000,503.8000000,512.8000000,6090
SFIN,D,20200923,000000,530.8000000,530.8000000,502.0000000,515.0000000,6580
SFIN,D,20200924,000000,503.4000000,522.0000000,500.4000000,501.0000000,890
SFIN,D,20200925,000000,492.6000000,508.6000000,485.0000000,494.4000000,5300
SFIN,D,20200928,000000,494.4000000,509.0000000,490.2000000,499.8000000,7320
SFIN,D,20200929,000000,500.0000000,502.0000000,488.6000000,488.6000000,520
SFIN,D,20200930,000000,483.4000000,509.0000000,481.4000000,482.6000000,4410
SFIN,D,20201001,000000,480.6000000,482.0000000,471.2000000,477.8000000,1460
SFIN,D,20201002,000000,474.4000000,474.4000000,468.2000000,472.0000000,600
SFIN,D,20201005,000000,494.8000000,495.0000000,466.6000000,466.6000000,2390
SFIN,D,20201006,000000,469.4000000,479.8000000,468.2000000,476.8000000,930
SFIN,D,20201007,000000,476.0000000,477.0000000,466.6000000,475.4000000,1200
SFIN,D,20201008,000000,475.8000000,479.0000000,473.0000000,473.0000000,410
SFIN,D,20201009,000000,470.4000000,479.0000000,469.8000000,476.6000000,3060
SFIN,D,20201012,000000,467.4000000,481.4000000,462.6000000,480.4000000,1240
SFIN,D,20201013,000000,465.2000000,483.8000000,465.2000000,480.8000000,2850
SFIN,D,20201014,000000,478.2000000,484.2000000,476.8000000,483.6000000,2170
SFIN,D,20201015,000000,508.6000000,519.4000000,467.8000000,481.2000000,2740
SFIN,D,20201016,000000,485.0000000,506.2000000,480.0000000,485.6000000,2090
SFIN,D,20201019,000000,467.2000000,506.4000000,467.2000000,488.0000000,2100
SFIN,D,20201020,000000,489.4000000,489.4000000,472.6000000,478.2000000,2960
SFIN,D,20201021,000000,466.6000000,483.4000000,466.6000000,480.2000000,2690
SFIN,D,20201022,000000,484.2000000,484.2000000,476.0000000,476.0000000,3020
SFIN,D,20201023,000000,475.6000000,491.0000000,475.6000000,480.4000000,3010
SFIN,D,20201026,000000,470.0000000,489.0000000,470.0000000,479.2000000,2180
SFIN,D,20201027,000000,470.2000000,487.2000000,470.2000000,472.8000000,2720
SFIN,D,20201028,000000,465.8000000,478.0000000,465.8000000,469.0000000,2470
SFIN,D,20201029,000000,462.0000000,479.0000000,462.0000000,462.2000000,1800
SFIN,D,20201030,000000,459.0000000,466.2000000,455.0000000,455.0000000,820
SFIN,D,20201102,000000,450.2000000,462.0000000,450.2000000,460.2000000,1840
SFIN,D,20201103,000000,466.8000000,466.8000000,450.0000000,450.0000000,2870
SFIN,D,20201105,000000,465.0000000,465.0000000,455.6000000,460.8000000,2560
SFIN,D,20201106,000000,452.2000000,464.0000000,452.2000000,457.4000000,3030
SFIN,D,20201109,000000,462.8000000,467.6000000,459.4000000,467.6000000,3350
SFIN,D,20201110,000000,465.8000000,468.6000000,459.8000000,460.6000000,2310
SFIN,D,20201111,000000,460.8000000,471.0000000,459.2000000,466.4000000,4190
SFIN,D,20201112,000000,460.6000000,463.4000000,459.0000000,463.4000000,2180
SFIN,D,20201113,000000,463.2000000,465.0000000,457.4000000,460.6000000,4220
SFIN,D,20201116,000000,462.0000000,478.8000000,460.0000000,468.2000000,1690
SFIN,D,20201117,000000,468.2000000,468.2000000,461.0000000,464.6000000,2190
SFIN,D,20201118,000000,463.4000000,465.0000000,462.4000000,464.0000000,610
SFIN,D,20201119,000000,465.2000000,465.2000000,461.8000000,463.6000000,2220
SFIN,D,20201120,000000,463.6000000,463.6000000,462.2000000,462.2000000,180
SFIN,D,20201123,000000,465.0000000,473.0000000,463.6000000,465.8000000,5710
SFIN,D,20201124,000000,466.2000000,470.4000000,466.0000000,467.2000000,360
SFIN,D,20201125,000000,465.8000000,470.0000000,465.8000000,469.2000000,2150
SFIN,D,20201126,000000,468.0000000,471.6000000,464.0000000,466.0000000,2640
SFIN,D,20201127,000000,465.4000000,466.4000000,464.2000000,466.0000000,360
SFIN,D,20201130,000000,467.2000000,473.0000000,467.2000000,467.4000000,2690
SFIN,D,20201201,000000,470.6000000,476.0000000,470.6000000,475.0000000,1450
SFIN,D,20201202,000000,473.8000000,476.2000000,471.4000000,476.0000000,2130
SFIN,D,20201203,000000,476.4000000,500.0000000,476.4000000,496.6000000,2440
SFIN,D,20201204,000000,496.8000000,511.8000000,496.8000000,504.4000000,2590
SFIN,D,20201207,000000,503.2000000,503.8000000,490.0000000,496.0000000,2670
SFIN,D,20201208,000000,494.6000000,495.8000000,488.2000000,493.2000000,270
SFIN,D,20201209,000000,491.6000000,497.4000000,491.6000000,497.4000000,460
SFIN,D,20201210,000000,497.2000000,497.4000000,480.2000000,486.8000000,650
SFIN,D,20201211,000000,488.2000000,497.0000000,488.2000000,491.4000000,190
SFIN,D,20201214,000000,492.8000000,518.8000000,467.2000000,482.0000000,80360
SFIN,D,20201215,000000,481.8000000,509.0000000,481.8000000,499.4000000,12810
SFIN,D,20201216,000000,500.4000000,505.6000000,498.4000000,504.0000000,4550
SFIN,D,20201217,000000,504.8000000,505.0000000,496.0000000,505.0000000,2190
SFIN,D,20201218,000000,505.6000000,505.6000000,493.0000000,499.4000000,73630
SFIN,D,20201221,000000,501.8000000,506.8000000,495.0000000,501.6000000,15020
SFIN,D,20201222,000000,500.0000000,501.4000000,496.0000000,500.8000000,5550
SFIN,D,20201223,000000,498.4000000,501.4000000,496.0000000,500.8000000,1890
SFIN,D,20201224,000000,502.0000000,503.8000000,496.6000000,503.0000000,14290
SFIN,D,20201225,000000,504.4000000,504.4000000,497.4000000,501.2000000,390
SFIN,D,20201228,000000,501.0000000,501.4000000,497.0000000,497.0000000,310
SFIN,D,20201229,000000,499.0000000,499.0000000,497.2000000,497.2000000,130
SFIN,D,20201230,000000,498.6000000,498.6000000,492.6000000,493.2000000,2060
